"","Unique Sample Identifier","Sampling Location","Matrix","Sediment type","Depth Sample (m)","Sampling Location specific","Mean slope","Depth river","Active overflow","Nearby vegetation","NaturalBank","width","meandering","Outside_insideBend","shortest distance from shore","radius (degree)","radius (km)","area (km²)","RWZI [nr]","Waste facilities [nr]","agriculture [km²]","industry  [km²]","transport  [km²]","urban  [km²]","water  [km²]","nature  [km²]","recreation  [km²]","waste  [km²]","human foot print","ecotope","pixels at flood risk","km² at flood risk","% buffer at flood risk","total flooding depth in buffer","average flooding depth in buffer","pop20","pop22","pop21","Pop_AVG","pop_dens","tot_precip","mean_temp","mean_windspeed","mean_winddirection","mean_pressure","mean_cloudiness","tot_precip_mean","mean_temp_mean","mean_windspeed_mean","mean_winddirection_mean","mean_pressure_mean","mean_cloudiness_mean","tot_precip_TOT"
"1","MAC_W_069","River Scheldt (Antwerpen)","Water","NA",1,"Antwerp",0.470055991739951,578,4,"No","No",440.237,"Yes","Middle",177.35,0.025,2.18509686118416,15,1,4,0,2.523,1.66,6.144,2.503,2.185,0.001,0,20.9269841269841,"Diep Subtidaal",111,1.41858,0.0374517457818045,381.646991938353,3.43826118863381,NA,NA,NA,NA,38844,0,4.02173913043477,4.34782608695651,215.217391304348,1012.52608695652,8,0,3.73502415458936,4.14371980676328,215.905797101449,1011.81147342995,6.86111111111111,0
"2","MAC_W_070","River Scheldt (Antwerpen)","Water","NA",1,"Antwerp",0.470055991739951,578,4,"No","No",440.237,"Yes","Middle",177.35,0.025,2.18509686118416,15,1,4,0,2.523,1.66,6.144,2.503,2.185,0.001,0,20.9269841269841,"Diep Subtidaal",111,1.41858,0.0374517457818045,381.646991938353,3.43826118863381,NA,NA,NA,NA,38844,0,4.02173913043477,4.34782608695651,215.217391304348,1012.52608695652,8,0,3.73502415458936,4.14371980676328,215.905797101449,1011.81147342995,6.86111111111111,0
"3","MAC_W_071","River Scheldt (Antwerpen)","Water","NA",1,"Antwerp",0.470055991739951,578,4,"No","No",440.237,"Yes","Middle",177.35,0.025,2.18509686118416,15,1,4,0,2.523,1.66,6.144,2.503,2.185,0.001,0,20.9269841269841,"Diep Subtidaal",111,1.41858,0.0374517457818045,381.646991938353,3.43826118863381,NA,NA,NA,NA,38844,0,4.02173913043477,4.34782608695651,215.217391304348,1012.52608695652,8,0,3.73502415458936,4.14371980676328,215.905797101449,1011.81147342995,6.86111111111111,0
"4","MAC_W_072","River Scheldt (Antwerpen)","Water","NA",1,"Antwerp",0.470055991739951,578,4,"No","No",440.237,"Yes","Middle",177.35,0.025,2.18509686118416,15,1,4,0,2.523,1.66,6.144,2.503,2.185,0.001,0,20.9269841269841,"Diep Subtidaal",111,1.41858,0.0374517457818045,381.646991938353,3.43826118863381,NA,NA,NA,NA,38844,0,4.02173913043477,4.34782608695651,215.217391304348,1012.52608695652,8,0,3.73502415458936,4.14371980676328,215.905797101449,1011.81147342995,6.86111111111111,0
"5","MAC_W_073","River Scheldt (Antwerpen)","Water","NA",1,"Antwerp",0.470055991739951,578,4,"No","No",440.237,"Yes","Middle",177.35,0.025,2.18509686118416,15,1,4,0,2.523,1.66,6.144,2.503,2.185,0.001,0,20.9269841269841,"Diep Subtidaal",111,1.41858,0.0374517457818045,381.646991938353,3.43826118863381,NA,NA,NA,NA,38844,0,4.02173913043477,4.34782608695651,215.217391304348,1012.52608695652,8,0,3.73502415458936,4.14371980676328,215.905797101449,1011.81147342995,6.86111111111111,0
"6","MIC_W_021","River Scheldt (Wintam)","Water","NA",1,"Wintam",0.578952432274277,1182,4,"Yes","Yes",162.84,"Yes","Middle",62.325,0.025,2.18509686118416,15,0,2,4.883,0.85,0,3.525,2.832,2.956,0,0,37.4145569620253,"Diep Subtidaal",550,7.029,0.185571713333265,1098.52699995786,1.9973218181052,NA,NA,NA,NA,14223,0,8.97173913043478,3.17391304347825,33.4782608695651,1018.3347826087,5.54545454545455,0,10.1653660349313,3.06117614269788,134.556856187291,1016.76020531401,6.15227526097092,0
"7","MIC_W_022","River Scheldt (Wintam)","Water","NA",1,"Wintam",0.578952432274277,1182,4,"Yes","Yes",162.84,"Yes","Middle",62.325,0.025,2.18509686118416,15,0,2,4.883,0.85,0,3.525,2.832,2.956,0,0,37.4145569620253,"Diep Subtidaal",550,7.029,0.185571713333265,1098.52699995786,1.9973218181052,NA,NA,NA,NA,14223,0,8.97173913043478,3.17391304347825,33.4782608695651,1018.3347826087,5.54545454545455,0,10.1653660349313,3.06117614269788,134.556856187291,1016.76020531401,6.15227526097092,0
"8","MAC_W_093","Port of Oostende (B)","Water","NA",1,"Ostend (B)",0.350893299484996,NA,0,"No","No",42.056,"No",NA,88.881,0.025,2.18509686118416,15,0,0,0.065,3.067,0.385,5.525,5.48,0.068,0.418,0,28.6181818181818,"Antropogeen",1,0.01278,0.000337403115151392,0.100000001490116,0.100000001490116,NA,NA,NA,NA,18379,0,13.5318181818182,1.81818181818181,170.47619047619,1022.00909090909,2.81818181818182,0,12.011994949495,2.70328282828283,165.376121463078,1026.62108585858,2.14772727272727,0
"9","MAC_W_094","Port of Oostende (B)","Water","NA",1,"Ostend (B)",0.350893299484996,NA,0,"No","No",42.056,"No",NA,88.881,0.025,2.18509686118416,15,0,0,0.065,3.067,0.385,5.525,5.48,0.068,0.418,0,28.6181818181818,"Antropogeen",1,0.01278,0.000337403115151392,0.100000001490116,0.100000001490116,NA,NA,NA,NA,18379,0,13.5318181818182,1.81818181818181,170.47619047619,1022.00909090909,2.81818181818182,0,12.011994949495,2.70328282828283,165.376121463078,1026.62108585858,2.14772727272727,0
"10","MIC_W_089","Port of Oostende (B)","Water","NA",1,"Ostend (B)",0.350893299484996,NA,0,"No","No",42.056,"No",NA,88.881,0.025,2.18509686118416,15,0,0,0.065,3.067,0.385,5.525,5.48,0.068,0.418,0,28.6181818181818,"Antropogeen",1,0.01278,0.000337403115151392,0.100000001490116,0.100000001490116,NA,NA,NA,NA,18379,0,13.5318181818182,1.81818181818181,170.47619047619,1022.00909090909,2.81818181818182,0,12.011994949495,2.70328282828283,165.376121463078,1026.62108585858,2.14772727272727,0
"11","MIC_W_090","Port of Oostende (B)","Water","NA",1,"Ostend (B)",0.350893299484996,NA,0,"No","No",42.056,"No",NA,88.881,0.025,2.18509686118416,15,0,0,0.065,3.067,0.385,5.525,5.48,0.068,0.418,0,28.6181818181818,"Antropogeen",1,0.01278,0.000337403115151392,0.100000001490116,0.100000001490116,NA,NA,NA,NA,18379,0,13.5318181818182,1.81818181818181,170.47619047619,1022.00909090909,2.81818181818182,0,12.011994949495,2.70328282828283,165.376121463078,1026.62108585858,2.14772727272727,0
"12","MIC_W_091","Port of Oostende (B)","Water","NA",1,"Ostend (B)",0.350893299484996,NA,0,"No","No",42.056,"No",NA,88.881,0.025,2.18509686118416,15,0,0,0.065,3.067,0.385,5.525,5.48,0.068,0.418,0,28.6181818181818,"Antropogeen",1,0.01278,0.000337403115151392,0.100000001490116,0.100000001490116,NA,NA,NA,NA,18379,0,13.5318181818182,1.81818181818181,170.47619047619,1022.00909090909,2.81818181818182,0,12.011994949495,2.70328282828283,165.376121463078,1026.62108585858,2.14772727272727,0
"13","MIC_W_092","Port of Oostende (B)","Water","NA",1,"Ostend (B)",0.350893299484996,NA,0,"No","No",42.056,"No",NA,88.881,0.025,2.18509686118416,15,0,0,0.065,3.067,0.385,5.525,5.48,0.068,0.418,0,28.6181818181818,"Antropogeen",1,0.01278,0.000337403115151392,0.100000001490116,0.100000001490116,NA,NA,NA,NA,18379,0,13.5318181818182,1.81818181818181,170.47619047619,1022.00909090909,2.81818181818182,0,12.011994949495,2.70328282828283,165.376121463078,1026.62108585858,2.14772727272727,0
"14","MIC_W_093","Port of Oostende (B)","Water","NA",1,"Ostend (B)",0.350893299484996,NA,0,"No","No",42.056,"No",NA,88.881,0.025,2.18509686118416,15,0,0,0.065,3.067,0.385,5.525,5.48,0.068,0.418,0,28.6181818181818,"Antropogeen",1,0.01278,0.000337403115151392,0.100000001490116,0.100000001490116,NA,NA,NA,NA,18379,0,13.5318181818182,1.81818181818181,170.47619047619,1022.00909090909,2.81818181818182,0,12.011994949495,2.70328282828283,165.376121463078,1026.62108585858,2.14772727272727,0
"15","MIC_W_094","Port of Oostende (B)","Water","NA",1,"Ostend (B)",0.350893299484996,NA,0,"No","No",42.056,"No",NA,88.881,0.025,2.18509686118416,15,0,0,0.065,3.067,0.385,5.525,5.48,0.068,0.418,0,28.6181818181818,"Antropogeen",1,0.01278,0.000337403115151392,0.100000001490116,0.100000001490116,NA,NA,NA,NA,18379,0,13.5318181818182,1.81818181818181,170.47619047619,1022.00909090909,2.81818181818182,0,12.011994949495,2.70328282828283,165.376121463078,1026.62108585858,2.14772727272727,0
"16","MIC_W_095","Port of Oostende (B)","Water","NA",1,"Ostend (B)",0.350893299484996,NA,0,"No","No",42.056,"No",NA,88.881,0.025,2.18509686118416,15,0,0,0.065,3.067,0.385,5.525,5.48,0.068,0.418,0,28.6181818181818,"Antropogeen",1,0.01278,0.000337403115151392,0.100000001490116,0.100000001490116,NA,NA,NA,NA,18379,0,13.5318181818182,1.81818181818181,170.47619047619,1022.00909090909,2.81818181818182,0,12.011994949495,2.70328282828283,165.376121463078,1026.62108585858,2.14772727272727,0
"17","MAC_W_095","Port of Oostende (B)","Water","NA",1,"Ostend (B)",0.350893299484996,NA,0,"No","No",42.056,"No",NA,88.881,0.025,2.18509686118416,15,0,0,0.065,3.067,0.385,5.525,5.48,0.068,0.418,0,28.6181818181818,"Antropogeen",1,0.01278,0.000337403115151392,0.100000001490116,0.100000001490116,NA,NA,NA,NA,18379,0,13.5318181818182,1.81818181818181,170.47619047619,1022.00909090909,2.81818181818182,0,12.011994949495,2.70328282828283,165.376121463078,1026.62108585858,2.14772727272727,0
"18","MAC_W_096","Port of Oostende (B)","Water","NA",1,"Ostend (B)",0.350893299484996,NA,0,"No","No",42.056,"No",NA,88.881,0.025,2.18509686118416,15,0,0,0.065,3.067,0.385,5.525,5.48,0.068,0.418,0,28.6181818181818,"Antropogeen",1,0.01278,0.000337403115151392,0.100000001490116,0.100000001490116,NA,NA,NA,NA,18379,0,13.5318181818182,1.81818181818181,170.47619047619,1022.00909090909,2.81818181818182,0,12.011994949495,2.70328282828283,165.376121463078,1026.62108585858,2.14772727272727,0
"19","MAC_W_097","Port of Oostende (B)","Water","NA",1,"Ostend (B)",0.350893299484996,NA,0,"No","No",42.056,"No",NA,88.881,0.025,2.18509686118416,15,0,0,0.065,3.067,0.385,5.525,5.48,0.068,0.418,0,28.6181818181818,"Antropogeen",1,0.01278,0.000337403115151392,0.100000001490116,0.100000001490116,NA,NA,NA,NA,18379,0,13.5318181818182,1.81818181818181,170.47619047619,1022.00909090909,2.81818181818182,0,12.011994949495,2.70328282828283,165.376121463078,1026.62108585858,2.14772727272727,0
"20","MAC_W_098","Port of Oostende (B)","Water","NA",1,"Ostend (B)",0.350893299484996,NA,0,"No","No",42.056,"No",NA,88.881,0.025,2.18509686118416,15,0,0,0.065,3.067,0.385,5.525,5.48,0.068,0.418,0,28.6181818181818,"Antropogeen",1,0.01278,0.000337403115151392,0.100000001490116,0.100000001490116,NA,NA,NA,NA,18379,0,13.5318181818182,1.81818181818181,170.47619047619,1022.00909090909,2.81818181818182,0,12.011994949495,2.70328282828283,165.376121463078,1026.62108585858,2.14772727272727,0
"21","MAC_W_099","Port of Oostende (B)","Water","NA",1,"Ostend (B)",0.350893299484996,NA,0,"No","No",42.056,"No",NA,88.881,0.025,2.18509686118416,15,0,0,0.065,3.067,0.385,5.525,5.48,0.068,0.418,0,28.6181818181818,"Antropogeen",1,0.01278,0.000337403115151392,0.100000001490116,0.100000001490116,NA,NA,NA,NA,18379,0,13.5318181818182,1.81818181818181,170.47619047619,1022.00909090909,2.81818181818182,0,12.011994949495,2.70328282828283,165.376121463078,1026.62108585858,2.14772727272727,0
"22","MIC_W_029","River Scheldt (Wintam)","Water","NA",1,"Wintam",0.578952432274277,1182,4,"Yes","Yes",162.84,"Yes","Middle",62.325,0.025,2.18509686118416,15,0,2,4.883,0.85,0,3.525,2.832,2.956,0,0,37.4145569620253,"Diep Subtidaal",550,7.029,0.185571713333265,1098.52699995786,1.9973218181052,NA,NA,NA,NA,14223,0,9.71818181818182,3.54545454545454,54.0909090909091,1021.05909090908,6.54545454545455,0,9.7021958717611,3.44812252964426,71.6897233201581,1017.24656895037,6.21870882740448,0
"23","MIC_W_030","River Scheldt (Wintam)","Water","NA",1,"Wintam",0.578952432274277,1182,4,"Yes","Yes",162.84,"Yes","Middle",62.325,0.025,2.18509686118416,15,0,2,4.883,0.85,0,3.525,2.832,2.956,0,0,37.4145569620253,"Diep Subtidaal",550,7.029,0.185571713333265,1098.52699995786,1.9973218181052,NA,NA,NA,NA,14223,0,9.71818181818182,3.54545454545454,54.0909090909091,1021.05909090908,6.54545454545455,0,9.7021958717611,3.44812252964426,71.6897233201581,1017.24656895037,6.21870882740448,0
"24","MIC_W_031","River Scheldt (Wintam)","Water","NA",1,"Wintam",0.578952432274277,1182,4,"Yes","Yes",162.84,"Yes","Middle",62.325,0.025,2.18509686118416,15,0,2,4.883,0.85,0,3.525,2.832,2.956,0,0,37.4145569620253,"Diep Subtidaal",550,7.029,0.185571713333265,1098.52699995786,1.9973218181052,NA,NA,NA,NA,14223,0,9.71818181818182,3.54545454545454,54.0909090909091,1021.05909090908,6.54545454545455,0,9.7021958717611,3.44812252964426,71.6897233201581,1017.24656895037,6.21870882740448,0
"25","MIC_W_032","River Scheldt (Wintam)","Water","NA",1,"Wintam",0.578952432274277,1182,4,"Yes","Yes",162.84,"Yes","Middle",62.325,0.025,2.18509686118416,15,0,2,4.883,0.85,0,3.525,2.832,2.956,0,0,37.4145569620253,"Diep Subtidaal",550,7.029,0.185571713333265,1098.52699995786,1.9973218181052,NA,NA,NA,NA,14223,0,9.71818181818182,3.54545454545454,54.0909090909091,1021.05909090908,6.54545454545455,0,9.7021958717611,3.44812252964426,71.6897233201581,1017.24656895037,6.21870882740448,0
"26","MIC_W_033","River Scheldt (Wintam)","Water","NA",1,"Wintam",0.578952432274277,1182,4,"Yes","Yes",162.84,"Yes","Middle",62.325,0.025,2.18509686118416,15,0,2,4.883,0.85,0,3.525,2.832,2.956,0,0,37.4145569620253,"Diep Subtidaal",550,7.029,0.185571713333265,1098.52699995786,1.9973218181052,NA,NA,NA,NA,14223,0,9.71818181818182,3.54545454545454,54.0909090909091,1021.05909090908,6.54545454545455,0,9.7021958717611,3.44812252964426,71.6897233201581,1017.24656895037,6.21870882740448,0
"27","MAC_W_057","Port of Nieuwpoort (B)","Water","NA",1,"Nieuwpoort (B)",0.415132728478322,NA,0,"No","No",13.162,"No",NA,61.83,0.025,2.18509686118416,15,0,0,3.941,1.458,0,4.374,2.709,1.141,1.413,0,47.25,"Antropogeen",NA,0,0,NA,NA,NA,NA,NA,NA,4439,10,15.85,4.75,204.166666666667,1002.93333333333,6.625,3.46666666666667,14.6819444444445,3,211.342775581906,1010.28055555555,3,10.4
"28","MAC_W_058","Port of Nieuwpoort (B)","Water","NA",1,"Nieuwpoort (B)",0.415132728478322,NA,0,"No","No",13.162,"No",NA,61.83,0.025,2.18509686118416,15,0,0,3.941,1.458,0,4.374,2.709,1.141,1.413,0,47.25,"Antropogeen",NA,0,0,NA,NA,NA,NA,NA,NA,4439,10,15.85,4.75,204.166666666667,1002.93333333333,6.625,3.46666666666667,14.6819444444445,3,211.342775581906,1010.28055555555,3,10.4
"29","MAC_W_059","Port of Nieuwpoort (B)","Water","NA",1,"Nieuwpoort (B)",0.415132728478322,NA,0,"No","No",13.162,"No",NA,61.83,0.025,2.18509686118416,15,0,0,3.941,1.458,0,4.374,2.709,1.141,1.413,0,47.25,"Antropogeen",NA,0,0,NA,NA,NA,NA,NA,NA,4439,10,15.85,4.75,204.166666666667,1002.93333333333,6.625,3.46666666666667,14.6819444444445,3,211.342775581906,1010.28055555555,3,10.4
"30","MAC_W_060","Port of Nieuwpoort (B)","Water","NA",1,"Nieuwpoort (B)",0.415132728478322,NA,0,"No","No",13.162,"No",NA,61.83,0.025,2.18509686118416,15,0,0,3.941,1.458,0,4.374,2.709,1.141,1.413,0,47.25,"Antropogeen",NA,0,0,NA,NA,NA,NA,NA,NA,4439,10,15.85,4.75,204.166666666667,1002.93333333333,6.625,3.46666666666667,14.6819444444445,3,211.342775581906,1010.28055555555,3,10.4
"31","MAC_W_061","Port of Nieuwpoort (B)","Water","NA",1,"Nieuwpoort (B)",0.415132728478322,NA,0,"No","No",13.162,"No",NA,61.83,0.025,2.18509686118416,15,0,0,3.941,1.458,0,4.374,2.709,1.141,1.413,0,47.25,"Antropogeen",NA,0,0,NA,NA,NA,NA,NA,NA,4439,10,15.85,4.75,204.166666666667,1002.93333333333,6.625,3.46666666666667,14.6819444444445,3,211.342775581906,1010.28055555555,3,10.4
"32","MAC_W_062","Port of Nieuwpoort (B)","Water","NA",1,"Nieuwpoort (B)",0.415132728478322,NA,0,"No","No",13.162,"No",NA,61.83,0.025,2.18509686118416,15,0,0,3.941,1.458,0,4.374,2.709,1.141,1.413,0,47.25,"Antropogeen",NA,0,0,NA,NA,NA,NA,NA,NA,4439,10,15.85,4.75,204.166666666667,1002.93333333333,6.625,3.46666666666667,14.6819444444445,3,211.342775581906,1010.28055555555,3,10.4
"33","MAC_W_063","Port of Nieuwpoort (B)","Water","NA",1,"Nieuwpoort (B)",0.415132728478322,NA,0,"No","No",13.162,"No",NA,61.83,0.025,2.18509686118416,15,0,0,3.941,1.458,0,4.374,2.709,1.141,1.413,0,47.25,"Antropogeen",NA,0,0,NA,NA,NA,NA,NA,NA,4439,10,15.85,4.75,204.166666666667,1002.93333333333,6.625,3.46666666666667,14.6819444444445,3,211.342775581906,1010.28055555555,3,10.4
"34","MIC_W_057","Port of Nieuwpoort (B)","Water","NA",1,"Nieuwpoort (B)",0.415132728478322,NA,0,"No","No",13.162,"No",NA,61.83,0.025,2.18509686118416,15,0,0,3.941,1.458,0,4.374,2.709,1.141,1.413,0,47.25,"Antropogeen",NA,0,0,NA,NA,NA,NA,NA,NA,4439,10,15.85,4.75,204.166666666667,1002.93333333333,6.625,3.46666666666667,14.6819444444445,3,211.342775581906,1010.28055555555,3,10.4
"35","MIC_W_058","Port of Nieuwpoort (B)","Water","NA",1,"Nieuwpoort (B)",0.415132728478322,NA,0,"No","No",13.162,"No",NA,61.83,0.025,2.18509686118416,15,0,0,3.941,1.458,0,4.374,2.709,1.141,1.413,0,47.25,"Antropogeen",NA,0,0,NA,NA,NA,NA,NA,NA,4439,10,15.85,4.75,204.166666666667,1002.93333333333,6.625,3.46666666666667,14.6819444444445,3,211.342775581906,1010.28055555555,3,10.4
"36","MIC_W_059","Port of Nieuwpoort (B)","Water","NA",1,"Nieuwpoort (B)",0.415132728478322,NA,0,"No","No",13.162,"No",NA,61.83,0.025,2.18509686118416,15,0,0,3.941,1.458,0,4.374,2.709,1.141,1.413,0,47.25,"Antropogeen",NA,0,0,NA,NA,NA,NA,NA,NA,4439,10,15.85,4.75,204.166666666667,1002.93333333333,6.625,3.46666666666667,14.6819444444445,3,211.342775581906,1010.28055555555,3,10.4
"37","MIC_W_060","Port of Nieuwpoort (B)","Water","NA",1,"Nieuwpoort (B)",0.415132728478322,NA,0,"No","No",13.162,"No",NA,61.83,0.025,2.18509686118416,15,0,0,3.941,1.458,0,4.374,2.709,1.141,1.413,0,47.25,"Antropogeen",NA,0,0,NA,NA,NA,NA,NA,NA,4439,10,15.85,4.75,204.166666666667,1002.93333333333,6.625,3.46666666666667,14.6819444444445,3,211.342775581906,1010.28055555555,3,10.4
"38","MIC_W_061","Port of Nieuwpoort (B)","Water","NA",1,"Nieuwpoort (B)",0.415132728478322,NA,0,"No","No",13.162,"No",NA,61.83,0.025,2.18509686118416,15,0,0,3.941,1.458,0,4.374,2.709,1.141,1.413,0,47.25,"Antropogeen",NA,0,0,NA,NA,NA,NA,NA,NA,4439,10,15.85,4.75,204.166666666667,1002.93333333333,6.625,3.46666666666667,14.6819444444445,3,211.342775581906,1010.28055555555,3,10.4
"39","MIC_W_062","Port of Nieuwpoort (B)","Water","NA",1,"Nieuwpoort (B)",0.415132728478322,NA,0,"No","No",13.162,"No",NA,61.83,0.025,2.18509686118416,15,0,0,3.941,1.458,0,4.374,2.709,1.141,1.413,0,47.25,"Antropogeen",NA,0,0,NA,NA,NA,NA,NA,NA,4439,10,15.85,4.75,204.166666666667,1002.93333333333,6.625,3.46666666666667,14.6819444444445,3,211.342775581906,1010.28055555555,3,10.4
"40","MIC_W_063","Port of Nieuwpoort (B)","Water","NA",1,"Nieuwpoort (B)",0.415132728478322,NA,0,"No","No",13.162,"No",NA,61.83,0.025,2.18509686118416,15,0,0,3.941,1.458,0,4.374,2.709,1.141,1.413,0,47.25,"Antropogeen",NA,0,0,NA,NA,NA,NA,NA,NA,4439,10,15.85,4.75,204.166666666667,1002.93333333333,6.625,3.46666666666667,14.6819444444445,3,211.342775581906,1010.28055555555,3,10.4
"41","MIC_W_120","Port of Oostende (B)","Water","NA",1,"Ostend (B)",0.350893299484996,NA,0,"No","No",42.056,"No",NA,88.881,0.025,2.18509686118416,15,0,0,0.065,3.067,0.385,5.525,5.48,0.068,0.418,0,28.6181818181818,"Antropogeen",1,0.01278,0.000337403115151392,0.100000001490116,0.100000001490116,NA,NA,NA,NA,18337,2,11.1409090909091,3.04545454545454,298.636363636364,1023.35909090909,4.72727272727273,0.666666666666667,9.88484848484849,3.07828282828282,192.239898989899,1021.59267676768,5.53282828282828,2
"42","MIC_W_121","Port of Oostende (B)","Water","NA",1,"Ostend (B)",0.350893299484996,NA,0,"No","No",42.056,"No",NA,88.881,0.025,2.18509686118416,15,0,0,0.065,3.067,0.385,5.525,5.48,0.068,0.418,0,28.6181818181818,"Antropogeen",1,0.01278,0.000337403115151392,0.100000001490116,0.100000001490116,NA,NA,NA,NA,18337,2,11.1409090909091,3.04545454545454,298.636363636364,1023.35909090909,4.72727272727273,0.666666666666667,9.88484848484849,3.07828282828282,192.239898989899,1021.59267676768,5.53282828282828,2
"43","MIC_W_122","Port of Oostende (B)","Water","NA",1,"Ostend (B)",0.350893299484996,NA,0,"No","No",42.056,"No",NA,88.881,0.025,2.18509686118416,15,0,0,0.065,3.067,0.385,5.525,5.48,0.068,0.418,0,28.6181818181818,"Antropogeen",1,0.01278,0.000337403115151392,0.100000001490116,0.100000001490116,NA,NA,NA,NA,18337,2,11.1409090909091,3.04545454545454,298.636363636364,1023.35909090909,4.72727272727273,0.666666666666667,9.88484848484849,3.07828282828282,192.239898989899,1021.59267676768,5.53282828282828,2
"44","MIC_W_123","Port of Oostende (B)","Water","NA",1,"Ostend (B)",0.350893299484996,NA,0,"No","No",42.056,"No",NA,88.881,0.025,2.18509686118416,15,0,0,0.065,3.067,0.385,5.525,5.48,0.068,0.418,0,28.6181818181818,"Antropogeen",1,0.01278,0.000337403115151392,0.100000001490116,0.100000001490116,NA,NA,NA,NA,18337,2,11.1409090909091,3.04545454545454,298.636363636364,1023.35909090909,4.72727272727273,0.666666666666667,9.88484848484849,3.07828282828282,192.239898989899,1021.59267676768,5.53282828282828,2
"45","MIC_W_124","Port of Oostende (B)","Water","NA",1,"Ostend (B)",0.350893299484996,NA,0,"No","No",42.056,"No",NA,88.881,0.025,2.18509686118416,15,0,0,0.065,3.067,0.385,5.525,5.48,0.068,0.418,0,28.6181818181818,"Antropogeen",1,0.01278,0.000337403115151392,0.100000001490116,0.100000001490116,NA,NA,NA,NA,18337,2,11.1409090909091,3.04545454545454,298.636363636364,1023.35909090909,4.72727272727273,0.666666666666667,9.88484848484849,3.07828282828282,192.239898989899,1021.59267676768,5.53282828282828,2
"46","MIC_W_125","Port of Oostende (B)","Water","NA",1,"Ostend (B)",0.350893299484996,NA,0,"No","No",42.056,"No",NA,88.881,0.025,2.18509686118416,15,0,0,0.065,3.067,0.385,5.525,5.48,0.068,0.418,0,28.6181818181818,"Antropogeen",1,0.01278,0.000337403115151392,0.100000001490116,0.100000001490116,NA,NA,NA,NA,18337,2,11.1409090909091,3.04545454545454,298.636363636364,1023.35909090909,4.72727272727273,0.666666666666667,9.88484848484849,3.07828282828282,192.239898989899,1021.59267676768,5.53282828282828,2
"47","MIC_W_126","Port of Oostende (B)","Water","NA",1,"Ostend (B)",0.350893299484996,NA,0,"No","No",42.056,"No",NA,88.881,0.025,2.18509686118416,15,0,0,0.065,3.067,0.385,5.525,5.48,0.068,0.418,0,28.6181818181818,"Antropogeen",1,0.01278,0.000337403115151392,0.100000001490116,0.100000001490116,NA,NA,NA,NA,18337,2,11.1409090909091,3.04545454545454,298.636363636364,1023.35909090909,4.72727272727273,0.666666666666667,9.88484848484849,3.07828282828282,192.239898989899,1021.59267676768,5.53282828282828,2
"48","MIC_W_127","Port of Oostende (B)","Water","NA",1,"Ostend (B)",0.350893299484996,NA,0,"No","No",42.056,"No",NA,88.881,0.025,2.18509686118416,15,0,0,0.065,3.067,0.385,5.525,5.48,0.068,0.418,0,28.6181818181818,"Antropogeen",1,0.01278,0.000337403115151392,0.100000001490116,0.100000001490116,NA,NA,NA,NA,18337,2,11.1409090909091,3.04545454545454,298.636363636364,1023.35909090909,4.72727272727273,0.666666666666667,9.88484848484849,3.07828282828282,192.239898989899,1021.59267676768,5.53282828282828,2
"49","MIC_W_128","Port of Oostende (B)","Water","NA",1,"Ostend (B)",0.350893299484996,NA,0,"No","No",42.056,"No",NA,88.881,0.025,2.18509686118416,15,0,0,0.065,3.067,0.385,5.525,5.48,0.068,0.418,0,28.6181818181818,"Antropogeen",1,0.01278,0.000337403115151392,0.100000001490116,0.100000001490116,NA,NA,NA,NA,18337,2,11.1409090909091,3.04545454545454,298.636363636364,1023.35909090909,4.72727272727273,0.666666666666667,9.88484848484849,3.07828282828282,192.239898989899,1021.59267676768,5.53282828282828,2
"50","MIC_W_129","Port of Oostende (B)","Water","NA",1,"Ostend (B)",0.350893299484996,NA,0,"No","No",42.056,"No",NA,88.881,0.025,2.18509686118416,15,0,0,0.065,3.067,0.385,5.525,5.48,0.068,0.418,0,28.6181818181818,"Antropogeen",1,0.01278,0.000337403115151392,0.100000001490116,0.100000001490116,NA,NA,NA,NA,18337,2,11.1409090909091,3.04545454545454,298.636363636364,1023.35909090909,4.72727272727273,0.666666666666667,9.88484848484849,3.07828282828282,192.239898989899,1021.59267676768,5.53282828282828,2
"51","MIC_W_130","Port of Oostende (B)","Water","NA",1,"Ostend (B)",0.350893299484996,NA,0,"No","No",42.056,"No",NA,88.881,0.025,2.18509686118416,15,0,0,0.065,3.067,0.385,5.525,5.48,0.068,0.418,0,28.6181818181818,"Antropogeen",1,0.01278,0.000337403115151392,0.100000001490116,0.100000001490116,NA,NA,NA,NA,18337,2,11.1409090909091,3.04545454545454,298.636363636364,1023.35909090909,4.72727272727273,0.666666666666667,9.88484848484849,3.07828282828282,192.239898989899,1021.59267676768,5.53282828282828,2
"52","MAC_W_003","Port of Oostende (B)","Water","NA",1,"Ostend (B)",0.350893299484996,NA,0,"No","No",42.056,"No",NA,88.881,0.025,2.18509686118416,15,0,0,0.065,3.067,0.385,5.525,5.48,0.068,0.418,0,28.6181818181818,"Antropogeen",1,0.01278,0.000337403115151392,0.100000001490116,0.100000001490116,NA,NA,NA,NA,18355,2,16.7708333333333,6.54166666666666,238.333333333333,1013.39583333333,7.25,6,15.9670454545455,5.33459595959596,252.689393939394,1016.73547979798,6.56944444444444,18
"53","MAC_W_004","Port of Oostende (B)","Water","NA",1,"Ostend (B)",0.350893299484996,NA,0,"No","No",42.056,"No",NA,88.881,0.025,2.18509686118416,15,0,0,0.065,3.067,0.385,5.525,5.48,0.068,0.418,0,28.6181818181818,"Antropogeen",1,0.01278,0.000337403115151392,0.100000001490116,0.100000001490116,NA,NA,NA,NA,18355,2,16.7708333333333,6.54166666666666,238.333333333333,1013.39583333333,7.25,6,15.9670454545455,5.33459595959596,252.689393939394,1016.73547979798,6.56944444444444,18
"54","MAC_W_005","Port of Oostende (B)","Water","NA",1,"Ostend (B)",0.350893299484996,NA,0,"No","No",42.056,"No",NA,88.881,0.025,2.18509686118416,15,0,0,0.065,3.067,0.385,5.525,5.48,0.068,0.418,0,28.6181818181818,"Antropogeen",1,0.01278,0.000337403115151392,0.100000001490116,0.100000001490116,NA,NA,NA,NA,18355,2,16.7708333333333,6.54166666666666,238.333333333333,1013.39583333333,7.25,6,15.9670454545455,5.33459595959596,252.689393939394,1016.73547979798,6.56944444444444,18
"55","MAC_W_006","Port of Oostende (B)","Water","NA",1,"Ostend (B)",0.350893299484996,NA,0,"No","No",42.056,"No",NA,88.881,0.025,2.18509686118416,15,0,0,0.065,3.067,0.385,5.525,5.48,0.068,0.418,0,28.6181818181818,"Antropogeen",1,0.01278,0.000337403115151392,0.100000001490116,0.100000001490116,NA,NA,NA,NA,18355,2,16.7708333333333,6.54166666666666,238.333333333333,1013.39583333333,7.25,6,15.9670454545455,5.33459595959596,252.689393939394,1016.73547979798,6.56944444444444,18
"56","MAC_W_007","Port of Oostende (B)","Water","NA",1,"Ostend (B)",0.350893299484996,NA,0,"No","No",42.056,"No",NA,88.881,0.025,2.18509686118416,15,0,0,0.065,3.067,0.385,5.525,5.48,0.068,0.418,0,28.6181818181818,"Antropogeen",1,0.01278,0.000337403115151392,0.100000001490116,0.100000001490116,NA,NA,NA,NA,18355,2,16.7708333333333,6.54166666666666,238.333333333333,1013.39583333333,7.25,6,15.9670454545455,5.33459595959596,252.689393939394,1016.73547979798,6.56944444444444,18
"57","MAC_W_008","Port of Oostende (B)","Water","NA",1,"Ostend (B)",0.350893299484996,NA,0,"No","No",42.056,"No",NA,88.881,0.025,2.18509686118416,15,0,0,0.065,3.067,0.385,5.525,5.48,0.068,0.418,0,28.6181818181818,"Antropogeen",1,0.01278,0.000337403115151392,0.100000001490116,0.100000001490116,NA,NA,NA,NA,18355,2,16.7708333333333,6.54166666666666,238.333333333333,1013.39583333333,7.25,6,15.9670454545455,5.33459595959596,252.689393939394,1016.73547979798,6.56944444444444,18
"58","MAC_W_009","Port of Oostende (B)","Water","NA",1,"Ostend (B)",0.350893299484996,NA,0,"No","No",42.056,"No",NA,88.881,0.025,2.18509686118416,15,0,0,0.065,3.067,0.385,5.525,5.48,0.068,0.418,0,28.6181818181818,"Antropogeen",1,0.01278,0.000337403115151392,0.100000001490116,0.100000001490116,NA,NA,NA,NA,18355,2,16.7708333333333,6.54166666666666,238.333333333333,1013.39583333333,7.25,6,15.9670454545455,5.33459595959596,252.689393939394,1016.73547979798,6.56944444444444,18
"59","MIC_W_002","Port of Oostende (B)","Water","NA",1,"Ostend (B)",0.350893299484996,NA,0,"No","No",42.056,"No",NA,88.881,0.025,2.18509686118416,15,0,0,0.065,3.067,0.385,5.525,5.48,0.068,0.418,0,28.6181818181818,"Antropogeen",1,0.01278,0.000337403115151392,0.100000001490116,0.100000001490116,NA,NA,NA,NA,18355,2,16.7708333333333,6.54166666666666,238.333333333333,1013.39583333333,7.25,6,15.9670454545455,5.33459595959596,252.689393939394,1016.73547979798,6.56944444444444,18
"60","MIC_W_003","Port of Oostende (B)","Water","NA",1,"Ostend (B)",0.350893299484996,NA,0,"No","No",42.056,"No",NA,88.881,0.025,2.18509686118416,15,0,0,0.065,3.067,0.385,5.525,5.48,0.068,0.418,0,28.6181818181818,"Antropogeen",1,0.01278,0.000337403115151392,0.100000001490116,0.100000001490116,NA,NA,NA,NA,18355,2,16.7708333333333,6.54166666666666,238.333333333333,1013.39583333333,7.25,6,15.9670454545455,5.33459595959596,252.689393939394,1016.73547979798,6.56944444444444,18
"61","MIC_W_004","Port of Oostende (B)","Water","NA",1,"Ostend (B)",0.350893299484996,NA,0,"No","No",42.056,"No",NA,88.881,0.025,2.18509686118416,15,0,0,0.065,3.067,0.385,5.525,5.48,0.068,0.418,0,28.6181818181818,"Antropogeen",1,0.01278,0.000337403115151392,0.100000001490116,0.100000001490116,NA,NA,NA,NA,18355,2,16.7708333333333,6.54166666666666,238.333333333333,1013.39583333333,7.25,6,15.9670454545455,5.33459595959596,252.689393939394,1016.73547979798,6.56944444444444,18
"62","MIC_W_005","Port of Oostende (B)","Water","NA",1,"Ostend (B)",0.350893299484996,NA,0,"No","No",42.056,"No",NA,88.881,0.025,2.18509686118416,15,0,0,0.065,3.067,0.385,5.525,5.48,0.068,0.418,0,28.6181818181818,"Antropogeen",1,0.01278,0.000337403115151392,0.100000001490116,0.100000001490116,NA,NA,NA,NA,18355,2,16.7708333333333,6.54166666666666,238.333333333333,1013.39583333333,7.25,6,15.9670454545455,5.33459595959596,252.689393939394,1016.73547979798,6.56944444444444,18
"63","MIC_W_006","Port of Oostende (B)","Water","NA",1,"Ostend (B)",0.350893299484996,NA,0,"No","No",42.056,"No",NA,88.881,0.025,2.18509686118416,15,0,0,0.065,3.067,0.385,5.525,5.48,0.068,0.418,0,28.6181818181818,"Antropogeen",1,0.01278,0.000337403115151392,0.100000001490116,0.100000001490116,NA,NA,NA,NA,18355,2,16.7708333333333,6.54166666666666,238.333333333333,1013.39583333333,7.25,6,15.9670454545455,5.33459595959596,252.689393939394,1016.73547979798,6.56944444444444,18
"64","MIC_W_007","Port of Oostende (B)","Water","NA",1,"Ostend (B)",0.350893299484996,NA,0,"No","No",42.056,"No",NA,88.881,0.025,2.18509686118416,15,0,0,0.065,3.067,0.385,5.525,5.48,0.068,0.418,0,28.6181818181818,"Antropogeen",1,0.01278,0.000337403115151392,0.100000001490116,0.100000001490116,NA,NA,NA,NA,18355,2,16.7708333333333,6.54166666666666,238.333333333333,1013.39583333333,7.25,6,15.9670454545455,5.33459595959596,252.689393939394,1016.73547979798,6.56944444444444,18
"65","MIC_W_008","Port of Oostende (B)","Water","NA",1,"Ostend (B)",0.350893299484996,NA,0,"No","No",42.056,"No",NA,88.881,0.025,2.18509686118416,15,0,0,0.065,3.067,0.385,5.525,5.48,0.068,0.418,0,28.6181818181818,"Antropogeen",1,0.01278,0.000337403115151392,0.100000001490116,0.100000001490116,NA,NA,NA,NA,18355,2,16.7708333333333,6.54166666666666,238.333333333333,1013.39583333333,7.25,6,15.9670454545455,5.33459595959596,252.689393939394,1016.73547979798,6.56944444444444,18
"66","MAC_W_083","Port of Nieuwpoort (B)","Water","NA",1,"Nieuwpoort (B)",0.415132728478322,NA,0,"No","No",13.162,"No",NA,61.83,0.025,2.18509686118416,15,0,0,3.941,1.458,0,4.374,2.709,1.141,1.413,0,47.25,"Antropogeen",NA,0,0,NA,NA,NA,NA,NA,NA,4448,0.2,15.4041666666667,3.45833333333332,160,1013.69583333333,7.75,16.3,16.8833333333333,2.88888888888889,141.313131313131,1014.31388888889,6.69444444444444,48.9
"67","MAC_W_084","Port of Nieuwpoort (B)","Water","NA",1,"Nieuwpoort (B)",0.415132728478322,NA,0,"No","No",13.162,"No",NA,61.83,0.025,2.18509686118416,15,0,0,3.941,1.458,0,4.374,2.709,1.141,1.413,0,47.25,"Antropogeen",NA,0,0,NA,NA,NA,NA,NA,NA,4448,0.2,15.4041666666667,3.45833333333332,160,1013.69583333333,7.75,16.3,16.8833333333333,2.88888888888889,141.313131313131,1014.31388888889,6.69444444444444,48.9
"68","MAC_W_085","Port of Nieuwpoort (B)","Water","NA",1,"Nieuwpoort (B)",0.415132728478322,NA,0,"No","No",13.162,"No",NA,61.83,0.025,2.18509686118416,15,0,0,3.941,1.458,0,4.374,2.709,1.141,1.413,0,47.25,"Antropogeen",NA,0,0,NA,NA,NA,NA,NA,NA,4448,0.2,15.4041666666667,3.45833333333332,160,1013.69583333333,7.75,16.3,16.8833333333333,2.88888888888889,141.313131313131,1014.31388888889,6.69444444444444,48.9
"69","MAC_W_086","Port of Nieuwpoort (B)","Water","NA",1,"Nieuwpoort (B)",0.415132728478322,NA,0,"No","No",13.162,"No",NA,61.83,0.025,2.18509686118416,15,0,0,3.941,1.458,0,4.374,2.709,1.141,1.413,0,47.25,"Antropogeen",NA,0,0,NA,NA,NA,NA,NA,NA,4448,0.2,15.4041666666667,3.45833333333332,160,1013.69583333333,7.75,16.3,16.8833333333333,2.88888888888889,141.313131313131,1014.31388888889,6.69444444444444,48.9
"70","MAC_W_087","Port of Nieuwpoort (B)","Water","NA",1,"Nieuwpoort (B)",0.415132728478322,NA,0,"No","No",13.162,"No",NA,61.83,0.025,2.18509686118416,15,0,0,3.941,1.458,0,4.374,2.709,1.141,1.413,0,47.25,"Antropogeen",NA,0,0,NA,NA,NA,NA,NA,NA,4448,0.2,15.4041666666667,3.45833333333332,160,1013.69583333333,7.75,16.3,16.8833333333333,2.88888888888889,141.313131313131,1014.31388888889,6.69444444444444,48.9
"71","MAC_W_088","Port of Nieuwpoort (B)","Water","NA",1,"Nieuwpoort (B)",0.415132728478322,NA,0,"No","No",13.162,"No",NA,61.83,0.025,2.18509686118416,15,0,0,3.941,1.458,0,4.374,2.709,1.141,1.413,0,47.25,"Antropogeen",NA,0,0,NA,NA,NA,NA,NA,NA,4448,0.2,15.4041666666667,3.45833333333332,160,1013.69583333333,7.75,16.3,16.8833333333333,2.88888888888889,141.313131313131,1014.31388888889,6.69444444444444,48.9
"72","MAC_W_089","Port of Nieuwpoort (B)","Water","NA",1,"Nieuwpoort (B)",0.415132728478322,NA,0,"No","No",13.162,"No",NA,61.83,0.025,2.18509686118416,15,0,0,3.941,1.458,0,4.374,2.709,1.141,1.413,0,47.25,"Antropogeen",NA,0,0,NA,NA,NA,NA,NA,NA,4448,0.2,15.4041666666667,3.45833333333332,160,1013.69583333333,7.75,16.3,16.8833333333333,2.88888888888889,141.313131313131,1014.31388888889,6.69444444444444,48.9
"73","MIC_W_079","Port of Nieuwpoort (B)","Water","NA",1,"Nieuwpoort (B)",0.415132728478322,NA,0,"No","No",13.162,"No",NA,61.83,0.025,2.18509686118416,15,0,0,3.941,1.458,0,4.374,2.709,1.141,1.413,0,47.25,"Antropogeen",NA,0,0,NA,NA,NA,NA,NA,NA,4448,0.2,15.4041666666667,3.45833333333332,160,1013.69583333333,7.75,16.3,16.8833333333333,2.88888888888889,141.313131313131,1014.31388888889,6.69444444444444,48.9
"74","MIC_W_080","Port of Nieuwpoort (B)","Water","NA",1,"Nieuwpoort (B)",0.415132728478322,NA,0,"No","No",13.162,"No",NA,61.83,0.025,2.18509686118416,15,0,0,3.941,1.458,0,4.374,2.709,1.141,1.413,0,47.25,"Antropogeen",NA,0,0,NA,NA,NA,NA,NA,NA,4448,0.2,15.4041666666667,3.45833333333332,160,1013.69583333333,7.75,16.3,16.8833333333333,2.88888888888889,141.313131313131,1014.31388888889,6.69444444444444,48.9
"75","MIC_W_081","Port of Nieuwpoort (B)","Water","NA",1,"Nieuwpoort (B)",0.415132728478322,NA,0,"No","No",13.162,"No",NA,61.83,0.025,2.18509686118416,15,0,0,3.941,1.458,0,4.374,2.709,1.141,1.413,0,47.25,"Antropogeen",NA,0,0,NA,NA,NA,NA,NA,NA,4448,0.2,15.4041666666667,3.45833333333332,160,1013.69583333333,7.75,16.3,16.8833333333333,2.88888888888889,141.313131313131,1014.31388888889,6.69444444444444,48.9
"76","MIC_W_082","Port of Nieuwpoort (B)","Water","NA",1,"Nieuwpoort (B)",0.415132728478322,NA,0,"No","No",13.162,"No",NA,61.83,0.025,2.18509686118416,15,0,0,3.941,1.458,0,4.374,2.709,1.141,1.413,0,47.25,"Antropogeen",NA,0,0,NA,NA,NA,NA,NA,NA,4448,0.2,15.4041666666667,3.45833333333332,160,1013.69583333333,7.75,16.3,16.8833333333333,2.88888888888889,141.313131313131,1014.31388888889,6.69444444444444,48.9
"77","MIC_W_083","Port of Nieuwpoort (B)","Water","NA",1,"Nieuwpoort (B)",0.415132728478322,NA,0,"No","No",13.162,"No",NA,61.83,0.025,2.18509686118416,15,0,0,3.941,1.458,0,4.374,2.709,1.141,1.413,0,47.25,"Antropogeen",NA,0,0,NA,NA,NA,NA,NA,NA,4448,0.2,15.4041666666667,3.45833333333332,160,1013.69583333333,7.75,16.3,16.8833333333333,2.88888888888889,141.313131313131,1014.31388888889,6.69444444444444,48.9
"78","MIC_W_084","Port of Nieuwpoort (B)","Water","NA",1,"Nieuwpoort (B)",0.415132728478322,NA,0,"No","No",13.162,"No",NA,61.83,0.025,2.18509686118416,15,0,0,3.941,1.458,0,4.374,2.709,1.141,1.413,0,47.25,"Antropogeen",NA,0,0,NA,NA,NA,NA,NA,NA,4448,0.2,15.4041666666667,3.45833333333332,160,1013.69583333333,7.75,16.3,16.8833333333333,2.88888888888889,141.313131313131,1014.31388888889,6.69444444444444,48.9
"79","MIC_W_085","Port of Nieuwpoort (B)","Water","NA",1,"Nieuwpoort (B)",0.415132728478322,NA,0,"No","No",13.162,"No",NA,61.83,0.025,2.18509686118416,15,0,0,3.941,1.458,0,4.374,2.709,1.141,1.413,0,47.25,"Antropogeen",NA,0,0,NA,NA,NA,NA,NA,NA,4448,0.2,15.4041666666667,3.45833333333332,160,1013.69583333333,7.75,16.3,16.8833333333333,2.88888888888889,141.313131313131,1014.31388888889,6.69444444444444,48.9
"80","MAC_W_110","River Scheldt (Antwerpen)","Water","NA",1,"Antwerp",0.470055991739951,578,4,"No","No",440.237,"Yes","Middle",177.35,0.025,2.18509686118416,15,1,4,0,2.523,1.66,6.144,2.503,2.185,0.001,0,20.9269841269841,"Diep Subtidaal",111,1.41858,0.0374517457818045,381.646991938353,3.43826118863381,NA,NA,NA,NA,38844,1.6,6.01304347826086,1.78260869565217,254,1012.4652173913,6.47826086956522,0.533333333333333,5.43351449275362,1.10809178743961,189.065162907268,1021.77312801932,7.14187643020595,1.6
"81","MAC_W_111","River Scheldt (Antwerpen)","Water","NA",1,"Antwerp",0.470055991739951,578,4,"No","No",440.237,"Yes","Middle",177.35,0.025,2.18509686118416,15,1,4,0,2.523,1.66,6.144,2.503,2.185,0.001,0,20.9269841269841,"Diep Subtidaal",111,1.41858,0.0374517457818045,381.646991938353,3.43826118863381,NA,NA,NA,NA,38844,1.6,6.01304347826086,1.78260869565217,254,1012.4652173913,6.47826086956522,0.533333333333333,5.43351449275362,1.10809178743961,189.065162907268,1021.77312801932,7.14187643020595,1.6
"82","MAC_W_112","River Scheldt (Antwerpen)","Water","NA",1,"Antwerp",0.470055991739951,578,4,"No","No",440.237,"Yes","Middle",177.35,0.025,2.18509686118416,15,1,4,0,2.523,1.66,6.144,2.503,2.185,0.001,0,20.9269841269841,"Diep Subtidaal",111,1.41858,0.0374517457818045,381.646991938353,3.43826118863381,NA,NA,NA,NA,38844,1.6,6.01304347826086,1.78260869565217,254,1012.4652173913,6.47826086956522,0.533333333333333,5.43351449275362,1.10809178743961,189.065162907268,1021.77312801932,7.14187643020595,1.6
"83","MAC_W_113","River Scheldt (Antwerpen)","Water","NA",1,"Antwerp",0.470055991739951,578,4,"No","No",440.237,"Yes","Middle",177.35,0.025,2.18509686118416,15,1,4,0,2.523,1.66,6.144,2.503,2.185,0.001,0,20.9269841269841,"Diep Subtidaal",111,1.41858,0.0374517457818045,381.646991938353,3.43826118863381,NA,NA,NA,NA,38844,1.6,6.01304347826086,1.78260869565217,254,1012.4652173913,6.47826086956522,0.533333333333333,5.43351449275362,1.10809178743961,189.065162907268,1021.77312801932,7.14187643020595,1.6
"84","MAC_W_114","River Scheldt (Antwerpen)","Water","NA",1,"Antwerp",0.470055991739951,578,4,"No","No",440.237,"Yes","Middle",177.35,0.025,2.18509686118416,15,1,4,0,2.523,1.66,6.144,2.503,2.185,0.001,0,20.9269841269841,"Diep Subtidaal",111,1.41858,0.0374517457818045,381.646991938353,3.43826118863381,NA,NA,NA,NA,38844,1.6,6.01304347826086,1.78260869565217,254,1012.4652173913,6.47826086956522,0.533333333333333,5.43351449275362,1.10809178743961,189.065162907268,1021.77312801932,7.14187643020595,1.6
"85","MAC_W_115","River Scheldt (Antwerpen)","Water","NA",1,"Antwerp",0.470055991739951,578,4,"No","No",440.237,"Yes","Middle",177.35,0.025,2.18509686118416,15,1,4,0,2.523,1.66,6.144,2.503,2.185,0.001,0,20.9269841269841,"Diep Subtidaal",111,1.41858,0.0374517457818045,381.646991938353,3.43826118863381,NA,NA,NA,NA,38844,1.6,6.01304347826086,1.78260869565217,254,1012.4652173913,6.47826086956522,0.533333333333333,5.43351449275362,1.10809178743961,189.065162907268,1021.77312801932,7.14187643020595,1.6
"86","MIC_W_106","River Scheldt (Antwerpen)","Water","NA",1,"Antwerp",0.470055991739951,578,4,"No","No",440.237,"Yes","Middle",177.35,0.025,2.18509686118416,15,1,4,0,2.523,1.66,6.144,2.503,2.185,0.001,0,20.9269841269841,"Diep Subtidaal",111,1.41858,0.0374517457818045,381.646991938353,3.43826118863381,NA,NA,NA,NA,38844,1.6,6.01304347826086,1.78260869565217,254,1012.4652173913,6.47826086956522,0.533333333333333,5.43351449275362,1.10809178743961,189.065162907268,1021.77312801932,7.14187643020595,1.6
"87","MIC_W_107","River Scheldt (Antwerpen)","Water","NA",1,"Antwerp",0.470055991739951,578,4,"No","No",440.237,"Yes","Middle",177.35,0.025,2.18509686118416,15,1,4,0,2.523,1.66,6.144,2.503,2.185,0.001,0,20.9269841269841,"Diep Subtidaal",111,1.41858,0.0374517457818045,381.646991938353,3.43826118863381,NA,NA,NA,NA,38844,1.6,6.01304347826086,1.78260869565217,254,1012.4652173913,6.47826086956522,0.533333333333333,5.43351449275362,1.10809178743961,189.065162907268,1021.77312801932,7.14187643020595,1.6
"88","MIC_W_108","River Scheldt (Antwerpen)","Water","NA",1,"Antwerp",0.470055991739951,578,4,"No","No",440.237,"Yes","Middle",177.35,0.025,2.18509686118416,15,1,4,0,2.523,1.66,6.144,2.503,2.185,0.001,0,20.9269841269841,"Diep Subtidaal",111,1.41858,0.0374517457818045,381.646991938353,3.43826118863381,NA,NA,NA,NA,38844,1.6,6.01304347826086,1.78260869565217,254,1012.4652173913,6.47826086956522,0.533333333333333,5.43351449275362,1.10809178743961,189.065162907268,1021.77312801932,7.14187643020595,1.6
"89","MIC_W_109","River Scheldt (Antwerpen)","Water","NA",1,"Antwerp",0.470055991739951,578,4,"No","No",440.237,"Yes","Middle",177.35,0.025,2.18509686118416,15,1,4,0,2.523,1.66,6.144,2.503,2.185,0.001,0,20.9269841269841,"Diep Subtidaal",111,1.41858,0.0374517457818045,381.646991938353,3.43826118863381,NA,NA,NA,NA,38844,1.6,6.01304347826086,1.78260869565217,254,1012.4652173913,6.47826086956522,0.533333333333333,5.43351449275362,1.10809178743961,189.065162907268,1021.77312801932,7.14187643020595,1.6
"90","MIC_W_110","River Scheldt (Antwerpen)","Water","NA",1,"Antwerp",0.470055991739951,578,4,"No","No",440.237,"Yes","Middle",177.35,0.025,2.18509686118416,15,1,4,0,2.523,1.66,6.144,2.503,2.185,0.001,0,20.9269841269841,"Diep Subtidaal",111,1.41858,0.0374517457818045,381.646991938353,3.43826118863381,NA,NA,NA,NA,38844,1.6,6.01304347826086,1.78260869565217,254,1012.4652173913,6.47826086956522,0.533333333333333,5.43351449275362,1.10809178743961,189.065162907268,1021.77312801932,7.14187643020595,1.6
"91","MIC_W_111","River Scheldt (Antwerpen)","Water","NA",1,"Antwerp",0.470055991739951,578,4,"No","No",440.237,"Yes","Middle",177.35,0.025,2.18509686118416,15,1,4,0,2.523,1.66,6.144,2.503,2.185,0.001,0,20.9269841269841,"Diep Subtidaal",111,1.41858,0.0374517457818045,381.646991938353,3.43826118863381,NA,NA,NA,NA,38844,1.6,6.01304347826086,1.78260869565217,254,1012.4652173913,6.47826086956522,0.533333333333333,5.43351449275362,1.10809178743961,189.065162907268,1021.77312801932,7.14187643020595,1.6
"92","MIC_W_112","River Scheldt (Antwerpen)","Water","NA",1,"Antwerp",0.470055991739951,578,4,"No","No",440.237,"Yes","Middle",177.35,0.025,2.18509686118416,15,1,4,0,2.523,1.66,6.144,2.503,2.185,0.001,0,20.9269841269841,"Diep Subtidaal",111,1.41858,0.0374517457818045,381.646991938353,3.43826118863381,NA,NA,NA,NA,38844,1.6,6.01304347826086,1.78260869565217,254,1012.4652173913,6.47826086956522,0.533333333333333,5.43351449275362,1.10809178743961,189.065162907268,1021.77312801932,7.14187643020595,1.6
"93","MAC_W_102","River Scheldt (Antwerpen)","Water","NA",1,"Antwerp",0.470055991739951,578,4,"No","No",440.237,"Yes","Middle",177.35,0.025,2.18509686118416,15,1,4,0,2.523,1.66,6.144,2.503,2.185,0.001,0,20.9269841269841,"Diep Subtidaal",111,1.41858,0.0374517457818045,381.646991938353,3.43826118863381,NA,NA,NA,NA,38844,0,16.8818181818182,4.68181818181817,336.363636363635,1017.28181818182,6.68181818181817,0,17.1425505050505,3.74116161616161,176.499231444883,1022.62171717172,3.29671717171717,0
"94","MAC_W_103","River Scheldt (Antwerpen)","Water","NA",1,"Antwerp",0.470055991739951,578,4,"No","No",440.237,"Yes","Middle",177.35,0.025,2.18509686118416,15,1,4,0,2.523,1.66,6.144,2.503,2.185,0.001,0,20.9269841269841,"Diep Subtidaal",111,1.41858,0.0374517457818045,381.646991938353,3.43826118863381,NA,NA,NA,NA,38844,0,16.8818181818182,4.68181818181817,336.363636363635,1017.28181818182,6.68181818181817,0,17.1425505050505,3.74116161616161,176.499231444883,1022.62171717172,3.29671717171717,0
"95","MAC_W_104","River Scheldt (Antwerpen)","Water","NA",1,"Antwerp",0.470055991739951,578,4,"No","No",440.237,"Yes","Middle",177.35,0.025,2.18509686118416,15,1,4,0,2.523,1.66,6.144,2.503,2.185,0.001,0,20.9269841269841,"Diep Subtidaal",111,1.41858,0.0374517457818045,381.646991938353,3.43826118863381,NA,NA,NA,NA,38844,0,16.8818181818182,4.68181818181817,336.363636363635,1017.28181818182,6.68181818181817,0,17.1425505050505,3.74116161616161,176.499231444883,1022.62171717172,3.29671717171717,0
"96","MAC_W_105","River Scheldt (Antwerpen)","Water","NA",1,"Antwerp",0.470055991739951,578,4,"No","No",440.237,"Yes","Middle",177.35,0.025,2.18509686118416,15,1,4,0,2.523,1.66,6.144,2.503,2.185,0.001,0,20.9269841269841,"Diep Subtidaal",111,1.41858,0.0374517457818045,381.646991938353,3.43826118863381,NA,NA,NA,NA,38844,0,16.8818181818182,4.68181818181817,336.363636363635,1017.28181818182,6.68181818181817,0,17.1425505050505,3.74116161616161,176.499231444883,1022.62171717172,3.29671717171717,0
"97","MAC_W_106","River Scheldt (Antwerpen)","Water","NA",1,"Antwerp",0.470055991739951,578,4,"No","No",440.237,"Yes","Middle",177.35,0.025,2.18509686118416,15,1,4,0,2.523,1.66,6.144,2.503,2.185,0.001,0,20.9269841269841,"Diep Subtidaal",111,1.41858,0.0374517457818045,381.646991938353,3.43826118863381,NA,NA,NA,NA,38844,0,16.8818181818182,4.68181818181817,336.363636363635,1017.28181818182,6.68181818181817,0,17.1425505050505,3.74116161616161,176.499231444883,1022.62171717172,3.29671717171717,0
"98","MAC_W_107","River Scheldt (Antwerpen)","Water","NA",1,"Antwerp",0.470055991739951,578,4,"No","No",440.237,"Yes","Middle",177.35,0.025,2.18509686118416,15,1,4,0,2.523,1.66,6.144,2.503,2.185,0.001,0,20.9269841269841,"Diep Subtidaal",111,1.41858,0.0374517457818045,381.646991938353,3.43826118863381,NA,NA,NA,NA,38844,0,16.8818181818182,4.68181818181817,336.363636363635,1017.28181818182,6.68181818181817,0,17.1425505050505,3.74116161616161,176.499231444883,1022.62171717172,3.29671717171717,0
"99","MIC_W_098","River Scheldt (Antwerpen)","Water","NA",1,"Antwerp",0.470055991739951,578,4,"No","No",440.237,"Yes","Middle",177.35,0.025,2.18509686118416,15,1,4,0,2.523,1.66,6.144,2.503,2.185,0.001,0,20.9269841269841,"Diep Subtidaal",111,1.41858,0.0374517457818045,381.646991938353,3.43826118863381,NA,NA,NA,NA,38844,0,16.8818181818182,4.68181818181817,336.363636363635,1017.28181818182,6.68181818181817,0,17.1425505050505,3.74116161616161,176.499231444883,1022.62171717172,3.29671717171717,0
"100","MIC_W_099","River Scheldt (Antwerpen)","Water","NA",1,"Antwerp",0.470055991739951,578,4,"No","No",440.237,"Yes","Middle",177.35,0.025,2.18509686118416,15,1,4,0,2.523,1.66,6.144,2.503,2.185,0.001,0,20.9269841269841,"Diep Subtidaal",111,1.41858,0.0374517457818045,381.646991938353,3.43826118863381,NA,NA,NA,NA,38844,0,16.8818181818182,4.68181818181817,336.363636363635,1017.28181818182,6.68181818181817,0,17.1425505050505,3.74116161616161,176.499231444883,1022.62171717172,3.29671717171717,0
"101","MIC_W_100","River Scheldt (Antwerpen)","Water","NA",1,"Antwerp",0.470055991739951,578,4,"No","No",440.237,"Yes","Middle",177.35,0.025,2.18509686118416,15,1,4,0,2.523,1.66,6.144,2.503,2.185,0.001,0,20.9269841269841,"Diep Subtidaal",111,1.41858,0.0374517457818045,381.646991938353,3.43826118863381,NA,NA,NA,NA,38844,0,16.8818181818182,4.68181818181817,336.363636363635,1017.28181818182,6.68181818181817,0,17.1425505050505,3.74116161616161,176.499231444883,1022.62171717172,3.29671717171717,0
"102","MIC_W_101","River Scheldt (Antwerpen)","Water","NA",1,"Antwerp",0.470055991739951,578,4,"No","No",440.237,"Yes","Middle",177.35,0.025,2.18509686118416,15,1,4,0,2.523,1.66,6.144,2.503,2.185,0.001,0,20.9269841269841,"Diep Subtidaal",111,1.41858,0.0374517457818045,381.646991938353,3.43826118863381,NA,NA,NA,NA,38844,0,16.8818181818182,4.68181818181817,336.363636363635,1017.28181818182,6.68181818181817,0,17.1425505050505,3.74116161616161,176.499231444883,1022.62171717172,3.29671717171717,0
"103","MIC_W_103","River Scheldt (Antwerpen)","Water","NA",1,"Antwerp",0.470055991739951,578,4,"No","No",440.237,"Yes","Middle",177.35,0.025,2.18509686118416,15,1,4,0,2.523,1.66,6.144,2.503,2.185,0.001,0,20.9269841269841,"Diep Subtidaal",111,1.41858,0.0374517457818045,381.646991938353,3.43826118863381,NA,NA,NA,NA,38844,0,16.8818181818182,4.68181818181817,336.363636363635,1017.28181818182,6.68181818181817,0,17.1425505050505,3.74116161616161,176.499231444883,1022.62171717172,3.29671717171717,0
"104","MIC_W_131","River Scheldt (Antwerpen)","Water","NA",1,"Antwerp",0.470055991739951,578,4,"No","No",440.237,"Yes","Middle",177.35,0.025,2.18509686118416,15,1,4,0,2.523,1.66,6.144,2.503,2.185,0.001,0,20.9269841269841,"Diep Subtidaal",111,1.41858,0.0374517457818045,381.646991938353,3.43826118863381,NA,NA,NA,NA,38934,3,9.86363636363635,6.27272727272726,215,1001.58181818182,7.68181818181817,7.33333333333333,8.88926767676768,6.02146464646464,228.888888888889,1007.06477272727,7.56060606060606,22
"105","MIC_W_132","River Scheldt (Antwerpen)","Water","NA",1,"Antwerp",0.470055991739951,578,4,"No","No",440.237,"Yes","Middle",177.35,0.025,2.18509686118416,15,1,4,0,2.523,1.66,6.144,2.503,2.185,0.001,0,20.9269841269841,"Diep Subtidaal",111,1.41858,0.0374517457818045,381.646991938353,3.43826118863381,NA,NA,NA,NA,38934,3,9.86363636363635,6.27272727272726,215,1001.58181818182,7.68181818181817,7.33333333333333,8.88926767676768,6.02146464646464,228.888888888889,1007.06477272727,7.56060606060606,22
"106","MIC_W_133","River Scheldt (Antwerpen)","Water","NA",1,"Antwerp",0.470055991739951,578,4,"No","No",440.237,"Yes","Middle",177.35,0.025,2.18509686118416,15,1,4,0,2.523,1.66,6.144,2.503,2.185,0.001,0,20.9269841269841,"Diep Subtidaal",111,1.41858,0.0374517457818045,381.646991938353,3.43826118863381,NA,NA,NA,NA,38934,3,9.86363636363635,6.27272727272726,215,1001.58181818182,7.68181818181817,7.33333333333333,8.88926767676768,6.02146464646464,228.888888888889,1007.06477272727,7.56060606060606,22
"107","MIC_W_134","River Scheldt (Antwerpen)","Water","NA",1,"Antwerp",0.470055991739951,578,4,"No","No",440.237,"Yes","Middle",177.35,0.025,2.18509686118416,15,1,4,0,2.523,1.66,6.144,2.503,2.185,0.001,0,20.9269841269841,"Diep Subtidaal",111,1.41858,0.0374517457818045,381.646991938353,3.43826118863381,NA,NA,NA,NA,38934,3,9.86363636363635,6.27272727272726,215,1001.58181818182,7.68181818181817,7.33333333333333,8.88926767676768,6.02146464646464,228.888888888889,1007.06477272727,7.56060606060606,22
"108","MIC_W_135","River Scheldt (Antwerpen)","Water","NA",1,"Antwerp",0.470055991739951,578,4,"No","No",440.237,"Yes","Middle",177.35,0.025,2.18509686118416,15,1,4,0,2.523,1.66,6.144,2.503,2.185,0.001,0,20.9269841269841,"Diep Subtidaal",111,1.41858,0.0374517457818045,381.646991938353,3.43826118863381,NA,NA,NA,NA,38934,3,9.86363636363635,6.27272727272726,215,1001.58181818182,7.68181818181817,7.33333333333333,8.88926767676768,6.02146464646464,228.888888888889,1007.06477272727,7.56060606060606,22
"109","MIC_W_136","River Scheldt (Antwerpen)","Water","NA",1,"Antwerp",0.470055991739951,578,4,"No","No",440.237,"Yes","Middle",177.35,0.025,2.18509686118416,15,1,4,0,2.523,1.66,6.144,2.503,2.185,0.001,0,20.9269841269841,"Diep Subtidaal",111,1.41858,0.0374517457818045,381.646991938353,3.43826118863381,NA,NA,NA,NA,38934,3,9.86363636363635,6.27272727272726,215,1001.58181818182,7.68181818181817,7.33333333333333,8.88926767676768,6.02146464646464,228.888888888889,1007.06477272727,7.56060606060606,22
"110","MIC_W_137","River Scheldt (Antwerpen)","Water","NA",1,"Antwerp",0.470055991739951,578,4,"No","No",440.237,"Yes","Middle",177.35,0.025,2.18509686118416,15,1,4,0,2.523,1.66,6.144,2.503,2.185,0.001,0,20.9269841269841,"Diep Subtidaal",111,1.41858,0.0374517457818045,381.646991938353,3.43826118863381,NA,NA,NA,NA,38934,3,9.86363636363635,6.27272727272726,215,1001.58181818182,7.68181818181817,7.33333333333333,8.88926767676768,6.02146464646464,228.888888888889,1007.06477272727,7.56060606060606,22
"111","MIC_W_138","River Scheldt (Antwerpen)","Water","NA",1,"Antwerp",0.470055991739951,578,4,"No","No",440.237,"Yes","Middle",177.35,0.025,2.18509686118416,15,1,4,0,2.523,1.66,6.144,2.503,2.185,0.001,0,20.9269841269841,"Diep Subtidaal",111,1.41858,0.0374517457818045,381.646991938353,3.43826118863381,NA,NA,NA,NA,38934,3,9.86363636363635,6.27272727272726,215,1001.58181818182,7.68181818181817,7.33333333333333,8.88926767676768,6.02146464646464,228.888888888889,1007.06477272727,7.56060606060606,22
"112","MIC_W_139","River Scheldt (Antwerpen)","Water","NA",1,"Antwerp",0.470055991739951,578,4,"No","No",440.237,"Yes","Middle",177.35,0.025,2.18509686118416,15,1,4,0,2.523,1.66,6.144,2.503,2.185,0.001,0,20.9269841269841,"Diep Subtidaal",111,1.41858,0.0374517457818045,381.646991938353,3.43826118863381,NA,NA,NA,NA,38934,3,9.86363636363635,6.27272727272726,215,1001.58181818182,7.68181818181817,7.33333333333333,8.88926767676768,6.02146464646464,228.888888888889,1007.06477272727,7.56060606060606,22
"113","MIC_W_140","River Scheldt (Antwerpen)","Water","NA",1,"Antwerp",0.470055991739951,578,4,"No","No",440.237,"Yes","Middle",177.35,0.025,2.18509686118416,15,1,4,0,2.523,1.66,6.144,2.503,2.185,0.001,0,20.9269841269841,"Diep Subtidaal",111,1.41858,0.0374517457818045,381.646991938353,3.43826118863381,NA,NA,NA,NA,38934,3,9.86363636363635,6.27272727272726,215,1001.58181818182,7.68181818181817,7.33333333333333,8.88926767676768,6.02146464646464,228.888888888889,1007.06477272727,7.56060606060606,22
"114","MIC_W_141","River Scheldt (Antwerpen)","Water","NA",1,"Antwerp",0.470055991739951,578,4,"No","No",440.237,"Yes","Middle",177.35,0.025,2.18509686118416,15,1,4,0,2.523,1.66,6.144,2.503,2.185,0.001,0,20.9269841269841,"Diep Subtidaal",111,1.41858,0.0374517457818045,381.646991938353,3.43826118863381,NA,NA,NA,NA,38934,3,9.86363636363635,6.27272727272726,215,1001.58181818182,7.68181818181817,7.33333333333333,8.88926767676768,6.02146464646464,228.888888888889,1007.06477272727,7.56060606060606,22
"115","MAC_W_012","River Scheldt (Antwerpen)","Water","NA",1,"Antwerp",0.470055991739951,578,4,"No","No",440.237,"Yes","Middle",177.35,0.025,2.18509686118416,15,1,4,0,2.523,1.66,6.144,2.503,2.185,0.001,0,20.9269841269841,"Diep Subtidaal",111,1.41858,0.0374517457818045,381.646991938353,3.43826118863381,NA,NA,NA,NA,38829,0,1.33478260869565,1,137.368421052631,1003.82173913043,4.82608695652174,0,1.37826086956522,1.65277777777777,142.872807017544,1001.34057971014,5.67814009661835,0
"116","MAC_W_013","River Scheldt (Antwerpen)","Water","NA",1,"Antwerp",0.470055991739951,578,4,"No","No",440.237,"Yes","Middle",177.35,0.025,2.18509686118416,15,1,4,0,2.523,1.66,6.144,2.503,2.185,0.001,0,20.9269841269841,"Diep Subtidaal",111,1.41858,0.0374517457818045,381.646991938353,3.43826118863381,NA,NA,NA,NA,38829,0,1.33478260869565,1,137.368421052631,1003.82173913043,4.82608695652174,0,1.37826086956522,1.65277777777777,142.872807017544,1001.34057971014,5.67814009661835,0
"117","MAC_W_014","River Scheldt (Antwerpen)","Water","NA",1,"Antwerp",0.470055991739951,578,4,"No","No",440.237,"Yes","Middle",177.35,0.025,2.18509686118416,15,1,4,0,2.523,1.66,6.144,2.503,2.185,0.001,0,20.9269841269841,"Diep Subtidaal",111,1.41858,0.0374517457818045,381.646991938353,3.43826118863381,NA,NA,NA,NA,38829,0,1.33478260869565,1,137.368421052631,1003.82173913043,4.82608695652174,0,1.37826086956522,1.65277777777777,142.872807017544,1001.34057971014,5.67814009661835,0
"118","MAC_W_015","River Scheldt (Antwerpen)","Water","NA",1,"Antwerp",0.470055991739951,578,4,"No","No",440.237,"Yes","Middle",177.35,0.025,2.18509686118416,15,1,4,0,2.523,1.66,6.144,2.503,2.185,0.001,0,20.9269841269841,"Diep Subtidaal",111,1.41858,0.0374517457818045,381.646991938353,3.43826118863381,NA,NA,NA,NA,38829,0,1.33478260869565,1,137.368421052631,1003.82173913043,4.82608695652174,0,1.37826086956522,1.65277777777777,142.872807017544,1001.34057971014,5.67814009661835,0
"119","MAC_W_050","River Scheldt (Antwerpen)","Water","NA",1,"Antwerp",0.470055991739951,578,4,"No","No",440.237,"Yes","Middle",177.35,0.025,2.18509686118416,15,1,4,0,2.523,1.66,6.144,2.503,2.185,0.001,0,20.9269841269841,"Diep Subtidaal",111,1.41858,0.0374517457818045,381.646991938353,3.43826118863381,NA,NA,NA,NA,38844,0,10.5791666666666,3.54166666666667,141.666666666667,1019.31666666667,3.91666666666667,0,10.1194444444444,2.27777777777778,188.626207729469,1019.2125,2.77777777777778,0
"120","MAC_W_051","River Scheldt (Antwerpen)","Water","NA",1,"Antwerp",0.470055991739951,578,4,"No","No",440.237,"Yes","Middle",177.35,0.025,2.18509686118416,15,1,4,0,2.523,1.66,6.144,2.503,2.185,0.001,0,20.9269841269841,"Diep Subtidaal",111,1.41858,0.0374517457818045,381.646991938353,3.43826118863381,NA,NA,NA,NA,38844,0,10.5791666666666,3.54166666666667,141.666666666667,1019.31666666667,3.91666666666667,0,10.1194444444444,2.27777777777778,188.626207729469,1019.2125,2.77777777777778,0
"121","MAC_W_052","River Scheldt (Antwerpen)","Water","NA",1,"Antwerp",0.470055991739951,578,4,"No","No",440.237,"Yes","Middle",177.35,0.025,2.18509686118416,15,1,4,0,2.523,1.66,6.144,2.503,2.185,0.001,0,20.9269841269841,"Diep Subtidaal",111,1.41858,0.0374517457818045,381.646991938353,3.43826118863381,NA,NA,NA,NA,38844,0,10.5791666666666,3.54166666666667,141.666666666667,1019.31666666667,3.91666666666667,0,10.1194444444444,2.27777777777778,188.626207729469,1019.2125,2.77777777777778,0
"122","MAC_W_053","River Scheldt (Antwerpen)","Water","NA",1,"Antwerp",0.470055991739951,578,4,"No","No",440.237,"Yes","Middle",177.35,0.025,2.18509686118416,15,1,4,0,2.523,1.66,6.144,2.503,2.185,0.001,0,20.9269841269841,"Diep Subtidaal",111,1.41858,0.0374517457818045,381.646991938353,3.43826118863381,NA,NA,NA,NA,38844,0,10.5791666666666,3.54166666666667,141.666666666667,1019.31666666667,3.91666666666667,0,10.1194444444444,2.27777777777778,188.626207729469,1019.2125,2.77777777777778,0
"123","MIC_W_048","River Scheldt (Antwerpen)","Water","NA",1,"Antwerp",0.470055991739951,578,4,"No","No",440.237,"Yes","Middle",177.35,0.025,2.18509686118416,15,1,4,0,2.523,1.66,6.144,2.503,2.185,0.001,0,20.9269841269841,"Diep Subtidaal",111,1.41858,0.0374517457818045,381.646991938353,3.43826118863381,NA,NA,NA,NA,38844,0,10.5791666666666,3.54166666666667,141.666666666667,1019.31666666667,3.91666666666667,0,10.1194444444444,2.27777777777778,188.626207729469,1019.2125,2.77777777777778,0
"124","MIC_W_049","River Scheldt (Antwerpen)","Water","NA",1,"Antwerp",0.470055991739951,578,4,"No","No",440.237,"Yes","Middle",177.35,0.025,2.18509686118416,15,1,4,0,2.523,1.66,6.144,2.503,2.185,0.001,0,20.9269841269841,"Diep Subtidaal",111,1.41858,0.0374517457818045,381.646991938353,3.43826118863381,NA,NA,NA,NA,38844,0,10.5791666666666,3.54166666666667,141.666666666667,1019.31666666667,3.91666666666667,0,10.1194444444444,2.27777777777778,188.626207729469,1019.2125,2.77777777777778,0
"125","MIC_W_050","River Scheldt (Antwerpen)","Water","NA",1,"Antwerp",0.470055991739951,578,4,"No","No",440.237,"Yes","Middle",177.35,0.025,2.18509686118416,15,1,4,0,2.523,1.66,6.144,2.503,2.185,0.001,0,20.9269841269841,"Diep Subtidaal",111,1.41858,0.0374517457818045,381.646991938353,3.43826118863381,NA,NA,NA,NA,38844,0,10.5791666666666,3.54166666666667,141.666666666667,1019.31666666667,3.91666666666667,0,10.1194444444444,2.27777777777778,188.626207729469,1019.2125,2.77777777777778,0
"126","MIC_W_051","River Scheldt (Antwerpen)","Water","NA",1,"Antwerp",0.470055991739951,578,4,"No","No",440.237,"Yes","Middle",177.35,0.025,2.18509686118416,15,1,4,0,2.523,1.66,6.144,2.503,2.185,0.001,0,20.9269841269841,"Diep Subtidaal",111,1.41858,0.0374517457818045,381.646991938353,3.43826118863381,NA,NA,NA,NA,38844,0,10.5791666666666,3.54166666666667,141.666666666667,1019.31666666667,3.91666666666667,0,10.1194444444444,2.27777777777778,188.626207729469,1019.2125,2.77777777777778,0
"127","MAC_W_124","River Scheldt (Antwerpen)","Water","NA",1,"Antwerp",0.470055991739951,578,4,"No","No",440.237,"Yes","Middle",177.35,0.025,2.18509686118416,15,1,4,0,2.523,1.66,6.144,2.503,2.185,0.001,0,20.9269841269841,"Diep Subtidaal",111,1.41858,0.0374517457818045,381.646991938353,3.43826118863381,NA,NA,NA,NA,38934,1.3,2.68333333333333,1.33333333333332,190.90909090909,1039.8375,7.82608695652174,0.433333333333333,1.875,2.01388888888888,168.980566534914,1031.48194444444,7.07893374741201,1.3
"128","MAC_W_125","River Scheldt (Antwerpen)","Water","NA",1,"Antwerp",0.470055991739951,578,4,"No","No",440.237,"Yes","Middle",177.35,0.025,2.18509686118416,15,1,4,0,2.523,1.66,6.144,2.503,2.185,0.001,0,20.9269841269841,"Diep Subtidaal",111,1.41858,0.0374517457818045,381.646991938353,3.43826118863381,NA,NA,NA,NA,38934,1.3,2.68333333333333,1.33333333333332,190.90909090909,1039.8375,7.82608695652174,0.433333333333333,1.875,2.01388888888888,168.980566534914,1031.48194444444,7.07893374741201,1.3
"129","MAC_W_126","River Scheldt (Antwerpen)","Water","NA",1,"Antwerp",0.470055991739951,578,4,"No","No",440.237,"Yes","Middle",177.35,0.025,2.18509686118416,15,1,4,0,2.523,1.66,6.144,2.503,2.185,0.001,0,20.9269841269841,"Diep Subtidaal",111,1.41858,0.0374517457818045,381.646991938353,3.43826118863381,NA,NA,NA,NA,38934,1.3,2.68333333333333,1.33333333333332,190.90909090909,1039.8375,7.82608695652174,0.433333333333333,1.875,2.01388888888888,168.980566534914,1031.48194444444,7.07893374741201,1.3
"130","MAC_W_127","River Scheldt (Antwerpen)","Water","NA",1,"Antwerp",0.470055991739951,578,4,"No","No",440.237,"Yes","Middle",177.35,0.025,2.18509686118416,15,1,4,0,2.523,1.66,6.144,2.503,2.185,0.001,0,20.9269841269841,"Diep Subtidaal",111,1.41858,0.0374517457818045,381.646991938353,3.43826118863381,NA,NA,NA,NA,38934,1.3,2.68333333333333,1.33333333333332,190.90909090909,1039.8375,7.82608695652174,0.433333333333333,1.875,2.01388888888888,168.980566534914,1031.48194444444,7.07893374741201,1.3
"131","MAC_W_128","River Scheldt (Antwerpen)","Water","NA",1,"Antwerp",0.470055991739951,578,4,"No","No",440.237,"Yes","Middle",177.35,0.025,2.18509686118416,15,1,4,0,2.523,1.66,6.144,2.503,2.185,0.001,0,20.9269841269841,"Diep Subtidaal",111,1.41858,0.0374517457818045,381.646991938353,3.43826118863381,NA,NA,NA,NA,38934,1.3,2.68333333333333,1.33333333333332,190.90909090909,1039.8375,7.82608695652174,0.433333333333333,1.875,2.01388888888888,168.980566534914,1031.48194444444,7.07893374741201,1.3
"132","MAC_S_002","River Scheldt (Doel)","Sediment","Sand",9,"Doel",0.0374158921544889,843,0,"Yes","Yes",1245.45,"Yes","Middle",431.8,0.025,2.18509686118416,15,0,0,1.265,4.679,0.765,0.513,6.426,1.332,0,0,30.9240506329114,"Diep Subtidaal",146,1.86588,0.0492608548121032,228.88799649477,1.56772600338884,NA,NA,NA,NA,24170,0,1.28695652173913,1.20326086956522,100.32,1004.27391304348,NA,0.766666666666663,1.47759661835749,1.89173973429952,131.048300395256,1001.74963768116,NA,2.29999999999999
"133","MAC_S_003","River Scheldt (Antwerpen)","Sediment","Sludge",11,"Antwerp",0.470055991739951,578,4,"No","No",440.237,"Yes","Middle",177.35,0.025,2.18509686118416,15,1,4,0,2.523,1.66,6.144,2.503,2.185,0.001,0,20.9269841269841,"Diep Subtidaal",111,1.41858,0.0374517457818045,381.646991938353,3.43826118863381,NA,NA,NA,NA,38829,0,1.33478260869565,1,137.368421052631,1003.82173913043,4.82608695652174,0,1.37826086956522,1.65277777777777,142.872807017544,1001.34057971014,5.67814009661835,0
"134","MAC_S_004","Port of Oostende (A)","Sediment","Sludge",4,"Ostend (A)",0.37946545682972,NA,0,"No","No",18.64,"No",NA,502.047,0.025,2.18509686118416,15,0,0,0,2.009,0.208,3.826,8.503,0.004,0.457,0,38.55,"Antropogeen",NA,0,0,NA,NA,NA,NA,NA,NA,12185,0.5,15.3681818181818,4.77272727272726,312.727272727272,1015.73636363636,5.18181818181817,6.16666666666667,15.8685606060606,5.41035353535353,264.659090909091,1015.00517676767,6.6300505050505,18.5
"135","MAC_S_005","Port of Oostende (B)","Sediment","Sludge",9.2,"Ostend (B)",0.350893299484996,NA,0,"No","No",42.056,"No",NA,88.881,0.025,2.18509686118416,15,0,0,0.065,3.067,0.385,5.525,5.48,0.068,0.418,0,28.6181818181818,"Antropogeen",1,0.01278,0.000337403115151392,0.100000001490116,0.100000001490116,NA,NA,NA,NA,18355,0.5,15.3681818181818,4.77272727272726,312.727272727272,1015.73636363636,5.18181818181817,6.16666666666667,15.8685606060606,5.41035353535353,264.659090909091,1015.00517676767,6.6300505050505,18.5
"136","MAC_S_006","Port of Oostende (C)","Sediment","Sludge",4,"Ostend (C)",0.313189285616458,NA,1,"No","No",12.742,"No",NA,116.333,0.025,2.18509686118416,15,1,0,0.869,4.401,0.523,5.76,2.969,0.069,0.418,0,34.3773734177215,"Antropogeen",1,0.01278,0.000337403115151392,0.100000001490116,0.100000001490116,NA,NA,NA,NA,23412,0.5,15.3681818181818,4.77272727272726,312.727272727272,1015.73636363636,5.18181818181817,6.16666666666667,15.8685606060606,5.41035353535353,264.659090909091,1015.00517676767,6.6300505050505,18.5
"137","MAC_S_007","Port of Nieuwpoort (A)","Sediment","Sand",4.6,"Nieuwpoort (A)",0.59815727776823,NA,2,"No","No",109.485,"No",NA,25.323,0.025,2.18509686118416,15,0,0,1.068,0.408,0,2.138,9.052,1.397,0.971,0,59.6842105263158,"Antropogeen",NA,0,0,NA,NA,NA,NA,NA,NA,2278,1.2,12.7681818181818,7.81818181818182,267.727272727272,1012.07727272727,6,5.33333333333333,12.9366161616161,7.82828282828283,240.770202020202,1002.37575757576,6.18055555555555,16
"138","MAC_S_008","Port of Nieuwpoort (B)","Sediment","Sludge",4,"Nieuwpoort (B)",0.415132728478322,NA,0,"No","No",13.162,"No",NA,61.83,0.025,2.18509686118416,15,0,0,3.941,1.458,0,4.374,2.709,1.141,1.413,0,47.25,"Antropogeen",NA,0,0,NA,NA,NA,NA,NA,NA,4439,1.2,12.7681818181818,7.81818181818182,267.727272727272,1012.07727272727,6,5.33333333333333,12.9366161616161,7.82828282828283,240.770202020202,1002.37575757576,6.18055555555555,16
"139","MAC_S_009","Port of Nieuwpoort (C)","Sediment","Sludge",2.5,"Nieuwpoort (C)",0.324895425986018,NA,1,"No","No",20.61,"No",NA,96.6,0.025,2.18509686118416,15,0,1,5.45,1.543,0.223,3.562,1.066,0.443,1.374,0,41.8,"Antropogeen",NA,0,0,NA,NA,NA,NA,NA,NA,4967,1.2,12.7681818181818,7.81818181818182,267.727272727272,1012.07727272727,6,5.33333333333333,12.9366161616161,7.82828282828283,240.770202020202,1002.37575757576,6.18055555555555,16
"140","MAC_S_010","River Scheldt (Temse)","Sediment","Sand",4,"Temse",0.692196088302361,470,3,"Yes","Yes",138.086,"No",NA,32.053,0.025,2.18509686118416,15,3,0,7.248,0.19,0,4.425,1.478,1.705,0,0,50.8391167192429,"Matig Diep Subtidaal",440,5.6232,0.148457370666612,822.980994567275,1.87041135128926,NA,NA,NA,NA,9459,0,9.38260869565216,3.8695652173913,222.272727272727,997.265217391303,7.04347826086956,0,6.81642512077294,3.30374396135265,197.007575757576,997.307850241545,7.36171497584541,0
"141","MAC_S_011","Port of Nieuwpoort (A)","Sediment","Sludge+sand",10,"Nieuwpoort (A)",0.59815727776823,NA,2,"No","No",109.485,"No",NA,25.323,0.025,2.18509686118416,15,0,0,1.068,0.408,0,2.138,9.052,1.397,0.971,0,59.6842105263158,"Antropogeen",NA,0,0,NA,NA,NA,NA,NA,NA,2282,2.6,6.59565217391303,9.34782608695651,232.608695652173,1004.99130434783,5.26086956521738,1.23333333333333,7.09160628019323,10.1020531400966,221.980676328502,1005.58737922706,5.90640096618357,3.7
"142","MAC_S_012","Port of Nieuwpoort (B)","Sediment","Sludge",5,"Nieuwpoort (B)",0.415132728478322,NA,0,"No","No",13.162,"No",NA,61.83,0.025,2.18509686118416,15,0,0,3.941,1.458,0,4.374,2.709,1.141,1.413,0,47.25,"Antropogeen",NA,0,0,NA,NA,NA,NA,NA,NA,4448,2.6,6.59565217391303,9.34782608695651,232.608695652173,1004.99130434783,5.26086956521738,1.23333333333333,7.09160628019323,10.1020531400966,221.980676328502,1005.58737922706,5.90640096618357,3.7
"143","MAC_S_013","Port of Nieuwpoort (C)","Sediment","Sand",8,"Nieuwpoort (C)",0.324895425986018,NA,1,"No","No",20.61,"No",NA,96.6,0.025,2.18509686118416,15,0,1,5.45,1.543,0.223,3.562,1.066,0.443,1.374,0,41.8,"Antropogeen",NA,0,0,NA,NA,NA,NA,NA,NA,4977,2.6,6.59565217391303,9.34782608695651,232.608695652173,1004.99130434783,5.26086956521738,1.23333333333333,7.09160628019323,10.1020531400966,221.980676328502,1005.58737922706,5.90640096618357,3.7
"144","MAC_S_014","River Scheldt (Wintam)","Sediment","Sand",10,"Wintam",0.578952432274277,1182,4,"Yes","Yes",162.84,"Yes","Middle",62.325,0.025,2.18509686118416,15,0,2,4.883,0.85,0,3.525,2.832,2.956,0,0,37.4145569620253,"Diep Subtidaal",550,7.029,0.185571713333265,1098.52699995786,1.9973218181052,NA,NA,NA,NA,14223,0,8.97173913043478,3.17391304347825,33.4782608695651,1018.3347826087,5.54545454545455,0,10.1653660349313,3.06117614269788,134.556856187291,1016.76020531401,6.15227526097092,0
"145","MAC_S_015","Port of Oostende (A)","Sediment","Sludge",3,"Ostend (A)",0.37946545682972,NA,0,"No","No",18.64,"No",NA,502.047,0.025,2.18509686118416,15,0,0,0,2.009,0.208,3.826,8.503,0.004,0.457,0,38.55,"Antropogeen",NA,0,0,NA,NA,NA,NA,NA,NA,12204,4.4,3.18260869565217,5.78260869565217,181.739130434782,1022.36086956522,7.21739130434782,1.46666666666667,-0.629408212560387,6.35809178743961,145.857487922705,1029.9786231884,5.04468599033816,4.4
"146","MAC_S_016","Port of Oostende (B)","Sediment","Sludge",6,"Ostend (B)",0.350893299484996,NA,0,"No","No",42.056,"No",NA,88.881,0.025,2.18509686118416,15,0,0,0.065,3.067,0.385,5.525,5.48,0.068,0.418,0,28.6181818181818,"Antropogeen",1,0.01278,0.000337403115151392,0.100000001490116,0.100000001490116,NA,NA,NA,NA,18379,4.4,3.18260869565217,5.78260869565217,181.739130434782,1022.36086956522,7.21739130434782,1.46666666666667,-0.629408212560387,6.35809178743961,145.857487922705,1029.9786231884,5.04468599033816,4.4
"147","MAC_S_017","Port of Oostende (C)","Sediment","Sludge",6,"Ostend (C)",0.313189285616458,NA,1,"No","No",12.742,"No",NA,116.333,0.025,2.18509686118416,15,1,0,0.869,4.401,0.523,5.76,2.969,0.069,0.418,0,34.3773734177215,"Antropogeen",1,0.01278,0.000337403115151392,0.100000001490116,0.100000001490116,NA,NA,NA,NA,23441,4.4,3.18260869565217,5.78260869565217,181.739130434782,1022.36086956522,7.21739130434782,1.46666666666667,-0.629408212560387,6.35809178743961,145.857487922705,1029.9786231884,5.04468599033816,4.4
"148","MAC_S_018","Port of Antwerp (Vijfde Havendok)","Sediment","Sludge+sand",10,"Vijfde Havendok",0.365489811353062,761,1,"No","No",277.86,"No",NA,43.311,0.025,2.18509686118416,15,0,0,0,6.846,0.123,1.667,4.557,1.019,0.792,0,33.0134813639968,"Antropogeen",22,0.28116,0.00742286853333062,26.7339999675751,1.21518181670796,NA,NA,NA,NA,38933,0,19.9958333333333,2.145125,66.2458333333332,1020.55833333333,NA,0,19.3416666666666,2.21636111111111,143.752958937198,1023.05,NA,0
"149","MAC_S_019","River Scheldt (Doel)","Sediment","Sludge",10,"Doel",0.0374158921544889,843,0,"Yes","Yes",1245.45,"Yes","Middle",431.8,0.025,2.18509686118416,15,0,0,1.265,4.679,0.765,0.513,6.426,1.332,0,0,30.9240506329114,"Diep Subtidaal",146,1.86588,0.0492608548121032,228.88799649477,1.56772600338884,NA,NA,NA,NA,24170,0,9.60454545454545,2.786,91.6045454545455,1021.60454545455,NA,0,9.77373737373738,3.10917753623188,82.3558025911288,1017.68303689065,NA,0
"150","MAC_S_020","River Scheldt (Antwerpen)","Sediment","Sand",7,"Antwerp",0.470055991739951,578,4,"No","No",440.237,"Yes","Middle",177.35,0.025,2.18509686118416,15,1,4,0,2.523,1.66,6.144,2.503,2.185,0.001,0,20.9269841269841,"Diep Subtidaal",111,1.41858,0.0374517457818045,381.646991938353,3.43826118863381,NA,NA,NA,NA,38829,0,9.71818181818182,3.54545454545454,54.0909090909091,1021.05909090908,6.54545454545455,0,9.7021958717611,3.44812252964426,71.6897233201581,1017.24656895037,6.21870882740448,0
"151","MAC_S_021","Port of Antwerp (Doeldok)","Sediment","Sludge",7,"Doeldok",0.101967214843083,70,0,"Yes","No",572.789,"No",NA,64.5,0.025,2.18509686118416,15,0,0,3.599,7.037,0,0.001,3.862,0.493,0,0,28.0341540905481,"Antropogeen",376,4.80528,0.126863571296923,476.506003022194,1.26730319952711,NA,NA,NA,NA,4812,0,23.1727272727273,1.91895454545455,130.963636363636,1013.96818181818,NA,0,21.2409090909091,2.24569318181818,135.391562362758,1018.59633838384,NA,0
"152","MAC_S_022","North Sea Port (Grootdok)","Sediment","Sludge+sand",4,"Grootdok",0.353132768196688,852,1,"No","No",129.727,"No",NA,8.854,0.025,2.18509686118416,15,0,3,0.399,5.645,1.14,6.04,1.835,0,0,0,44.0952380952381,"Antropogeen",314,4.01292,0.105944578157537,388.468000717461,1.2371592379537,NA,NA,NA,NA,25132,14.2,11.5875,4.76183333333333,250.783333333332,1004.9375,NA,6.83333333333333,11.05,3.76404166666666,218.796437198067,1003.28333333333,NA,20.5
"153","MAC_S_023","North Sea Port (Ringvaart)","Sediment","Sludge",3,"Ringvaart",0.194950200522831,147,3,"No","No",177.861,"No",NA,10,0.025,2.18509686118416,15,1,0,1.633,6.361,0.301,4.427,2.326,0,0,0,31.4889064976228,"Antropogeen",257,3.28446,0.0867126005939077,285.37400008738,1.1104046696007,NA,NA,NA,NA,19830,14.2,11.5875,4.76183333333333,250.783333333332,1004.9375,NA,6.83333333333333,11.05,3.76404166666666,218.796437198067,1003.28333333333,NA,20.5
"154","MAC_S_024","North Sea Port (Sifferdok)","Sediment","Sludge",13,"Sifferdok",0.200796813704073,970,0,"No","No",334.245,"No",NA,47.474,0.025,2.18509686118416,15,0,1,0.979,5.725,0.307,5.751,2.292,0,0,0,36.553125,"Antropogeen",107,1.36746,0.0361021333211989,164.126999765635,1.53389719407135,NA,NA,NA,NA,25123,14.2,11.5875,4.76183333333333,250.783333333332,1004.9375,NA,6.83333333333333,11.05,3.76404166666666,218.796437198067,1003.28333333333,NA,20.5
"155","MAC_S_025","Port of Oostende (A)","Sediment","Sludge+sand",3,"Ostend (A)",0.37946545682972,NA,0,"No","No",18.64,"No",NA,502.047,0.025,2.18509686118416,15,0,0,0,2.009,0.208,3.826,8.503,0.004,0.457,0,38.55,"Antropogeen",NA,0,0,NA,NA,NA,NA,NA,NA,12185,3.9,11.1583333333332,6,209.583333333333,1023.27083333333,7.25,7.3,10.9444444444443,7.06944444444444,214.305555555555,1012.90555555555,6.36111111111111,21.9
"156","MAC_S_026","Port of Oostende (B)","Sediment","Sludge",11,"Ostend (B)",0.350893299484996,NA,0,"No","No",42.056,"No",NA,88.881,0.025,2.18509686118416,15,0,0,0.065,3.067,0.385,5.525,5.48,0.068,0.418,0,28.6181818181818,"Antropogeen",1,0.01278,0.000337403115151392,0.100000001490116,0.100000001490116,NA,NA,NA,NA,18355,3.9,11.1583333333332,6,209.583333333333,1023.27083333333,7.25,7.3,10.9444444444443,7.06944444444444,214.305555555555,1012.90555555555,6.36111111111111,21.9
"157","MAC_S_027","Port of Oostende (C)","Sediment","Sludge",6,"Ostend (C)",0.313189285616458,NA,1,"No","No",12.742,"No",NA,116.333,0.025,2.18509686118416,15,1,0,0.869,4.401,0.523,5.76,2.969,0.069,0.418,0,34.3773734177215,"Antropogeen",1,0.01278,0.000337403115151392,0.100000001490116,0.100000001490116,NA,NA,NA,NA,23412,3.9,11.1583333333332,6,209.583333333333,1023.27083333333,7.25,7.3,10.9444444444443,7.06944444444444,214.305555555555,1012.90555555555,6.36111111111111,21.9
"158","MAC_S_028","North Sea Port (Mercatordok)","Sediment","Sludge",10,"Mercatordok",0.182634954197605,609,1,"No","No",230,"No",NA,10,0.025,2.18509686118416,15,0,0,2.55,6.847,0,3.855,1.775,0.019,0,0,34.7619047619048,"Antropogeen",176,2.24928,0.059382948266645,317.08699914813,1.80163067697801,NA,NA,NA,NA,21425,12.1,12.3409090909091,3.35536363636364,267.131818181818,1013.7,NA,9.23333333333333,11.7372474747474,3.91816287878788,242.49255050505,1006.63194444444,NA,27.7
"159","MAC_S_029","North Sea Port (Insteekdok Zelzate)","Sediment","Sand",6,"Insteekdok",0.167465243092528,236,2,"Yes","No",74.034,"No",NA,10,0.025,2.18509686118416,15,1,0,1.948,5.479,0,4.55,1.306,1.736,0,0,39.5789473684211,"Antropogeen",77,0.98406,0.0259800398666572,117.4650003016,1.52551948443636,NA,NA,NA,NA,16934,0.05,12.5,4.09999999999999,268,1013.6,NA,5.15,11.7666666666667,4.36666666666666,245.333333333333,1006.26666666667,NA,15.45
"160","MAC_S_030","North Sea Port (Kluizendok)","Sediment","Sludge",5,"Kluizendok",0.204210430989968,934,0,"No","No",211.259,"No",NA,10,0.025,2.18509686118416,15,0,0,2.472,6.532,0.266,0.957,2.51,2.208,0.085,0,28.0526315789474,"Antropogeen",102,1.30356,0.034415117745442,213.639999806881,2.09450980202825,NA,NA,NA,NA,20726,0.05,12.5,4.09999999999999,268,1013.6,NA,5.15,11.7666666666667,4.36666666666666,245.333333333333,1006.26666666667,NA,15.45
"161","MAC_S_031","Port of Nieuwpoort (A)","Sediment","Sludge+sand",3,"Nieuwpoort (A)",0.59815727776823,NA,2,"No","No",109.485,"No",NA,25.323,0.025,2.18509686118416,15,0,0,1.068,0.408,0,2.138,9.052,1.397,0.971,0,59.6842105263158,"Antropogeen",NA,0,0,NA,NA,NA,NA,NA,NA,2278,0,11.6,6,192.916666666667,1019.65,4.25,2.63333333333333,10.9458333333333,6.41666666666667,214.027777777778,1018.88472222222,5.83333333333333,7.9
"162","MAC_S_032","Port of Nieuwpoort (B)","Sediment","Sludge",4,"Nieuwpoort (B)",0.415132728478322,NA,0,"No","No",13.162,"No",NA,61.83,0.025,2.18509686118416,15,0,0,3.941,1.458,0,4.374,2.709,1.141,1.413,0,47.25,"Antropogeen",NA,0,0,NA,NA,NA,NA,NA,NA,4439,0,11.6,6,192.916666666667,1019.65,4.25,2.63333333333333,10.9458333333333,6.41666666666667,214.027777777778,1018.88472222222,5.83333333333333,7.9
"163","MAC_S_033","Port of Nieuwpoort (C)","Sediment","Sludge",4,"Nieuwpoort (C)",0.324895425986018,NA,1,"No","No",20.61,"No",NA,96.6,0.025,2.18509686118416,15,0,1,5.45,1.543,0.223,3.562,1.066,0.443,1.374,0,41.8,"Antropogeen",NA,0,0,NA,NA,NA,NA,NA,NA,4967,0,11.6,6,192.916666666667,1019.65,4.25,2.63333333333333,10.9458333333333,6.41666666666667,214.027777777778,1018.88472222222,5.83333333333333,7.9
"164","MAC_S_034","Port of Antwerp (Schelde Rijn kanaal)","Sediment","Sludge",6,"Schelde Rijn kanaal",0.176334851429806,NA,0,"No","No",322.285,"No",NA,27.459,0.025,2.18509686118416,15,0,0,6.489,1.668,1.179,1.726,2.279,1.34,0,0.284,30.7870150435471,"Antropogeen",0,0,0,0,NA,NA,NA,NA,NA,31646,5.5,8.93478260869565,5.45008695652173,270.195652173913,1023.73043478261,NA,1.96666666666667,11.4213164251208,5.99725120772946,220.366606280193,1022.67125603865,NA,5.9
"165","MAC_S_035","Port of Antwerp (Kanaaldok)","Sediment","Sludge",4,"Kanaaldok",0.0381474224480696,217,0,"No","No",402.531,"No",NA,45.849,0.025,2.18509686118416,15,1,0,0,6.619,1.913,0.224,4.565,0.606,0,1.055,31.5893141945774,"Antropogeen",12,0.15336,0.0040488373818167,9.71499997377396,0.80958333114783,NA,NA,NA,NA,37507,5.5,8.93478260869565,5.45008695652173,270.195652173913,1023.73043478261,NA,1.96666666666667,11.4213164251208,5.99725120772946,220.366606280193,1022.67125603865,NA,5.9
"166","MAC_S_037","River Scheldt (Doel)","Sediment","Sludge",10,"Doel",0.0374158921544889,843,0,"Yes","Yes",1245.45,"Yes","Middle",431.8,0.025,2.18509686118416,15,0,0,1.265,4.679,0.765,0.513,6.426,1.332,0,0,30.9240506329114,"Diep Subtidaal",146,1.86588,0.0492608548121032,228.88799649477,1.56772600338884,NA,NA,NA,NA,24178,0,9.52083333333333,3.46974999999999,163.445833333333,1019.84166666667,NA,0.133333333333333,9.59166666666665,2.34124999999999,191.647295321637,1019.625,NA,0.4
"167","MAC_S_038","River Scheldt (Antwerpen)","Sediment","Sand",7,"Antwerp",0.470055991739951,578,4,"No","No",440.237,"Yes","Middle",177.35,0.025,2.18509686118416,15,1,4,0,2.523,1.66,6.144,2.503,2.185,0.001,0,20.9269841269841,"Diep Subtidaal",111,1.41858,0.0374517457818045,381.646991938353,3.43826118863381,NA,NA,NA,NA,38844,0,16.8818181818182,4.68181818181817,336.363636363635,1017.28181818182,6.68181818181817,0,17.1425505050505,3.74116161616161,176.499231444883,1022.62171717172,3.29671717171717,0
"168","MAC_S_039","Port of Oostende (B)","Sediment","Sludge",7,"Ostend (B)",0.350893299484996,NA,0,"No","No",42.056,"No",NA,88.881,0.025,2.18509686118416,15,0,0,0.065,3.067,0.385,5.525,5.48,0.068,0.418,0,28.6181818181818,"Antropogeen",1,0.01278,0.000337403115151392,0.100000001490116,0.100000001490116,NA,NA,NA,NA,18379,0,8.29583333333333,4.66666666666666,72.5,1010.37083333333,3.54166666666667,0,7.52916666666667,6.12499999999999,55,1019.46944444444,3,0
"169","MAC_S_040","Port of Nieuwpoort (A)","Sediment","Sand",4.5,"Nieuwpoort (A)",0.59815727776823,NA,2,"No","No",109.485,"No",NA,25.323,0.025,2.18509686118416,15,0,0,1.068,0.408,0,2.138,9.052,1.397,0.971,0,59.6842105263158,"Antropogeen",NA,0,0,NA,NA,NA,NA,NA,NA,2278,0,13.5041666666667,1.875,233.043478260869,1011,1.83333333333332,0.433333333333333,15.1583333333334,3,158.426108915239,1015.10555555555,1.79166666666666,1.3
"170","MAC_S_041","Port of Nieuwpoort (B)","Sediment","Sludge",4,"Nieuwpoort (B)",0.415132728478322,NA,0,"No","No",13.162,"No",NA,61.83,0.025,2.18509686118416,15,0,0,3.941,1.458,0,4.374,2.709,1.141,1.413,0,47.25,"Antropogeen",NA,0,0,NA,NA,NA,NA,NA,NA,4439,0,13.5041666666667,1.875,233.043478260869,1011,1.83333333333332,0.433333333333333,15.1583333333334,3,158.426108915239,1015.10555555555,1.79166666666666,1.3
"171","MAC_S_042","Port of Nieuwpoort (C)","Sediment","Sludge",1,"Nieuwpoort (C)",0.324895425986018,NA,1,"No","No",20.61,"No",NA,96.6,0.025,2.18509686118416,15,0,1,5.45,1.543,0.223,3.562,1.066,0.443,1.374,0,41.8,"Antropogeen",NA,0,0,NA,NA,NA,NA,NA,NA,4967,0,13.5041666666667,1.875,233.043478260869,1011,1.83333333333332,0.433333333333333,15.1583333333334,3,158.426108915239,1015.10555555555,1.79166666666666,1.3
"172","MAC_S_043","Port of Oostende (A)","Sediment","Sludge",9,"Ostend (A)",0.37946545682972,NA,0,"No","No",18.64,"No",NA,502.047,0.025,2.18509686118416,15,0,0,0,2.009,0.208,3.826,8.503,0.004,0.457,0,38.55,"Antropogeen",NA,0,0,NA,NA,NA,NA,NA,NA,12185,32.1,12.3727272727273,6.31818181818182,209.545454545454,999.595454545455,4.68181818181817,14.0333333333333,13.9089646464647,4.31439393939394,215.58519982433,1004.5095959596,4.3800505050505,42.1
"173","MAC_S_044","Port of Oostende (B)","Sediment","Sludge",10.5,"Ostend (B)",0.350893299484996,NA,0,"No","No",42.056,"No",NA,88.881,0.025,2.18509686118416,15,0,0,0.065,3.067,0.385,5.525,5.48,0.068,0.418,0,28.6181818181818,"Antropogeen",1,0.01278,0.000337403115151392,0.100000001490116,0.100000001490116,NA,NA,NA,NA,18355,32.1,12.3727272727273,6.31818181818182,209.545454545454,999.595454545455,4.68181818181817,14.0333333333333,13.9089646464647,4.31439393939394,215.58519982433,1004.5095959596,4.3800505050505,42.1
"174","MAC_S_045","Port of Oostende (C)","Sediment","Sludge",6,"Ostend (C)",0.313189285616458,NA,1,"No","No",12.742,"No",NA,116.333,0.025,2.18509686118416,15,1,0,0.869,4.401,0.523,5.76,2.969,0.069,0.418,0,34.3773734177215,"Antropogeen",1,0.01278,0.000337403115151392,0.100000001490116,0.100000001490116,NA,NA,NA,NA,23412,32.1,12.3727272727273,6.31818181818182,209.545454545454,999.595454545455,4.68181818181817,14.0333333333333,13.9089646464647,4.31439393939394,215.58519982433,1004.5095959596,4.3800505050505,42.1
"175","MAC_S_047","River Scheldt (Doel)","Sediment","Sludge+sand",12,"Doel",0.0374158921544889,843,0,"Yes","Yes",1245.45,"Yes","Middle",431.8,0.025,2.18509686118416,15,0,0,1.265,4.679,0.765,0.513,6.426,1.332,0,0,30.9240506329114,"Diep Subtidaal",146,1.86588,0.0492608548121032,228.88799649477,1.56772600338884,NA,NA,NA,NA,24178,1.3,4.42608695652173,5.15517391304348,206.752173913043,1012.76086956522,NA,1.23333333333333,4.00036231884057,4.91397463768116,225.820169082125,1012.06612318841,NA,3.7
"176","MAC_S_048","River Scheldt (Antwerpen)","Sediment","Sand",6,"Antwerp",0.470055991739951,578,4,"No","No",440.237,"Yes","Middle",177.35,0.025,2.18509686118416,15,1,4,0,2.523,1.66,6.144,2.503,2.185,0.001,0,20.9269841269841,"Diep Subtidaal",111,1.41858,0.0374517457818045,381.646991938353,3.43826118863381,NA,NA,NA,NA,38844,0,4.02173913043477,4.34782608695651,215.217391304348,1012.52608695652,8,0,3.73502415458936,4.14371980676328,215.905797101449,1011.81147342995,6.86111111111111,0
"177","MAC_S_049","Port of Oostende (A)","Sediment","Sludge",4,"Ostend (A)",0.37946545682972,NA,0,"No","No",18.64,"No",NA,502.047,0.025,2.18509686118416,15,0,0,0,2.009,0.208,3.826,8.503,0.004,0.457,0,38.55,"Antropogeen",NA,0,0,NA,NA,NA,NA,NA,NA,12204,0,8.29583333333333,4.66666666666666,72.5,1010.37083333333,3.54166666666667,0,7.52916666666667,6.12499999999999,55,1019.46944444444,3,0
"178","MAC_S_050","Port of Oostende (B)","Sediment","Sludge",6,"Ostend (B)",0.350893299484996,NA,0,"No","No",42.056,"No",NA,88.881,0.025,2.18509686118416,15,0,0,0.065,3.067,0.385,5.525,5.48,0.068,0.418,0,28.6181818181818,"Antropogeen",1,0.01278,0.000337403115151392,0.100000001490116,0.100000001490116,NA,NA,NA,NA,18379,0,8.29583333333333,4.66666666666666,72.5,1010.37083333333,3.54166666666667,0,7.52916666666667,6.12499999999999,55,1019.46944444444,3,0
"179","MAC_S_051","Port of Oostende (C)","Sediment","Sludge",6,"Ostend (C)",0.313189285616458,NA,1,"No","No",12.742,"No",NA,116.333,0.025,2.18509686118416,15,1,0,0.869,4.401,0.523,5.76,2.969,0.069,0.418,0,34.3773734177215,"Antropogeen",1,0.01278,0.000337403115151392,0.100000001490116,0.100000001490116,NA,NA,NA,NA,23441,0,8.29583333333333,4.66666666666666,72.5,1010.37083333333,3.54166666666667,0,7.52916666666667,6.12499999999999,55,1019.46944444444,3,0
"180","MAC_S_052","Port of Nieuwpoort (A)","Sediment","Sand",9,"Nieuwpoort (A)",0.59815727776823,NA,2,"No","No",109.485,"No",NA,25.323,0.025,2.18509686118416,15,0,0,1.068,0.408,0,2.138,9.052,1.397,0.971,0,59.6842105263158,"Antropogeen",NA,0,0,NA,NA,NA,NA,NA,NA,2282,0,8.65909090909091,5.77272727272726,61.8181818181817,1004.83636363636,6.13636363636364,0,8.03080808080808,5.74368686868686,58.9393939393939,1011.87462121212,4.12878787878788,0
"181","MAC_S_053","Port of Nieuwpoort (B)","Sediment","Sludge+sand",6,"Nieuwpoort (B)",0.415132728478322,NA,0,"No","No",13.162,"No",NA,61.83,0.025,2.18509686118416,15,0,0,3.941,1.458,0,4.374,2.709,1.141,1.413,0,47.25,"Antropogeen",NA,0,0,NA,NA,NA,NA,NA,NA,4448,0,8.65909090909091,5.77272727272726,61.8181818181817,1004.83636363636,6.13636363636364,0,8.03080808080808,5.74368686868686,58.9393939393939,1011.87462121212,4.12878787878788,0
"182","MAC_S_054","Port of Nieuwpoort (C)","Sediment","Sludge",7,"Nieuwpoort (C)",0.324895425986018,NA,1,"No","No",20.61,"No",NA,96.6,0.025,2.18509686118416,15,0,1,5.45,1.543,0.223,3.562,1.066,0.443,1.374,0,41.8,"Antropogeen",NA,0,0,NA,NA,NA,NA,NA,NA,4977,0,8.65909090909091,5.77272727272726,61.8181818181817,1004.83636363636,6.13636363636364,0,8.03080808080808,5.74368686868686,58.9393939393939,1011.87462121212,4.12878787878788,0
"183","MAC_S_055","Port of Nieuwpoort (A)","Sediment","Sand",10,"Nieuwpoort (A)",0.59815727776823,NA,2,"No","No",109.485,"No",NA,25.323,0.025,2.18509686118416,15,0,0,1.068,0.408,0,2.138,9.052,1.397,0.971,0,59.6842105263158,"Antropogeen",NA,0,0,NA,NA,NA,NA,NA,NA,2282,3.7,16.8874999999999,1.91666666666667,192.272727272727,1014.3875,5.91666666666666,17.4,17.1972222222221,2.76388888888889,114.924242424242,1015.98194444444,6.34722222222222,52.2
"184","MAC_S_056","Port of Nieuwpoort (B)","Sediment","Sludge",7,"Nieuwpoort (B)",0.415132728478322,NA,0,"No","No",13.162,"No",NA,61.83,0.025,2.18509686118416,15,0,0,3.941,1.458,0,4.374,2.709,1.141,1.413,0,47.25,"Antropogeen",NA,0,0,NA,NA,NA,NA,NA,NA,4448,3.7,16.8874999999999,1.91666666666667,192.272727272727,1014.3875,5.91666666666666,17.4,17.1972222222221,2.76388888888889,114.924242424242,1015.98194444444,6.34722222222222,52.2
"185","MAC_S_057","Port of Nieuwpoort (C)","Sediment","Sludge",5,"Nieuwpoort (C)",0.324895425986018,NA,1,"No","No",20.61,"No",NA,96.6,0.025,2.18509686118416,15,0,1,5.45,1.543,0.223,3.562,1.066,0.443,1.374,0,41.8,"Antropogeen",NA,0,0,NA,NA,NA,NA,NA,NA,4977,3.7,16.8874999999999,1.91666666666667,192.272727272727,1014.3875,5.91666666666666,17.4,17.1972222222221,2.76388888888889,114.924242424242,1015.98194444444,6.34722222222222,52.2
"186","MAC_S_058","River Scheldt (Temse)","Sediment","Sand",5,"Temse",0.692196088302361,470,3,"Yes","Yes",138.086,"No",NA,32.053,0.025,2.18509686118416,15,3,0,7.248,0.19,0,4.425,1.478,1.705,0,0,50.8391167192429,"Matig Diep Subtidaal",440,5.6232,0.148457370666612,822.980994567275,1.87041135128926,NA,NA,NA,NA,9459,0,17.4583333333333,3.5,37.9166666666667,1027.3875,0.916666666666666,16.7333333333333,17.9041666666666,3.73611111111111,140,1022.67222222222,4.75,50.2
"187","MAC_S_059","River Scheldt (Wintam)","Sediment","Sludge+sand",10,"Wintam",0.578952432274277,1182,4,"Yes","Yes",162.84,"Yes","Middle",62.325,0.025,2.18509686118416,15,0,2,4.883,0.85,0,3.525,2.832,2.956,0,0,37.4145569620253,"Diep Subtidaal",550,7.029,0.185571713333265,1098.52699995786,1.9973218181052,NA,NA,NA,NA,14233,0,17.0874999999999,3.04166666666667,155.217391304348,1023.19583333333,2.29166666666667,0.666666666666667,17.6541666666666,3.41666666666666,106.600241545894,1024.82083333333,3.22222222222222,2
"188","MAC_S_061","River Scheldt (Temse)","Sediment","Sand",5,"Temse",0.692196088302361,470,3,"Yes","Yes",138.086,"No",NA,32.053,0.025,2.18509686118416,15,3,0,7.248,0.19,0,4.425,1.478,1.705,0,0,50.8391167192429,"Matig Diep Subtidaal",440,5.6232,0.148457370666612,822.980994567275,1.87041135128926,NA,NA,NA,NA,9459,0,4.16249999999999,0.666666666666666,212.142857142857,1030.79166666666,7,3.06666666666666,5.48055555555555,1.91666666666667,209.785431959345,1024.25833333333,4.16538789428815,9.19999999999999
"189","MAC_S_062","River Scheldt (Wintam)","Sediment","Sand",10,"Wintam",0.578952432274277,1182,4,"Yes","Yes",162.84,"Yes","Middle",62.325,0.025,2.18509686118416,15,0,2,4.883,0.85,0,3.525,2.832,2.956,0,0,37.4145569620253,"Diep Subtidaal",550,7.029,0.185571713333265,1098.52699995786,1.9973218181052,NA,NA,NA,NA,14233,0,6.125,0.875,101.052631578947,1022.0625,7.94736842105263,0,5.02916666666666,1.36111111111111,143.034859876965,1026.58749999999,5.0608875128999,0
"190","MAC_S_063","River Scheldt (Antwerpen)","Sediment","Sand",10,"Antwerp",0.470055991739951,578,4,"No","No",440.237,"Yes","Middle",177.35,0.025,2.18509686118416,15,1,4,0,2.523,1.66,6.144,2.503,2.185,0.001,0,20.9269841269841,"Diep Subtidaal",111,1.41858,0.0374517457818045,381.646991938353,3.43826118863381,NA,NA,NA,NA,38844,1.6,6.01304347826086,1.78260869565217,254,1012.4652173913,6.47826086956522,0.533333333333333,5.43351449275362,1.10809178743961,189.065162907268,1021.77312801932,7.14187643020595,1.6
"191","MAC_S_064","River Scheldt (Breskens)","Sediment","Sand",14,"Breskens",0.151664937486743,1550,0,"No","Yes",4560.276,"No",NA,1485.85,0.025,2.18509686118416,15,0,0,0.288,0.427,0,1.451,12.678,0,0.106,0,23.4075235109718,"Hoogdynamisch sublittoraal",0,0,0,0,NA,NA,NA,NA,NA,179,0.2,3.6,6,180,1032.2,7,0.15,4.1,5.76666666666667,204.333333333333,1018.66666666667,6.33333333333333,0.45
"192","MAC_S_065","River Scheldt (Terneuzen)","Sediment","Sand",27,"Terneuzen",0.193043486831849,2796,0,"No","Yes",5795.649,"Yes","Outside",629.126,0.025,2.18509686118416,15,0,0,0,1.951,0,3.842,9.18,0,0,0,49.3943217665615,"Hoogdynamisch sublittoraal",7,0.08946,0.00236182180605974,2.33400005847216,0.333428579781737,NA,NA,NA,NA,1156,0.2,2.7,3,184,1032.59999999999,NA,0.133333333333333,2.96666666666667,3.5,205,1019.06666666666,NA,0.4
"193","MAC_W_001","River Scheldt (Wintam)","Water","NA",1,"Wintam",0.578952432274277,1182,4,"Yes","Yes",162.84,"Yes","Middle",62.325,0.025,2.18509686118416,15,0,2,4.883,0.85,0,3.525,2.832,2.956,0,0,37.4145569620253,"Diep Subtidaal",550,7.029,0.185571713333265,1098.52699995786,1.9973218181052,NA,NA,NA,NA,14223,0,1.33478260869565,1,137.368421052631,1003.82173913043,4.82608695652174,0,1.37826086956522,1.65277777777777,142.872807017544,1001.34057971014,5.67814009661835,0
"194","MAC_W_002","River Scheldt (Wintam)","Water","NA",1,"Wintam",0.578952432274277,1182,4,"Yes","Yes",162.84,"Yes","Middle",62.325,0.025,2.18509686118416,15,0,2,4.883,0.85,0,3.525,2.832,2.956,0,0,37.4145569620253,"Diep Subtidaal",550,7.029,0.185571713333265,1098.52699995786,1.9973218181052,NA,NA,NA,NA,14223,0,1.33478260869565,1,137.368421052631,1003.82173913043,4.82608695652174,0,1.37826086956522,1.65277777777777,142.872807017544,1001.34057971014,5.67814009661835,0
"195","MAC_W_010","River Scheldt (Doel)","Water","NA",1,"Doel",0.0374158921544889,843,0,"Yes","Yes",1245.45,"Yes","Middle",431.8,0.025,2.18509686118416,15,0,0,1.265,4.679,0.765,0.513,6.426,1.332,0,0,30.9240506329114,"Diep Subtidaal",146,1.86588,0.0492608548121032,228.88799649477,1.56772600338884,NA,NA,NA,NA,24170,0,1.28695652173913,1.20326086956522,100.32,1004.27391304348,NA,0.766666666666663,1.47759661835749,1.89173973429952,131.048300395256,1001.74963768116,NA,2.29999999999999
"196","MAC_W_011","River Scheldt (Antwerpen)","Water","NA",1,"Antwerp",0.470055991739951,578,4,"No","No",440.237,"Yes","Middle",177.35,0.025,2.18509686118416,15,1,4,0,2.523,1.66,6.144,2.503,2.185,0.001,0,20.9269841269841,"Diep Subtidaal",111,1.41858,0.0374517457818045,381.646991938353,3.43826118863381,NA,NA,NA,NA,38829,0,1.33478260869565,1,137.368421052631,1003.82173913043,4.82608695652174,0,1.37826086956522,1.65277777777777,142.872807017544,1001.34057971014,5.67814009661835,0
"197","MAC_W_016","Port of Oostende (A)","Water","NA",1,"Ostend (A)",0.37946545682972,NA,0,"No","No",18.64,"No",NA,502.047,0.025,2.18509686118416,15,0,0,0,2.009,0.208,3.826,8.503,0.004,0.457,0,38.55,"Antropogeen",NA,0,0,NA,NA,NA,NA,NA,NA,12185,0.5,15.3681818181818,4.77272727272726,312.727272727272,1015.73636363636,5.18181818181817,6.16666666666667,15.8685606060606,5.41035353535353,264.659090909091,1015.00517676767,6.6300505050505,18.5
"198","MAC_W_017","Port of Oostende (B)","Water","NA",1,"Ostend (B)",0.350893299484996,NA,0,"No","No",42.056,"No",NA,88.881,0.025,2.18509686118416,15,0,0,0.065,3.067,0.385,5.525,5.48,0.068,0.418,0,28.6181818181818,"Antropogeen",1,0.01278,0.000337403115151392,0.100000001490116,0.100000001490116,NA,NA,NA,NA,18355,0.5,15.3681818181818,4.77272727272726,312.727272727272,1015.73636363636,5.18181818181817,6.16666666666667,15.8685606060606,5.41035353535353,264.659090909091,1015.00517676767,6.6300505050505,18.5
"199","MAC_W_018","Port of Oostende (C)","Water","NA",1,"Ostend (C)",0.313189285616458,NA,1,"No","No",12.742,"No",NA,116.333,0.025,2.18509686118416,15,1,0,0.869,4.401,0.523,5.76,2.969,0.069,0.418,0,34.3773734177215,"Antropogeen",1,0.01278,0.000337403115151392,0.100000001490116,0.100000001490116,NA,NA,NA,NA,23412,0.5,15.3681818181818,4.77272727272726,312.727272727272,1015.73636363636,5.18181818181817,6.16666666666667,15.8685606060606,5.41035353535353,264.659090909091,1015.00517676767,6.6300505050505,18.5
"200","MAC_W_019","Port of Nieuwpoort (A)","Water","NA",1,"Nieuwpoort (A)",0.59815727776823,NA,2,"No","No",109.485,"No",NA,25.323,0.025,2.18509686118416,15,0,0,1.068,0.408,0,2.138,9.052,1.397,0.971,0,59.6842105263158,"Antropogeen",NA,0,0,NA,NA,NA,NA,NA,NA,2278,1.2,12.7681818181818,7.81818181818182,267.727272727272,1012.07727272727,6,5.33333333333333,12.9366161616161,7.82828282828283,240.770202020202,1002.37575757576,6.18055555555555,16
"201","MAC_W_020","Port of Nieuwpoort (B)","Water","NA",1,"Nieuwpoort (B)",0.415132728478322,NA,0,"No","No",13.162,"No",NA,61.83,0.025,2.18509686118416,15,0,0,3.941,1.458,0,4.374,2.709,1.141,1.413,0,47.25,"Antropogeen",NA,0,0,NA,NA,NA,NA,NA,NA,4439,1.2,12.7681818181818,7.81818181818182,267.727272727272,1012.07727272727,6,5.33333333333333,12.9366161616161,7.82828282828283,240.770202020202,1002.37575757576,6.18055555555555,16
"202","MAC_W_021","Port of Nieuwpoort (C)","Water","NA",1,"Nieuwpoort (C)",0.324895425986018,NA,1,"No","No",20.61,"No",NA,96.6,0.025,2.18509686118416,15,0,1,5.45,1.543,0.223,3.562,1.066,0.443,1.374,0,41.8,"Antropogeen",NA,0,0,NA,NA,NA,NA,NA,NA,4967,1.2,12.7681818181818,7.81818181818182,267.727272727272,1012.07727272727,6,5.33333333333333,12.9366161616161,7.82828282828283,240.770202020202,1002.37575757576,6.18055555555555,16
"203","MAC_W_022","Port of Nieuwpoort (A)","Water","NA",1,"Nieuwpoort (A)",0.59815727776823,NA,2,"No","No",109.485,"No",NA,25.323,0.025,2.18509686118416,15,0,0,1.068,0.408,0,2.138,9.052,1.397,0.971,0,59.6842105263158,"Antropogeen",NA,0,0,NA,NA,NA,NA,NA,NA,2282,2.6,6.59565217391303,9.34782608695651,232.608695652173,1004.99130434783,5.26086956521738,1.23333333333333,7.09160628019323,10.1020531400966,221.980676328502,1005.58737922706,5.90640096618357,3.7
"204","MAC_W_023","Port of Nieuwpoort (B)","Water","NA",1,"Nieuwpoort (B)",0.415132728478322,NA,0,"No","No",13.162,"No",NA,61.83,0.025,2.18509686118416,15,0,0,3.941,1.458,0,4.374,2.709,1.141,1.413,0,47.25,"Antropogeen",NA,0,0,NA,NA,NA,NA,NA,NA,4448,2.6,6.59565217391303,9.34782608695651,232.608695652173,1004.99130434783,5.26086956521738,1.23333333333333,7.09160628019323,10.1020531400966,221.980676328502,1005.58737922706,5.90640096618357,3.7
"205","MAC_W_024","Port of Nieuwpoort (C)","Water","NA",1,"Nieuwpoort (C)",0.324895425986018,NA,1,"No","No",20.61,"No",NA,96.6,0.025,2.18509686118416,15,0,1,5.45,1.543,0.223,3.562,1.066,0.443,1.374,0,41.8,"Antropogeen",NA,0,0,NA,NA,NA,NA,NA,NA,4977,2.6,6.59565217391303,9.34782608695651,232.608695652173,1004.99130434783,5.26086956521738,1.23333333333333,7.09160628019323,10.1020531400966,221.980676328502,1005.58737922706,5.90640096618357,3.7
"206","MAC_W_025","River Scheldt (Wintam)","Water","NA",1,"Wintam",0.578952432274277,1182,4,"Yes","Yes",162.84,"Yes","Middle",62.325,0.025,2.18509686118416,15,0,2,4.883,0.85,0,3.525,2.832,2.956,0,0,37.4145569620253,"Diep Subtidaal",550,7.029,0.185571713333265,1098.52699995786,1.9973218181052,NA,NA,NA,NA,14223,0,8.97173913043478,3.17391304347825,33.4782608695651,1018.3347826087,5.54545454545455,0,10.1653660349313,3.06117614269788,134.556856187291,1016.76020531401,6.15227526097092,0
"207","MAC_W_026","Port of Oostende (A)","Water","NA",1,"Ostend (A)",0.37946545682972,NA,0,"No","No",18.64,"No",NA,502.047,0.025,2.18509686118416,15,0,0,0,2.009,0.208,3.826,8.503,0.004,0.457,0,38.55,"Antropogeen",NA,0,0,NA,NA,NA,NA,NA,NA,12204,4.4,3.18260869565217,5.78260869565217,181.739130434782,1022.36086956522,7.21739130434782,1.46666666666667,-0.629408212560387,6.35809178743961,145.857487922705,1029.9786231884,5.04468599033816,4.4
"208","MAC_W_027","Port of Oostende (B)","Water","NA",1,"Ostend (B)",0.350893299484996,NA,0,"No","No",42.056,"No",NA,88.881,0.025,2.18509686118416,15,0,0,0.065,3.067,0.385,5.525,5.48,0.068,0.418,0,28.6181818181818,"Antropogeen",1,0.01278,0.000337403115151392,0.100000001490116,0.100000001490116,NA,NA,NA,NA,18379,4.4,3.18260869565217,5.78260869565217,181.739130434782,1022.36086956522,7.21739130434782,1.46666666666667,-0.629408212560387,6.35809178743961,145.857487922705,1029.9786231884,5.04468599033816,4.4
"209","MAC_W_028","Port of Oostende (C)","Water","NA",1,"Ostend (C)",0.313189285616458,NA,1,"No","No",12.742,"No",NA,116.333,0.025,2.18509686118416,15,1,0,0.869,4.401,0.523,5.76,2.969,0.069,0.418,0,34.3773734177215,"Antropogeen",1,0.01278,0.000337403115151392,0.100000001490116,0.100000001490116,NA,NA,NA,NA,23441,4.4,3.18260869565217,5.78260869565217,181.739130434782,1022.36086956522,7.21739130434782,1.46666666666667,-0.629408212560387,6.35809178743961,145.857487922705,1029.9786231884,5.04468599033816,4.4
"210","MAC_W_029","Port of Antwerp (Vijfde Havendok)","Water","NA",1,"Vijfde Havendok",0.365489811353062,761,1,"No","No",277.86,"No",NA,43.311,0.025,2.18509686118416,15,0,0,0,6.846,0.123,1.667,4.557,1.019,0.792,0,33.0134813639968,"Antropogeen",22,0.28116,0.00742286853333062,26.7339999675751,1.21518181670796,NA,NA,NA,NA,38933,0,19.9958333333333,2.145125,66.2458333333332,1020.55833333333,NA,0,19.3416666666666,2.21636111111111,143.752958937198,1023.05,NA,0
"211","MAC_W_030","River Scheldt (Doel)","Water","NA",1,"Doel",0.0374158921544889,843,0,"Yes","Yes",1245.45,"Yes","Middle",431.8,0.025,2.18509686118416,15,0,0,1.265,4.679,0.765,0.513,6.426,1.332,0,0,30.9240506329114,"Diep Subtidaal",146,1.86588,0.0492608548121032,228.88799649477,1.56772600338884,NA,NA,NA,NA,24170,0,9.60454545454545,2.786,91.6045454545455,1021.60454545455,NA,0,9.77373737373738,3.10917753623188,82.3558025911288,1017.68303689065,NA,0
"212","MAC_W_031","River Scheldt (Antwerpen)","Water","NA",1,"Antwerp",0.470055991739951,578,4,"No","No",440.237,"Yes","Middle",177.35,0.025,2.18509686118416,15,1,4,0,2.523,1.66,6.144,2.503,2.185,0.001,0,20.9269841269841,"Diep Subtidaal",111,1.41858,0.0374517457818045,381.646991938353,3.43826118863381,NA,NA,NA,NA,38829,0,9.71818181818182,3.54545454545454,54.0909090909091,1021.05909090908,6.54545454545455,0,9.7021958717611,3.44812252964426,71.6897233201581,1017.24656895037,6.21870882740448,0
"213","MAC_W_032","Port of Antwerp (Doeldok)","Water","NA",1,"Doeldok",0.101967214843083,70,0,"Yes","No",572.789,"No",NA,64.5,0.025,2.18509686118416,15,0,0,3.599,7.037,0,0.001,3.862,0.493,0,0,28.0341540905481,"Antropogeen",376,4.80528,0.126863571296923,476.506003022194,1.26730319952711,NA,NA,NA,NA,4812,0,23.1727272727273,1.91895454545455,130.963636363636,1013.96818181818,NA,0,21.2409090909091,2.24569318181818,135.391562362758,1018.59633838384,NA,0
"214","MAC_W_033","North Sea Port (Grootdok)","Water","NA",1,"Grootdok",0.353132768196688,852,1,"No","No",129.727,"No",NA,8.854,0.025,2.18509686118416,15,0,3,0.399,5.645,1.14,6.04,1.835,0,0,0,44.0952380952381,"Antropogeen",314,4.01292,0.105944578157537,388.468000717461,1.2371592379537,NA,NA,NA,NA,25132,14.2,11.5875,4.76183333333333,250.783333333332,1004.9375,NA,6.83333333333333,11.05,3.76404166666666,218.796437198067,1003.28333333333,NA,20.5
"215","MAC_W_034","North Sea Port (Ringvaart)","Water","NA",1,"Ringvaart",0.194950200522831,147,3,"No","No",177.861,"No",NA,10,0.025,2.18509686118416,15,1,0,1.633,6.361,0.301,4.427,2.326,0,0,0,31.4889064976228,"Antropogeen",257,3.28446,0.0867126005939077,285.37400008738,1.1104046696007,NA,NA,NA,NA,19830,14.2,11.5875,4.76183333333333,250.783333333332,1004.9375,NA,6.83333333333333,11.05,3.76404166666666,218.796437198067,1003.28333333333,NA,20.5
"216","MAC_W_035","North Sea Port (Sifferdok)","Water","NA",1,"Sifferdok",0.200796813704073,970,0,"No","No",334.245,"No",NA,47.474,0.025,2.18509686118416,15,0,1,0.979,5.725,0.307,5.751,2.292,0,0,0,36.553125,"Antropogeen",107,1.36746,0.0361021333211989,164.126999765635,1.53389719407135,NA,NA,NA,NA,25123,14.2,11.5875,4.76183333333333,250.783333333332,1004.9375,NA,6.83333333333333,11.05,3.76404166666666,218.796437198067,1003.28333333333,NA,20.5
"217","MAC_W_036","Port of Oostende (A)","Water","NA",1,"Ostend (A)",0.37946545682972,NA,0,"No","No",18.64,"No",NA,502.047,0.025,2.18509686118416,15,0,0,0,2.009,0.208,3.826,8.503,0.004,0.457,0,38.55,"Antropogeen",NA,0,0,NA,NA,NA,NA,NA,NA,12185,3.9,11.1583333333332,6,209.583333333333,1023.27083333333,7.25,7.3,10.9444444444443,7.06944444444444,214.305555555555,1012.90555555555,6.36111111111111,21.9
"218","MAC_W_037","Port of Oostende (B)","Water","NA",1,"Ostend (B)",0.350893299484996,NA,0,"No","No",42.056,"No",NA,88.881,0.025,2.18509686118416,15,0,0,0.065,3.067,0.385,5.525,5.48,0.068,0.418,0,28.6181818181818,"Antropogeen",1,0.01278,0.000337403115151392,0.100000001490116,0.100000001490116,NA,NA,NA,NA,18355,3.9,11.1583333333332,6,209.583333333333,1023.27083333333,7.25,7.3,10.9444444444443,7.06944444444444,214.305555555555,1012.90555555555,6.36111111111111,21.9
"219","MAC_W_038","Port of Oostende (C)","Water","NA",1,"Ostend (C)",0.313189285616458,NA,1,"No","No",12.742,"No",NA,116.333,0.025,2.18509686118416,15,1,0,0.869,4.401,0.523,5.76,2.969,0.069,0.418,0,34.3773734177215,"Antropogeen",1,0.01278,0.000337403115151392,0.100000001490116,0.100000001490116,NA,NA,NA,NA,23412,3.9,11.1583333333332,6,209.583333333333,1023.27083333333,7.25,7.3,10.9444444444443,7.06944444444444,214.305555555555,1012.90555555555,6.36111111111111,21.9
"220","MAC_W_039","North Sea Port (Mercatordok)","Water","NA",1,"Mercatordok",0.182634954197605,609,1,"No","No",230,"No",NA,10,0.025,2.18509686118416,15,0,0,2.55,6.847,0,3.855,1.775,0.019,0,0,34.7619047619048,"Antropogeen",176,2.24928,0.059382948266645,317.08699914813,1.80163067697801,NA,NA,NA,NA,21425,12.1,12.3409090909091,3.35536363636364,267.131818181818,1013.7,NA,9.23333333333333,11.7372474747474,3.91816287878788,242.49255050505,1006.63194444444,NA,27.7
"221","MAC_W_040","North Sea Port (Insteekdok Zelzate)","Water","NA",1,"Insteekdok",0.167465243092528,236,2,"Yes","No",74.034,"No",NA,10,0.025,2.18509686118416,15,1,0,1.948,5.479,0,4.55,1.306,1.736,0,0,39.5789473684211,"Antropogeen",77,0.98406,0.0259800398666572,117.4650003016,1.52551948443636,NA,NA,NA,NA,16934,0.05,12.5,4.09999999999999,268,1013.6,NA,5.15,11.7666666666667,4.36666666666666,245.333333333333,1006.26666666667,NA,15.45
"222","MAC_W_041","North Sea Port (Kluizendok)","Water","NA",1,"Kluizendok",0.204210430989968,934,0,"No","No",211.259,"No",NA,10,0.025,2.18509686118416,15,0,0,2.472,6.532,0.266,0.957,2.51,2.208,0.085,0,28.0526315789474,"Antropogeen",102,1.30356,0.034415117745442,213.639999806881,2.09450980202825,NA,NA,NA,NA,20726,0.05,12.5,4.09999999999999,268,1013.6,NA,5.15,11.7666666666667,4.36666666666666,245.333333333333,1006.26666666667,NA,15.45
"223","MAC_W_042","Port of Nieuwpoort (A)","Water","NA",1,"Nieuwpoort (A)",0.59815727776823,NA,2,"No","No",109.485,"No",NA,25.323,0.025,2.18509686118416,15,0,0,1.068,0.408,0,2.138,9.052,1.397,0.971,0,59.6842105263158,"Antropogeen",NA,0,0,NA,NA,NA,NA,NA,NA,2278,0,11.6,6,192.916666666667,1019.65,4.25,2.63333333333333,10.9458333333333,6.41666666666667,214.027777777778,1018.88472222222,5.83333333333333,7.9
"224","MAC_W_043","Port of Nieuwpoort (B)","Water","NA",1,"Nieuwpoort (B)",0.415132728478322,NA,0,"No","No",13.162,"No",NA,61.83,0.025,2.18509686118416,15,0,0,3.941,1.458,0,4.374,2.709,1.141,1.413,0,47.25,"Antropogeen",NA,0,0,NA,NA,NA,NA,NA,NA,4439,0,11.6,6,192.916666666667,1019.65,4.25,2.63333333333333,10.9458333333333,6.41666666666667,214.027777777778,1018.88472222222,5.83333333333333,7.9
"225","MAC_W_044","Port of Nieuwpoort (C)","Water","NA",1,"Nieuwpoort (C)",0.324895425986018,NA,1,"No","No",20.61,"No",NA,96.6,0.025,2.18509686118416,15,0,1,5.45,1.543,0.223,3.562,1.066,0.443,1.374,0,41.8,"Antropogeen",NA,0,0,NA,NA,NA,NA,NA,NA,4967,0,11.6,6,192.916666666667,1019.65,4.25,2.63333333333333,10.9458333333333,6.41666666666667,214.027777777778,1018.88472222222,5.83333333333333,7.9
"226","MAC_W_045","Port of Antwerp (Kanaaldok)","Water","NA",1,"Kanaaldok",0.0381474224480696,217,0,"No","No",402.531,"No",NA,45.849,0.025,2.18509686118416,15,1,0,0,6.619,1.913,0.224,4.565,0.606,0,1.055,31.5893141945774,"Antropogeen",12,0.15336,0.0040488373818167,9.71499997377396,0.80958333114783,NA,NA,NA,NA,37507,5.5,8.93478260869565,5.45008695652173,270.195652173913,1023.73043478261,NA,1.96666666666667,11.4213164251208,5.99725120772946,220.366606280193,1022.67125603865,NA,5.9
"227","MAC_W_046","Port of Antwerp (Schelde Rijn kanaal)","Water","NA",1,"Schelde Rijn kanaal",0.176334851429806,NA,0,"No","No",322.285,"No",NA,27.459,0.025,2.18509686118416,15,0,0,6.489,1.668,1.179,1.726,2.279,1.34,0,0.284,30.7870150435471,"Antropogeen",0,0,0,0,NA,NA,NA,NA,NA,31646,5.5,8.93478260869565,5.45008695652173,270.195652173913,1023.73043478261,NA,1.96666666666667,11.4213164251208,5.99725120772946,220.366606280193,1022.67125603865,NA,5.9
"228","MAC_W_047","River Scheldt (Wintam)","Water","NA",1,"Wintam",0.578952432274277,1182,4,"Yes","Yes",162.84,"Yes","Middle",62.325,0.025,2.18509686118416,15,0,2,4.883,0.85,0,3.525,2.832,2.956,0,0,37.4145569620253,"Diep Subtidaal",550,7.029,0.185571713333265,1098.52699995786,1.9973218181052,NA,NA,NA,NA,14233,0,10.4875,1.375,248.125,1017.82916666666,1.41666666666667,0,9.57638888888888,1.95833333333333,248.676712779973,1020.63055555555,1.76388888888889,0
"229","MAC_W_048","River Scheldt (Doel)","Water","NA",1,"Doel",0.0374158921544889,843,0,"Yes","Yes",1245.45,"Yes","Middle",431.8,0.025,2.18509686118416,15,0,0,1.265,4.679,0.765,0.513,6.426,1.332,0,0,30.9240506329114,"Diep Subtidaal",146,1.86588,0.0492608548121032,228.88799649477,1.56772600338884,NA,NA,NA,NA,24178,0,9.52083333333333,3.46974999999999,163.445833333333,1019.84166666667,NA,0.133333333333333,9.59166666666665,2.34124999999999,191.647295321637,1019.625,NA,0.4
"230","MAC_W_049","River Scheldt (Antwerpen)","Water","NA",1,"Antwerp",0.470055991739951,578,4,"No","No",440.237,"Yes","Middle",177.35,0.025,2.18509686118416,15,1,4,0,2.523,1.66,6.144,2.503,2.185,0.001,0,20.9269841269841,"Diep Subtidaal",111,1.41858,0.0374517457818045,381.646991938353,3.43826118863381,NA,NA,NA,NA,38844,0,10.5791666666666,3.54166666666667,141.666666666667,1019.31666666667,3.91666666666667,0,10.1194444444444,2.27777777777778,188.626207729469,1019.2125,2.77777777777778,0
"231","MAC_W_054","Port of Nieuwpoort (A)","Water","NA",1,"Nieuwpoort (A)",0.59815727776823,NA,2,"No","No",109.485,"No",NA,25.323,0.025,2.18509686118416,15,0,0,1.068,0.408,0,2.138,9.052,1.397,0.971,0,59.6842105263158,"Antropogeen",NA,0,0,NA,NA,NA,NA,NA,NA,2278,0,13.5041666666667,1.875,233.043478260869,1011,1.83333333333332,0.433333333333333,15.1583333333334,3,158.426108915239,1015.10555555555,1.79166666666666,1.3
"232","MAC_W_055","Port of Nieuwpoort (B)","Water","NA",1,"Nieuwpoort (B)",0.415132728478322,NA,0,"No","No",13.162,"No",NA,61.83,0.025,2.18509686118416,15,0,0,3.941,1.458,0,4.374,2.709,1.141,1.413,0,47.25,"Antropogeen",NA,0,0,NA,NA,NA,NA,NA,NA,4439,0,13.5041666666667,1.875,233.043478260869,1011,1.83333333333332,0.433333333333333,15.1583333333334,3,158.426108915239,1015.10555555555,1.79166666666666,1.3
"233","MAC_W_056","Port of Nieuwpoort (C)","Water","NA",1,"Nieuwpoort (C)",0.324895425986018,NA,1,"No","No",20.61,"No",NA,96.6,0.025,2.18509686118416,15,0,1,5.45,1.543,0.223,3.562,1.066,0.443,1.374,0,41.8,"Antropogeen",NA,0,0,NA,NA,NA,NA,NA,NA,4967,0,13.5041666666667,1.875,233.043478260869,1011,1.83333333333332,0.433333333333333,15.1583333333334,3,158.426108915239,1015.10555555555,1.79166666666666,1.3
"234","MAC_W_064","Port of Oostende (A)","Water","NA",1,"Ostend (A)",0.37946545682972,NA,0,"No","No",18.64,"No",NA,502.047,0.025,2.18509686118416,15,0,0,0,2.009,0.208,3.826,8.503,0.004,0.457,0,38.55,"Antropogeen",NA,0,0,NA,NA,NA,NA,NA,NA,12185,32.1,12.3727272727273,6.31818181818182,209.545454545454,999.595454545455,4.68181818181817,14.0333333333333,13.9089646464647,4.31439393939394,215.58519982433,1004.5095959596,4.3800505050505,42.1
"235","MAC_W_065","Port of Oostende (B)","Water","NA",1,"Ostend (B)",0.350893299484996,NA,0,"No","No",42.056,"No",NA,88.881,0.025,2.18509686118416,15,0,0,0.065,3.067,0.385,5.525,5.48,0.068,0.418,0,28.6181818181818,"Antropogeen",1,0.01278,0.000337403115151392,0.100000001490116,0.100000001490116,NA,NA,NA,NA,18355,32.1,12.3727272727273,6.31818181818182,209.545454545454,999.595454545455,4.68181818181817,14.0333333333333,13.9089646464647,4.31439393939394,215.58519982433,1004.5095959596,4.3800505050505,42.1
"236","MAC_W_066","Port of Oostende (C)","Water","NA",1,"Ostend (C)",0.313189285616458,NA,1,"No","No",12.742,"No",NA,116.333,0.025,2.18509686118416,15,1,0,0.869,4.401,0.523,5.76,2.969,0.069,0.418,0,34.3773734177215,"Antropogeen",1,0.01278,0.000337403115151392,0.100000001490116,0.100000001490116,NA,NA,NA,NA,23412,32.1,12.3727272727273,6.31818181818182,209.545454545454,999.595454545455,4.68181818181817,14.0333333333333,13.9089646464647,4.31439393939394,215.58519982433,1004.5095959596,4.3800505050505,42.1
"237","MAC_W_067","River Scheldt (Doel)","Water","NA",1,"Doel",0.0374158921544889,843,0,"Yes","Yes",1245.45,"Yes","Middle",431.8,0.025,2.18509686118416,15,0,0,1.265,4.679,0.765,0.513,6.426,1.332,0,0,30.9240506329114,"Diep Subtidaal",146,1.86588,0.0492608548121032,228.88799649477,1.56772600338884,NA,NA,NA,NA,24178,1.3,4.42608695652173,5.15517391304348,206.752173913043,1012.76086956522,NA,1.23333333333333,4.00036231884057,4.91397463768116,225.820169082125,1012.06612318841,NA,3.7
"238","MAC_W_068","River Scheldt (Antwerpen)","Water","NA",1,"Antwerp",0.470055991739951,578,4,"No","No",440.237,"Yes","Middle",177.35,0.025,2.18509686118416,15,1,4,0,2.523,1.66,6.144,2.503,2.185,0.001,0,20.9269841269841,"Diep Subtidaal",111,1.41858,0.0374517457818045,381.646991938353,3.43826118863381,NA,NA,NA,NA,38844,0,4.02173913043477,4.34782608695651,215.217391304348,1012.52608695652,8,0,3.73502415458936,4.14371980676328,215.905797101449,1011.81147342995,6.86111111111111,0
"239","MAC_W_074","Port of Oostende (A)","Water","NA",1,"Ostend (A)",0.37946545682972,NA,0,"No","No",18.64,"No",NA,502.047,0.025,2.18509686118416,15,0,0,0,2.009,0.208,3.826,8.503,0.004,0.457,0,38.55,"Antropogeen",NA,0,0,NA,NA,NA,NA,NA,NA,12204,0,8.29583333333333,4.66666666666666,72.5,1010.37083333333,3.54166666666667,0,7.52916666666667,6.12499999999999,55,1019.46944444444,3,0
"240","MAC_W_075","Port of Oostende (B)","Water","NA",1,"Ostend (B)",0.350893299484996,NA,0,"No","No",42.056,"No",NA,88.881,0.025,2.18509686118416,15,0,0,0.065,3.067,0.385,5.525,5.48,0.068,0.418,0,28.6181818181818,"Antropogeen",1,0.01278,0.000337403115151392,0.100000001490116,0.100000001490116,NA,NA,NA,NA,18379,0,8.29583333333333,4.66666666666666,72.5,1010.37083333333,3.54166666666667,0,7.52916666666667,6.12499999999999,55,1019.46944444444,3,0
"241","MAC_W_076","Port of Oostende (C)","Water","NA",1,"Ostend (C)",0.313189285616458,NA,1,"No","No",12.742,"No",NA,116.333,0.025,2.18509686118416,15,1,0,0.869,4.401,0.523,5.76,2.969,0.069,0.418,0,34.3773734177215,"Antropogeen",1,0.01278,0.000337403115151392,0.100000001490116,0.100000001490116,NA,NA,NA,NA,23441,0,8.29583333333333,4.66666666666666,72.5,1010.37083333333,3.54166666666667,0,7.52916666666667,6.12499999999999,55,1019.46944444444,3,0
"242","MAC_W_077","Port of Nieuwpoort (A)","Water","NA",1,"Nieuwpoort (A)",0.59815727776823,NA,2,"No","No",109.485,"No",NA,25.323,0.025,2.18509686118416,15,0,0,1.068,0.408,0,2.138,9.052,1.397,0.971,0,59.6842105263158,"Antropogeen",NA,0,0,NA,NA,NA,NA,NA,NA,2282,0,8.65909090909091,5.77272727272726,61.8181818181817,1004.83636363636,6.13636363636364,0,8.03080808080808,5.74368686868686,58.9393939393939,1011.87462121212,4.12878787878788,0
"243","MAC_W_078","Port of Nieuwpoort (B)","Water","NA",1,"Nieuwpoort (B)",0.415132728478322,NA,0,"No","No",13.162,"No",NA,61.83,0.025,2.18509686118416,15,0,0,3.941,1.458,0,4.374,2.709,1.141,1.413,0,47.25,"Antropogeen",NA,0,0,NA,NA,NA,NA,NA,NA,4448,0,8.65909090909091,5.77272727272726,61.8181818181817,1004.83636363636,6.13636363636364,0,8.03080808080808,5.74368686868686,58.9393939393939,1011.87462121212,4.12878787878788,0
"244","MAC_W_079","Port of Nieuwpoort (C)","Water","NA",1,"Nieuwpoort (C)",0.324895425986018,NA,1,"No","No",20.61,"No",NA,96.6,0.025,2.18509686118416,15,0,1,5.45,1.543,0.223,3.562,1.066,0.443,1.374,0,41.8,"Antropogeen",NA,0,0,NA,NA,NA,NA,NA,NA,4977,0,8.65909090909091,5.77272727272726,61.8181818181817,1004.83636363636,6.13636363636364,0,8.03080808080808,5.74368686868686,58.9393939393939,1011.87462121212,4.12878787878788,0
"245","MAC_W_080","Port of Nieuwpoort (A)","Water","NA",1,"Nieuwpoort (A)",0.59815727776823,NA,2,"No","No",109.485,"No",NA,25.323,0.025,2.18509686118416,15,0,0,1.068,0.408,0,2.138,9.052,1.397,0.971,0,59.6842105263158,"Antropogeen",NA,0,0,NA,NA,NA,NA,NA,NA,2282,3.7,16.8874999999999,1.91666666666667,192.272727272727,1014.3875,5.91666666666666,17.4,17.1972222222221,2.76388888888889,114.924242424242,1015.98194444444,6.34722222222222,52.2
"246","MAC_W_081","Port of Nieuwpoort (B)","Water","NA",1,"Nieuwpoort (B)",0.415132728478322,NA,0,"No","No",13.162,"No",NA,61.83,0.025,2.18509686118416,15,0,0,3.941,1.458,0,4.374,2.709,1.141,1.413,0,47.25,"Antropogeen",NA,0,0,NA,NA,NA,NA,NA,NA,4448,3.7,16.8874999999999,1.91666666666667,192.272727272727,1014.3875,5.91666666666666,17.4,17.1972222222221,2.76388888888889,114.924242424242,1015.98194444444,6.34722222222222,52.2
"247","MAC_W_082","Port of Nieuwpoort (C)","Water","NA",1,"Nieuwpoort (C)",0.324895425986018,NA,1,"No","No",20.61,"No",NA,96.6,0.025,2.18509686118416,15,0,1,5.45,1.543,0.223,3.562,1.066,0.443,1.374,0,41.8,"Antropogeen",NA,0,0,NA,NA,NA,NA,NA,NA,4977,3.7,16.8874999999999,1.91666666666667,192.272727272727,1014.3875,5.91666666666666,17.4,17.1972222222221,2.76388888888889,114.924242424242,1015.98194444444,6.34722222222222,52.2
"248","MAC_W_090","Port of Oostende (A)","Water","NA",1,"Ostend (A)",0.37946545682972,NA,0,"No","No",18.64,"No",NA,502.047,0.025,2.18509686118416,15,0,0,0,2.009,0.208,3.826,8.503,0.004,0.457,0,38.55,"Antropogeen",NA,0,0,NA,NA,NA,NA,NA,NA,12204,9.6,13.9272727272726,5.13636363636364,340.454545454544,1015.27727272727,7.72727272727273,4.5,15.4063131313131,3.50378787878788,230.90909090909,1014.45353535353,7.13131313131313,13.5
"249","MAC_W_091","Port of Oostende (B)","Water","NA",1,"Ostend (B)",0.350893299484996,NA,0,"No","No",42.056,"No",NA,88.881,0.025,2.18509686118416,15,0,0,0.065,3.067,0.385,5.525,5.48,0.068,0.418,0,28.6181818181818,"Antropogeen",1,0.01278,0.000337403115151392,0.100000001490116,0.100000001490116,NA,NA,NA,NA,18379,9.6,13.9272727272726,5.13636363636364,340.454545454544,1015.27727272727,7.72727272727273,4.5,15.4063131313131,3.50378787878788,230.90909090909,1014.45353535353,7.13131313131313,13.5
"250","MAC_W_092","Port of Oostende (C)","Water","NA",1,"Ostend (C)",0.313189285616458,NA,1,"No","No",12.742,"No",NA,116.333,0.025,2.18509686118416,15,1,0,0.869,4.401,0.523,5.76,2.969,0.069,0.418,0,34.3773734177215,"Antropogeen",1,0.01278,0.000337403115151392,0.100000001490116,0.100000001490116,NA,NA,NA,NA,23441,9.6,13.9272727272726,5.13636363636364,340.454545454544,1015.27727272727,7.72727272727273,4.5,15.4063131313131,3.50378787878788,230.90909090909,1014.45353535353,7.13131313131313,13.5
"251","MAC_W_100","River Scheldt (Temse)","Water","NA",1,"Temse",0.692196088302361,470,3,"Yes","Yes",138.086,"No",NA,32.053,0.025,2.18509686118416,15,3,0,7.248,0.19,0,4.425,1.478,1.705,0,0,50.8391167192429,"Matig Diep Subtidaal",440,5.6232,0.148457370666612,822.980994567275,1.87041135128926,NA,NA,NA,NA,9459,0,17.4583333333333,3.5,37.9166666666667,1027.3875,0.916666666666666,16.7333333333333,17.9041666666666,3.73611111111111,140,1022.67222222222,4.75,50.2
"252","MAC_W_101","River Scheldt (Wintam)","Water","NA",1,"Wintam",0.578952432274277,1182,4,"Yes","Yes",162.84,"Yes","Middle",62.325,0.025,2.18509686118416,15,0,2,4.883,0.85,0,3.525,2.832,2.956,0,0,37.4145569620253,"Diep Subtidaal",550,7.029,0.185571713333265,1098.52699995786,1.9973218181052,NA,NA,NA,NA,14233,0,17.0874999999999,3.04166666666667,155.217391304348,1023.19583333333,2.29166666666667,0.666666666666667,17.6541666666666,3.41666666666666,106.600241545894,1024.82083333333,3.22222222222222,2
"253","MAC_W_108","River Scheldt (Temse)","Water","NA",1,"Temse",0.692196088302361,470,3,"Yes","Yes",138.086,"No",NA,32.053,0.025,2.18509686118416,15,3,0,7.248,0.19,0,4.425,1.478,1.705,0,0,50.8391167192429,"Matig Diep Subtidaal",440,5.6232,0.148457370666612,822.980994567275,1.87041135128926,NA,NA,NA,NA,9459,0,4.16249999999999,0.666666666666666,212.142857142857,1030.79166666666,7,3.06666666666666,5.48055555555555,1.91666666666667,209.785431959345,1024.25833333333,4.16538789428815,9.19999999999999
"254","MAC_W_109","River Scheldt (Wintam)","Water","NA",1,"Wintam",0.578952432274277,1182,4,"Yes","Yes",162.84,"Yes","Middle",62.325,0.025,2.18509686118416,15,0,2,4.883,0.85,0,3.525,2.832,2.956,0,0,37.4145569620253,"Diep Subtidaal",550,7.029,0.185571713333265,1098.52699995786,1.9973218181052,NA,NA,NA,NA,14233,0,6.125,0.875,101.052631578947,1022.0625,7.94736842105263,0,5.02916666666666,1.36111111111111,143.034859876965,1026.58749999999,5.0608875128999,0
"255","MAC_W_116","Port of Oostende (A)","Water","NA",1,"Ostend (A)",0.37946545682972,NA,0,"No","No",18.64,"No",NA,502.047,0.025,2.18509686118416,15,0,0,0,2.009,0.208,3.826,8.503,0.004,0.457,0,38.55,"Antropogeen",NA,0,0,NA,NA,NA,NA,NA,NA,12172,0,1.58695652173912,1.34782608695652,136,1038.24347826087,4.4,0.0666666666666667,3.8748188405797,2.93538647342995,226.861111111111,1033.95338164251,4.61944444444444,0.2
"256","MAC_W_117","Port of Oostende (B)","Water","NA",1,"Ostend (B)",0.350893299484996,NA,0,"No","No",42.056,"No",NA,88.881,0.025,2.18509686118416,15,0,0,0.065,3.067,0.385,5.525,5.48,0.068,0.418,0,28.6181818181818,"Antropogeen",1,0.01278,0.000337403115151392,0.100000001490116,0.100000001490116,NA,NA,NA,NA,18337,0,1.58695652173912,1.34782608695652,136,1038.24347826087,4.4,0.0666666666666667,3.8748188405797,2.93538647342995,226.861111111111,1033.95338164251,4.61944444444444,0.2
"257","MAC_W_118","Port of Oostende (C)","Water","NA",1,"Ostend (C)",0.313189285616458,NA,1,"No","No",12.742,"No",NA,116.333,0.025,2.18509686118416,15,1,0,0.869,4.401,0.523,5.76,2.969,0.069,0.418,0,34.3773734177215,"Antropogeen",1,0.01278,0.000337403115151392,0.100000001490116,0.100000001490116,NA,NA,NA,NA,23391,0,1.58695652173912,1.34782608695652,136,1038.24347826087,4.4,0.0666666666666667,3.8748188405797,2.93538647342995,226.861111111111,1033.95338164251,4.61944444444444,0.2
"258","MAC_W_119","Port of Antwerp (Kanaaldok)","Water","NA",1,"Kanaaldok",0.0381474224480696,217,0,"No","No",402.531,"No",NA,45.849,0.025,2.18509686118416,15,1,0,0,6.619,1.913,0.224,4.565,0.606,0,1.055,31.5893141945774,"Antropogeen",12,0.15336,0.0040488373818167,9.71499997377396,0.80958333114783,NA,NA,NA,NA,37609,2.29999999999999,4.24090909090909,4.01759090909091,208.018181818182,1001.75454545455,NA,0.766666666666663,7.54558080808081,3.09859974747474,104.20744949495,1006.37210693896,NA,2.29999999999999
"259","MAC_W_120","Port of Antwerp (Schelde Rijn kanaal)","Water","NA",1,"Schelde Rijn kanaal",0.176334851429806,NA,0,"No","No",322.285,"No",NA,27.459,0.025,2.18509686118416,15,0,0,6.489,1.668,1.179,1.726,2.279,1.34,0,0.284,30.7870150435471,"Antropogeen",0,0,0,0,NA,NA,NA,NA,NA,31736,2.29999999999999,4.24090909090909,4.01759090909091,208.018181818182,1001.75454545455,NA,0.766666666666663,7.54558080808081,3.09859974747474,104.20744949495,1006.37210693896,NA,2.29999999999999
"260","MAC_W_121","Port of Antwerp (Vijfde Havendok)","Water","NA",1,"Vijfde Havendok",0.365489811353062,761,1,"No","No",277.86,"No",NA,43.311,0.025,2.18509686118416,15,0,0,0,6.846,0.123,1.667,4.557,1.019,0.792,0,33.0134813639968,"Antropogeen",22,0.28116,0.00742286853333062,26.7339999675751,1.21518181670796,NA,NA,NA,NA,39023,0,12.9090909090908,3.66304545454545,52.5454545454544,1015.50909090909,NA,0,12.9835858585858,2.80852904040404,98.4020959595958,1016.12386363636,NA,0
"261","MAC_W_122","River Scheldt (Wintam)","Water","NA",1,"Wintam",0.578952432274277,1182,4,"Yes","Yes",162.84,"Yes","Middle",62.325,0.025,2.18509686118416,15,0,2,4.883,0.85,0,3.525,2.832,2.956,0,0,37.4145569620253,"Diep Subtidaal",550,7.029,0.185571713333265,1098.52699995786,1.9973218181052,NA,NA,NA,NA,14385,12,11.0041666666667,5.79166666666666,250,1007.5,7.5,6.33333333333333,6.8263888888889,4.81944444444444,257.380952380952,1014.40416666667,6.47619047619047,19
"262","MAC_W_123","River Scheldt (Wintam)","Water","NA",1,"Wintam",0.578952432274277,1182,4,"Yes","Yes",162.84,"Yes","Middle",62.325,0.025,2.18509686118416,15,0,2,4.883,0.85,0,3.525,2.832,2.956,0,0,37.4145569620253,"Diep Subtidaal",550,7.029,0.185571713333265,1098.52699995786,1.9973218181052,NA,NA,NA,NA,14385,0,2.73749999999999,2.45833333333332,171.25,1032.94583333333,5.79166666666666,8.33333333333333,2.6875,3.11111111111111,186.871980676328,1018.7375,5.93400621118012,25
"263","MAC_W_129","River Scheldt (Temse)","Water","NA",1,"Temse",0.692196088302361,470,3,"Yes","Yes",138.086,"No",NA,32.053,0.025,2.18509686118416,15,3,0,7.248,0.19,0,4.425,1.478,1.705,0,0,50.8391167192429,"Matig Diep Subtidaal",440,5.6232,0.148457370666612,822.980994567275,1.87041135128926,NA,NA,NA,NA,38934,0,9.38260869565216,3.8695652173913,222.272727272727,997.265217391303,7.04347826086956,0,6.81642512077294,3.30374396135265,197.007575757576,997.307850241545,7.36171497584541,0
"264","MAC_W_141","Port of Antwerp (Doeldok)","Water","NA",1,"Doeldok",0.101967214843083,70,0,"Yes","No",572.789,"No",NA,64.5,0.025,2.18509686118416,15,0,0,3.599,7.037,0,0.001,3.862,0.493,0,0,28.0341540905481,"Antropogeen",376,4.80528,0.126863571296923,476.506003022194,1.26730319952711,NA,NA,NA,NA,4857,0,11.4545454545454,2.273,227.940909090909,1019.98181818182,NA,0,11.7243686868687,2.50426893939394,186.509271284271,1020.20858585859,NA,0
"265","MIC_S_001","Port of Oostende (B)","Sediment","Sludge",9.2,"Ostend (B)",0.350893299484996,NA,0,"No","No",42.056,"No",NA,88.881,0.025,2.18509686118416,15,0,0,0.065,3.067,0.385,5.525,5.48,0.068,0.418,0,28.6181818181818,"Antropogeen",1,0.01278,0.000337403115151392,0.100000001490116,0.100000001490116,NA,NA,NA,NA,18355,0.5,15.3681818181818,4.77272727272726,312.727272727272,1015.73636363636,5.18181818181817,6.16666666666667,15.8685606060606,5.41035353535353,264.659090909091,1015.00517676767,6.6300505050505,18.5
"266","MIC_S_002","Port of Nieuwpoort (B)","Sediment","Sludge",5,"Nieuwpoort (B)",0.415132728478322,NA,0,"No","No",13.162,"No",NA,61.83,0.025,2.18509686118416,15,0,0,3.941,1.458,0,4.374,2.709,1.141,1.413,0,47.25,"Antropogeen",NA,0,0,NA,NA,NA,NA,NA,NA,18355,1.2,12.7681818181818,7.81818181818182,267.727272727272,1012.07727272727,6,5.33333333333333,12.9366161616161,7.82828282828283,240.770202020202,1002.37575757576,6.18055555555555,16
"267","MIC_S_003","Port of Nieuwpoort (B)","Sediment","Sludge",5,"Nieuwpoort (B)",0.415132728478322,NA,0,"No","No",13.162,"No",NA,61.83,0.025,2.18509686118416,15,0,0,3.941,1.458,0,4.374,2.709,1.141,1.413,0,47.25,"Antropogeen",NA,0,0,NA,NA,NA,NA,NA,NA,18355,2.6,6.59565217391303,9.34782608695651,232.608695652173,1004.99130434783,5.26086956521738,1.23333333333333,7.09160628019323,10.1020531400966,221.980676328502,1005.58737922706,5.90640096618357,3.7
"268","MIC_S_004","Port of Oostende (B)","Sediment","Sludge",6,"Ostend (B)",0.350893299484996,NA,0,"No","No",42.056,"No",NA,88.881,0.025,2.18509686118416,15,0,0,0.065,3.067,0.385,5.525,5.48,0.068,0.418,0,28.6181818181818,"Antropogeen",1,0.01278,0.000337403115151392,0.100000001490116,0.100000001490116,NA,NA,NA,NA,4439,4.4,3.18260869565217,5.78260869565217,181.739130434782,1022.36086956522,7.21739130434782,1.46666666666667,-0.629408212560387,6.35809178743961,145.857487922705,1029.9786231884,5.04468599033816,4.4
"269","MIC_S_005","River Scheldt (Doel)","Sediment","Sludge",10,"Doel",0.0374158921544889,843,0,"Yes","Yes",1245.45,"Yes","Middle",431.8,0.025,2.18509686118416,15,0,0,1.265,4.679,0.765,0.513,6.426,1.332,0,0,30.9240506329114,"Diep Subtidaal",146,1.86588,0.0492608548121032,228.88799649477,1.56772600338884,NA,NA,NA,NA,4439,0,9.74090909090909,4.54545454545455,61.3636363636364,1021.99090909091,5.63636363636364,7.53333333333333,9.58078612209047,4.98193895476504,84.2166227492315,1017.30222332016,6.29726613965744,22.6
"270","MIC_S_006","Port of Nieuwpoort (B)","Sediment","Sludge",4,"Nieuwpoort (B)",0.415132728478322,NA,0,"No","No",13.162,"No",NA,61.83,0.025,2.18509686118416,15,0,0,3.941,1.458,0,4.374,2.709,1.141,1.413,0,47.25,"Antropogeen",NA,0,0,NA,NA,NA,NA,NA,NA,4439,0,13.5041666666667,1.875,233.043478260869,1011,1.83333333333332,0.433333333333333,15.1583333333334,3,158.426108915239,1015.10555555555,1.79166666666666,1.3
"271","MIC_S_007","Port of Oostende (B)","Sediment","Sludge",9,"Ostend (B)",0.350893299484996,NA,0,"No","No",42.056,"No",NA,88.881,0.025,2.18509686118416,15,0,0,0.065,3.067,0.385,5.525,5.48,0.068,0.418,0,28.6181818181818,"Antropogeen",1,0.01278,0.000337403115151392,0.100000001490116,0.100000001490116,NA,NA,NA,NA,4448,32.1,12.3727272727273,6.31818181818182,209.545454545454,999.595454545455,4.68181818181817,14.0333333333333,13.9089646464647,4.31439393939394,215.58519982433,1004.5095959596,4.3800505050505,42.1
"272","MIC_S_008","River Scheldt (Wintam)","Sediment","Sand",8,"Wintam",0.578952432274277,1182,4,"Yes","Yes",162.84,"Yes","Middle",62.325,0.025,2.18509686118416,15,0,2,4.883,0.85,0,3.525,2.832,2.956,0,0,37.4145569620253,"Diep Subtidaal",550,7.029,0.185571713333265,1098.52699995786,1.9973218181052,NA,NA,NA,NA,4448,0,3.91666666666667,6.41666666666666,243.333333333333,1017.66666666667,5.45833333333333,2.96666666666667,3.11805555555556,6,218.333333333333,1007.25972222222,5.79166666666666,8.9
"273","MIC_S_009","River Scheldt (Antwerpen)","Sediment","Sand",6,"Antwerp",0.470055991739951,578,4,"No","No",440.237,"Yes","Middle",177.35,0.025,2.18509686118416,15,1,4,0,2.523,1.66,6.144,2.503,2.185,0.001,0,20.9269841269841,"Diep Subtidaal",111,1.41858,0.0374517457818045,381.646991938353,3.43826118863381,NA,NA,NA,NA,4448,8.1,4.74347826086957,4.56521739130435,224.782608695651,1012.12608695652,7.47826086956522,5.16666666666667,4.03115942028986,5.73007246376811,220.760869565217,1012.05730676329,6.02053140096618,15.5
"274","MIC_S_010","Port of Oostende (B)","Sediment","Sludge",6,"Ostend (B)",0.350893299484996,NA,0,"No","No",42.056,"No",NA,88.881,0.025,2.18509686118416,15,0,0,0.065,3.067,0.385,5.525,5.48,0.068,0.418,0,28.6181818181818,"Antropogeen",1,0.01278,0.000337403115151392,0.100000001490116,0.100000001490116,NA,NA,NA,NA,18379,0,8.29583333333333,4.66666666666666,72.5,1010.37083333333,3.54166666666667,0,7.52916666666667,6.12499999999999,55,1019.46944444444,3,0
"275","MIC_S_011","Port of Nieuwpoort (B)","Sediment","Sludge+sand",6,"Nieuwpoort (B)",0.415132728478322,NA,0,"No","No",13.162,"No",NA,61.83,0.025,2.18509686118416,15,0,0,3.941,1.458,0,4.374,2.709,1.141,1.413,0,47.25,"Antropogeen",NA,0,0,NA,NA,NA,NA,NA,NA,18379,0,8.65909090909091,5.77272727272726,61.8181818181817,1004.83636363636,6.13636363636364,0,8.03080808080808,5.74368686868686,58.9393939393939,1011.87462121212,4.12878787878788,0
"276","MIC_S_012","River Scheldt (Temse)","Sediment","Sand",5,"Temse",0.692196088302361,470,3,"Yes","Yes",138.086,"No",NA,32.053,0.025,2.18509686118416,15,3,0,7.248,0.19,0,4.425,1.478,1.705,0,0,50.8391167192429,"Matig Diep Subtidaal",440,5.6232,0.148457370666612,822.980994567275,1.87041135128926,NA,NA,NA,NA,18379,0,17.4416666666666,6.08333333333333,42.0833333333333,1028.23333333332,2.08333333333332,6.26666666666667,17.5222222222222,6.02777777777777,135.555555555556,1023.97361111111,4.6111111111111,18.8
"277","MIC_S_017","Zeebrugge (700)","Sediment","Sludge",10,"Zeebrugge",0.475560449245903,NA,0,"No","No",2285.2,"No",NA,326.843,0.025,2.18509686118416,15,0,0,0.517756132,6.041504238,0,0.013385453,7.396712232,0.934019162,0,0.068388918,42.0526315789474,"Hoogdynamisch sublittoraal",0,0,0,0,NA,NA,NA,NA,NA,4439,4.59999999999999,10.1625,7.875,254.583333333333,1008.35,7.08333333333333,4.33333333333333,6.47222222222222,6.34722222222222,241.986714975845,1015.11944444445,5.79166666666667,13
"278","MIC_S_018","River Scheldt (Breskens)","Sediment","Sand",17,"Breskens",0.151664937486743,1550,0,"No","Yes",4560.276,"No",NA,1485.85,0.025,2.18509686118416,15,0,0,0.288,0.427,0,1.451,12.678,0,0.106,0,23.4075235109718,"Hoogdynamisch sublittoraal",0,0,0,0,NA,NA,NA,NA,NA,4439,4.59999999999999,10.1625,7.875,254.583333333333,1008.35,7.08333333333333,4.33333333333333,6.47222222222222,6.34722222222222,241.986714975845,1015.11944444445,5.79166666666667,13
"279","MIC_S_019","River Scheldt (Terneuzen)","Sediment","Sand",10,"Terneuzen",0.193043486831849,2796,0,"No","Yes",5795.649,"Yes","Outside",629.126,0.025,2.18509686118416,15,0,0,0,1.951,0,3.842,9.18,0,0,0,49.3943217665615,"Hoogdynamisch sublittoraal",7,0.08946,0.00236182180605974,2.33400005847216,0.333428579781737,NA,NA,NA,NA,18355,4.59999999999999,10.1625,7.875,254.583333333333,1008.35,7.08333333333333,4.33333333333333,6.47222222222222,6.34722222222222,241.986714975845,1015.11944444445,5.79166666666667,13
"280","MIC_S_020","River Scheldt (Breskens)","Sediment","Sand",14,"Breskens",0.151664937486743,1550,0,"No","Yes",4560.276,"No",NA,1485.85,0.025,2.18509686118416,15,0,0,0.288,0.427,0,1.451,12.678,0,0.106,0,23.4075235109718,"Hoogdynamisch sublittoraal",0,0,0,0,NA,NA,NA,NA,NA,18355,0,2.2625,4,178.333333333333,1032.16249999999,6.16666666666666,2,2.50277777777778,4.73611111111111,202.083333333333,1018.54305555555,5.31818181818181,6
"281","MIC_S_021","River Scheldt (Terneuzen)","Sediment","Sand",27,"Terneuzen",0.193043486831849,2796,0,"No","Yes",5795.649,"Yes","Outside",629.126,0.025,2.18509686118416,15,0,0,0,1.951,0,3.842,9.18,0,0,0,49.3943217665615,"Hoogdynamisch sublittoraal",7,0.08946,0.00236182180605974,2.33400005847216,0.333428579781737,NA,NA,NA,NA,18355,0,2.2625,4,178.333333333333,1032.16249999999,6.16666666666666,2,2.50277777777778,4.73611111111111,202.083333333333,1018.54305555555,5.31818181818181,6
"282","MIC_S_022","River Scheldt (Antwerpen)","Sediment","Sand",7,"Antwerp",0.470055991739951,578,4,"No","No",440.237,"Yes","Middle",177.35,0.025,2.18509686118416,15,1,4,0,2.523,1.66,6.144,2.503,2.185,0.001,0,20.9269841269841,"Diep Subtidaal",111,1.41858,0.0374517457818045,381.646991938353,3.43826118863381,NA,NA,NA,NA,14233,0,8.97173913043478,3.17391304347825,33.4782608695651,1018.3347826087,5.54545454545455,0,10.1653660349313,3.06117614269788,134.556856187291,1016.76020531401,6.15227526097092,0
"283","MIC_S_023","River Scheldt (Wintam)","Sediment","Sand",10,"Wintam",0.578952432274277,1182,4,"Yes","Yes",162.84,"Yes","Middle",62.325,0.025,2.18509686118416,15,0,2,4.883,0.85,0,3.525,2.832,2.956,0,0,37.4145569620253,"Diep Subtidaal",550,7.029,0.185571713333265,1098.52699995786,1.9973218181052,NA,NA,NA,NA,14233,0,8.97173913043478,3.17391304347825,33.4782608695651,1018.3347826087,5.54545454545455,0,10.1653660349313,3.06117614269788,134.556856187291,1016.76020531401,6.15227526097092,0
"284","MIC_S_026","Port of Antwerp (Vijfde Havendok)","Sediment","Sludge+sand",10,"Vijfde Havendok",0.365489811353062,761,1,"No","No",277.86,"No",NA,43.311,0.025,2.18509686118416,15,0,0,0,6.846,0.123,1.667,4.557,1.019,0.792,0,33.0134813639968,"Antropogeen",22,0.28116,0.00742286853333062,26.7339999675751,1.21518181670796,NA,NA,NA,NA,38933,0,20.5625,2.70833333333332,40.8695652173912,1020.27083333333,4.41666666666666,0,19.9930555555555,2.2361111111111,125.954537612146,1022.78611111111,1.875,0
"285","MIC_S_027","Port of Antwerp (Doeldok)","Sediment","Sludge+sand",7,"Doeldok",0.101967214843083,70,0,"Yes","No",572.789,"No",NA,64.5,0.025,2.18509686118416,15,0,0,3.599,7.037,0,0.001,3.862,0.493,0,0,28.0341540905481,"Antropogeen",376,4.80528,0.126863571296923,476.506003022194,1.26730319952711,NA,NA,NA,NA,4812,0,23.6181818181818,2.09090909090908,136.818181818182,1013.77727272727,1.90909090909091,0,21.8352272727272,2.48863636363636,138.435598218207,1018.34242424242,2.49747474747475,0
"286","MIC_S_034","River Scheldt (Temse)","Sediment","Sand",5,"Temse",0.692196088302361,470,3,"Yes","Yes",138.086,"No",NA,32.053,0.025,2.18509686118416,15,3,0,7.248,0.19,0,4.425,1.478,1.705,0,0,50.8391167192429,"Matig Diep Subtidaal",440,5.6232,0.148457370666612,822.980994567275,1.87041135128926,NA,NA,NA,NA,9459,0,4.16249999999999,0.666666666666666,212.142857142857,1030.79166666666,7,3.06666666666666,5.48055555555555,1.91666666666667,209.785431959345,1024.25833333333,4.16538789428815,9.19999999999999
"287","MIC_S_035","River Scheldt (Wintam)","Sediment","Sludge+sand",10,"Wintam",0.578952432274277,1182,4,"Yes","Yes",162.84,"Yes","Middle",62.325,0.025,2.18509686118416,15,0,2,4.883,0.85,0,3.525,2.832,2.956,0,0,37.4145569620253,"Diep Subtidaal",550,7.029,0.185571713333265,1098.52699995786,1.9973218181052,NA,NA,NA,NA,14233,0,17.0874999999999,3.04166666666667,155.217391304348,1023.19583333333,2.29166666666667,0.666666666666667,17.6541666666666,3.41666666666666,106.600241545894,1024.82083333333,3.22222222222222,2
"288","MIC_S_036","River Scheldt (Westerschelde)","Sediment","NA",24.7,"Westerschelde",0,605,0,"No","Yes",13505.967,"No",NA,5282.849,0.025,2.18509686118416,15,0,0,0,0,0,0,14.94067285,0,0,0,0,"Hoogdynamisch sublittoraal",0,0,0,0,NA,NA,NA,NA,NA,38844,6,6.95652173913043,4.69565217391304,184.782608695651,992.460869565216,7.66666666666666,3.3,6.15634057971014,3.88466183574879,177.5422705314,1000.31890096618,6.94987922705313,9.9
"289","MIC_S_037","River Scheldt (Terneuzen)","Sediment","Sand",24.5,"Terneuzen",0.193043486831849,2796,0,"No","Yes",5795.649,"Yes","Outside",629.126,0.025,2.18509686118416,15,0,0,0,1.951,0,3.842,9.18,0,0,0,49.3943217665615,"Hoogdynamisch sublittoraal",7,0.08946,0.00236182180605974,2.33400005847216,0.333428579781737,NA,NA,NA,NA,9459,6,6.95652173913043,4.69565217391304,184.782608695651,992.460869565216,7.66666666666666,3.3,6.15634057971014,3.88466183574879,177.5422705314,1000.31890096618,6.94987922705313,9.9
"290","MIC_S_038","River Scheldt (Kruiningen)","Sediment","NA",23.9,"Kruiningen",0.181401485729347,269,0,"Yes","Yes",2413.23,"Yes","Outside",1691.675,0.025,2.18509686118416,15,0,0,0.004487646,0.334195149,0,1.404402138,13.156104668,0,0,0.04690697,12.05,"Hoogdynamisch sublittoraal",73,0.93294,2.70630622115876,30.668999671936,0.420123283177206,NA,NA,NA,NA,14233,6,6.95652173913043,4.69565217391304,184.782608695651,992.460869565216,7.66666666666666,3.3,6.15634057971014,3.88466183574879,177.5422705314,1000.31890096618,6.94987922705313,9.9
"291","MIC_S_039","River Scheldt (Bath)","Sediment","NA",22.4,"Bath",0.208723890181591,2044,0,"No","Yes",2718.679,"Yes","Outside",296.437,0.025,2.18509686118416,15,0,0,0,0.002760574,0,4.651475153,9.213154975,0,0,1.087080843,16.5789473684211,"Hoogdynamisch sublittoraal",201,2.56878,7.45161028017685,113.706000089645,0.56570149298331,NA,NA,NA,NA,1203.99,0.2,7.73478260869565,8.34082608695652,186.395652173912,990.478260869565,5.17391304347825,1.1,7.70326086956522,7.28737258454106,195.776328502415,999.051086956522,5.78019323671497,3.3
"292","MIC_W_001","River Scheldt (Wintam)","Water","NA",1,"Wintam",0.578952432274277,1182,4,"Yes","Yes",162.84,"Yes","Middle",62.325,0.025,2.18509686118416,15,0,2,4.883,0.85,0,3.525,2.832,2.956,0,0,37.4145569620253,"Diep Subtidaal",550,7.029,0.185571713333265,1098.52699995786,1.9973218181052,NA,NA,NA,NA,14223,0,1.33478260869565,1,137.368421052631,1003.82173913043,4.82608695652174,0,1.37826086956522,1.65277777777777,142.872807017544,1001.34057971014,5.67814009661835,0
"293","MIC_W_009","River Scheldt (Doel)","Water","NA",1,"Doel",0.0374158921544889,843,0,"Yes","Yes",1245.45,"Yes","Middle",431.8,0.025,2.18509686118416,15,0,0,1.265,4.679,0.765,0.513,6.426,1.332,0,0,30.9240506329114,"Diep Subtidaal",146,1.86588,0.0492608548121032,228.88799649477,1.56772600338884,NA,NA,NA,NA,24170,0,1.28695652173913,1.20326086956522,100.32,1004.27391304348,NA,0.766666666666663,1.47759661835749,1.89173973429952,131.048300395256,1001.74963768116,NA,2.29999999999999
"294","MIC_W_010","River Scheldt (Antwerpen)","Water","NA",1,"Antwerp",0.470055991739951,578,4,"No","No",440.237,"Yes","Middle",177.35,0.025,2.18509686118416,15,1,4,0,2.523,1.66,6.144,2.503,2.185,0.001,0,20.9269841269841,"Diep Subtidaal",111,1.41858,0.0374517457818045,381.646991938353,3.43826118863381,NA,NA,NA,NA,38829,0,1.33478260869565,1,137.368421052631,1003.82173913043,4.82608695652174,0,1.37826086956522,1.65277777777777,142.872807017544,1001.34057971014,5.67814009661835,0
"295","MIC_W_011","Port of Oostende (A)","Water","NA",1,"Ostend (A)",0.37946545682972,NA,0,"No","No",18.64,"No",NA,502.047,0.025,2.18509686118416,15,0,0,0,2.009,0.208,3.826,8.503,0.004,0.457,0,38.55,"Antropogeen",NA,0,0,NA,NA,NA,NA,NA,NA,12185,0.5,15.3681818181818,4.77272727272726,312.727272727272,1015.73636363636,5.18181818181817,6.16666666666667,15.8685606060606,5.41035353535353,264.659090909091,1015.00517676767,6.6300505050505,18.5
"296","MIC_W_012","Port of Oostende (B)","Water","NA",1,"Ostend (B)",0.350893299484996,NA,0,"No","No",42.056,"No",NA,88.881,0.025,2.18509686118416,15,0,0,0.065,3.067,0.385,5.525,5.48,0.068,0.418,0,28.6181818181818,"Antropogeen",1,0.01278,0.000337403115151392,0.100000001490116,0.100000001490116,NA,NA,NA,NA,18355,0.5,15.3681818181818,4.77272727272726,312.727272727272,1015.73636363636,5.18181818181817,6.16666666666667,15.8685606060606,5.41035353535353,264.659090909091,1015.00517676767,6.6300505050505,18.5
"297","MIC_W_013","Port of Oostende (C)","Water","NA",1,"Ostend (C)",0.313189285616458,NA,1,"No","No",12.742,"No",NA,116.333,0.025,2.18509686118416,15,1,0,0.869,4.401,0.523,5.76,2.969,0.069,0.418,0,34.3773734177215,"Antropogeen",1,0.01278,0.000337403115151392,0.100000001490116,0.100000001490116,NA,NA,NA,NA,23412,0.5,15.3681818181818,4.77272727272726,312.727272727272,1015.73636363636,5.18181818181817,6.16666666666667,15.8685606060606,5.41035353535353,264.659090909091,1015.00517676767,6.6300505050505,18.5
"298","MIC_W_014","Port of Nieuwpoort (A)","Water","NA",1,"Nieuwpoort (A)",0.59815727776823,NA,2,"No","No",109.485,"No",NA,25.323,0.025,2.18509686118416,15,0,0,1.068,0.408,0,2.138,9.052,1.397,0.971,0,59.6842105263158,"Antropogeen",NA,0,0,NA,NA,NA,NA,NA,NA,2278,1.2,12.7681818181818,7.81818181818182,267.727272727272,1012.07727272727,6,5.33333333333333,12.9366161616161,7.82828282828283,240.770202020202,1002.37575757576,6.18055555555555,16
"299","MIC_W_015","Port of Nieuwpoort (B)","Water","NA",1,"Nieuwpoort (B)",0.415132728478322,NA,0,"No","No",13.162,"No",NA,61.83,0.025,2.18509686118416,15,0,0,3.941,1.458,0,4.374,2.709,1.141,1.413,0,47.25,"Antropogeen",NA,0,0,NA,NA,NA,NA,NA,NA,4439,1.2,12.7681818181818,7.81818181818182,267.727272727272,1012.07727272727,6,5.33333333333333,12.9366161616161,7.82828282828283,240.770202020202,1002.37575757576,6.18055555555555,16
"300","MIC_W_016","Port of Nieuwpoort (C)","Water","NA",1,"Nieuwpoort (C)",0.324895425986018,NA,1,"No","No",20.61,"No",NA,96.6,0.025,2.18509686118416,15,0,1,5.45,1.543,0.223,3.562,1.066,0.443,1.374,0,41.8,"Antropogeen",NA,0,0,NA,NA,NA,NA,NA,NA,4967,1.2,12.7681818181818,7.81818181818182,267.727272727272,1012.07727272727,6,5.33333333333333,12.9366161616161,7.82828282828283,240.770202020202,1002.37575757576,6.18055555555555,16
"301","MIC_W_017","River Scheldt (Temse)","Water","NA",1,"Temse",0.692196088302361,470,3,"Yes","Yes",138.086,"No",NA,32.053,0.025,2.18509686118416,15,3,0,7.248,0.19,0,4.425,1.478,1.705,0,0,50.8391167192429,"Matig Diep Subtidaal",440,5.6232,0.148457370666612,822.980994567275,1.87041135128926,NA,NA,NA,NA,9459,0,9.38260869565216,3.8695652173913,222.272727272727,997.265217391303,7.04347826086956,0,6.81642512077294,3.30374396135265,197.007575757576,997.307850241545,7.36171497584541,0
"302","MIC_W_018","Port of Nieuwpoort (A)","Water","NA",1,"Nieuwpoort (A)",0.59815727776823,NA,2,"No","No",109.485,"No",NA,25.323,0.025,2.18509686118416,15,0,0,1.068,0.408,0,2.138,9.052,1.397,0.971,0,59.6842105263158,"Antropogeen",NA,0,0,NA,NA,NA,NA,NA,NA,2282,2.6,6.59565217391303,9.34782608695651,232.608695652173,1004.99130434783,5.26086956521738,1.23333333333333,7.09160628019323,10.1020531400966,221.980676328502,1005.58737922706,5.90640096618357,3.7
"303","MIC_W_019","Port of Nieuwpoort (B)","Water","NA",1,"Nieuwpoort (B)",0.415132728478322,NA,0,"No","No",13.162,"No",NA,61.83,0.025,2.18509686118416,15,0,0,3.941,1.458,0,4.374,2.709,1.141,1.413,0,47.25,"Antropogeen",NA,0,0,NA,NA,NA,NA,NA,NA,4448,2.6,6.59565217391303,9.34782608695651,232.608695652173,1004.99130434783,5.26086956521738,1.23333333333333,7.09160628019323,10.1020531400966,221.980676328502,1005.58737922706,5.90640096618357,3.7
"304","MIC_W_020","Port of Nieuwpoort (C)","Water","NA",1,"Nieuwpoort (C)",0.324895425986018,NA,1,"No","No",20.61,"No",NA,96.6,0.025,2.18509686118416,15,0,1,5.45,1.543,0.223,3.562,1.066,0.443,1.374,0,41.8,"Antropogeen",NA,0,0,NA,NA,NA,NA,NA,NA,4977,2.6,6.59565217391303,9.34782608695651,232.608695652173,1004.99130434783,5.26086956521738,1.23333333333333,7.09160628019323,10.1020531400966,221.980676328502,1005.58737922706,5.90640096618357,3.7
"305","MIC_W_023","Port of Oostende (A)","Water","NA",1,"Ostend (A)",0.37946545682972,NA,0,"No","No",18.64,"No",NA,502.047,0.025,2.18509686118416,15,0,0,0,2.009,0.208,3.826,8.503,0.004,0.457,0,38.55,"Antropogeen",NA,0,0,NA,NA,NA,NA,NA,NA,12204,4.4,3.18260869565217,5.78260869565217,181.739130434782,1022.36086956522,7.21739130434782,1.46666666666667,-0.629408212560387,6.35809178743961,145.857487922705,1029.9786231884,5.04468599033816,4.4
"306","MIC_W_024","Port of Oostende (B)","Water","NA",1,"Ostend (B)",0.350893299484996,NA,0,"No","No",42.056,"No",NA,88.881,0.025,2.18509686118416,15,0,0,0.065,3.067,0.385,5.525,5.48,0.068,0.418,0,28.6181818181818,"Antropogeen",1,0.01278,0.000337403115151392,0.100000001490116,0.100000001490116,NA,NA,NA,NA,18379,4.4,3.18260869565217,5.78260869565217,181.739130434782,1022.36086956522,7.21739130434782,1.46666666666667,-0.629408212560387,6.35809178743961,145.857487922705,1029.9786231884,5.04468599033816,4.4
"307","MIC_W_025","Port of Oostende (C)","Water","NA",1,"Ostend (C)",0.313189285616458,NA,1,"No","No",12.742,"No",NA,116.333,0.025,2.18509686118416,15,1,0,0.869,4.401,0.523,5.76,2.969,0.069,0.418,0,34.3773734177215,"Antropogeen",1,0.01278,0.000337403115151392,0.100000001490116,0.100000001490116,NA,NA,NA,NA,23441,4.4,3.18260869565217,5.78260869565217,181.739130434782,1022.36086956522,7.21739130434782,1.46666666666667,-0.629408212560387,6.35809178743961,145.857487922705,1029.9786231884,5.04468599033816,4.4
"308","MIC_W_026","Port of Antwerp (Vijfde Havendok)","Water","NA",1,"Vijfde Havendok",0.365489811353062,761,1,"No","No",277.86,"No",NA,43.311,0.025,2.18509686118416,15,0,0,0,6.846,0.123,1.667,4.557,1.019,0.792,0,33.0134813639968,"Antropogeen",22,0.28116,0.00742286853333062,26.7339999675751,1.21518181670796,NA,NA,NA,NA,38933,0,19.9958333333333,2.145125,66.2458333333332,1020.55833333333,NA,0,19.3416666666666,2.21636111111111,143.752958937198,1023.05,NA,0
"309","MIC_W_027","River Scheldt (Doel)","Water","NA",1,"Doel",0.0374158921544889,843,0,"Yes","Yes",1245.45,"Yes","Middle",431.8,0.025,2.18509686118416,15,0,0,1.265,4.679,0.765,0.513,6.426,1.332,0,0,30.9240506329114,"Diep Subtidaal",146,1.86588,0.0492608548121032,228.88799649477,1.56772600338884,NA,NA,NA,NA,24170,0,9.60454545454545,2.786,91.6045454545455,1021.60454545455,NA,0,9.77373737373738,3.10917753623188,82.3558025911288,1017.68303689065,NA,0
"310","MIC_W_028","River Scheldt (Antwerpen)","Water","NA",1,"Antwerp",0.470055991739951,578,4,"No","No",440.237,"Yes","Middle",177.35,0.025,2.18509686118416,15,1,4,0,2.523,1.66,6.144,2.503,2.185,0.001,0,20.9269841269841,"Diep Subtidaal",111,1.41858,0.0374517457818045,381.646991938353,3.43826118863381,NA,NA,NA,NA,38829,0,9.71818181818182,3.54545454545454,54.0909090909091,1021.05909090908,6.54545454545455,0,9.7021958717611,3.44812252964426,71.6897233201581,1017.24656895037,6.21870882740448,0
"311","MIC_W_034","River Scheldt (Wintam)","Water","NA",1,"Wintam",0.578952432274277,1182,4,"Yes","Yes",162.84,"Yes","Middle",62.325,0.025,2.18509686118416,15,0,2,4.883,0.85,0,3.525,2.832,2.956,0,0,37.4145569620253,"Diep Subtidaal",550,7.029,0.185571713333265,1098.52699995786,1.9973218181052,NA,NA,NA,NA,14223,0,9.71818181818182,3.54545454545454,54.0909090909091,1021.05909090908,6.54545454545455,0,9.7021958717611,3.44812252964426,71.6897233201581,1017.24656895037,6.21870882740448,0
"312","MIC_W_035","Port of Antwerp (Doeldok)","Water","NA",1,"Doeldok",0.101967214843083,70,0,"Yes","No",572.789,"No",NA,64.5,0.025,2.18509686118416,15,0,0,3.599,7.037,0,0.001,3.862,0.493,0,0,28.0341540905481,"Antropogeen",376,4.80528,0.126863571296923,476.506003022194,1.26730319952711,NA,NA,NA,NA,4812,0,23.1727272727273,1.91895454545455,130.963636363636,1013.96818181818,NA,0,21.2409090909091,2.24569318181818,135.391562362758,1018.59633838384,NA,0
"313","MIC_W_036","Port of Oostende (A)","Water","NA",1,"Ostend (A)",0.37946545682972,NA,0,"No","No",18.64,"No",NA,502.047,0.025,2.18509686118416,15,0,0,0,2.009,0.208,3.826,8.503,0.004,0.457,0,38.55,"Antropogeen",NA,0,0,NA,NA,NA,NA,NA,NA,12185,3.9,11.1583333333332,6,209.583333333333,1023.27083333333,7.25,7.3,10.9444444444443,7.06944444444444,214.305555555555,1012.90555555555,6.36111111111111,21.9
"314","MIC_W_037","Port of Oostende (B)","Water","NA",1,"Ostend (B)",0.350893299484996,NA,0,"No","No",42.056,"No",NA,88.881,0.025,2.18509686118416,15,0,0,0.065,3.067,0.385,5.525,5.48,0.068,0.418,0,28.6181818181818,"Antropogeen",1,0.01278,0.000337403115151392,0.100000001490116,0.100000001490116,NA,NA,NA,NA,18355,3.9,11.1583333333332,6,209.583333333333,1023.27083333333,7.25,7.3,10.9444444444443,7.06944444444444,214.305555555555,1012.90555555555,6.36111111111111,21.9
"315","MIC_W_038","Port of Oostende (C)","Water","NA",1,"Ostend (C)",0.313189285616458,NA,1,"No","No",12.742,"No",NA,116.333,0.025,2.18509686118416,15,1,0,0.869,4.401,0.523,5.76,2.969,0.069,0.418,0,34.3773734177215,"Antropogeen",1,0.01278,0.000337403115151392,0.100000001490116,0.100000001490116,NA,NA,NA,NA,23412,3.9,11.1583333333332,6,209.583333333333,1023.27083333333,7.25,7.3,10.9444444444443,7.06944444444444,214.305555555555,1012.90555555555,6.36111111111111,21.9
"316","MIC_W_039","Port of Nieuwpoort (A)","Water","NA",1,"Nieuwpoort (A)",0.59815727776823,NA,2,"No","No",109.485,"No",NA,25.323,0.025,2.18509686118416,15,0,0,1.068,0.408,0,2.138,9.052,1.397,0.971,0,59.6842105263158,"Antropogeen",NA,0,0,NA,NA,NA,NA,NA,NA,2278,0,11.6,6,192.916666666667,1019.65,4.25,2.63333333333333,10.9458333333333,6.41666666666667,214.027777777778,1018.88472222222,5.83333333333333,7.9
"317","MIC_W_040","Port of Nieuwpoort (B)","Water","NA",1,"Nieuwpoort (B)",0.415132728478322,NA,0,"No","No",13.162,"No",NA,61.83,0.025,2.18509686118416,15,0,0,3.941,1.458,0,4.374,2.709,1.141,1.413,0,47.25,"Antropogeen",NA,0,0,NA,NA,NA,NA,NA,NA,4439,0,11.6,6,192.916666666667,1019.65,4.25,2.63333333333333,10.9458333333333,6.41666666666667,214.027777777778,1018.88472222222,5.83333333333333,7.9
"318","MIC_W_041","Port of Nieuwpoort (C)","Water","NA",1,"Nieuwpoort (C)",0.324895425986018,NA,1,"No","No",20.61,"No",NA,96.6,0.025,2.18509686118416,15,0,1,5.45,1.543,0.223,3.562,1.066,0.443,1.374,0,41.8,"Antropogeen",NA,0,0,NA,NA,NA,NA,NA,NA,4967,0,11.6,6,192.916666666667,1019.65,4.25,2.63333333333333,10.9458333333333,6.41666666666667,214.027777777778,1018.88472222222,5.83333333333333,7.9
"319","MIC_W_042","Port of Antwerp (Schelde Rijn kanaal)","Water","NA",1,"Schelde Rijn kanaal",0.176334851429806,NA,0,"No","No",322.285,"No",NA,27.459,0.025,2.18509686118416,15,0,0,6.489,1.668,1.179,1.726,2.279,1.34,0,0.284,30.7870150435471,"Antropogeen",0,0,0,0,NA,NA,NA,NA,NA,31646,5.5,8.93478260869565,5.45008695652173,270.195652173913,1023.73043478261,NA,1.96666666666667,11.4213164251208,5.99725120772946,220.366606280193,1022.67125603865,NA,5.9
"320","MIC_W_043","Port of Antwerp (Kanaaldok)","Water","NA",1,"Kanaaldok",0.0381474224480696,217,0,"No","No",402.531,"No",NA,45.849,0.025,2.18509686118416,15,1,0,0,6.619,1.913,0.224,4.565,0.606,0,1.055,31.5893141945774,"Antropogeen",12,0.15336,0.0040488373818167,9.71499997377396,0.80958333114783,NA,NA,NA,NA,37507,5.5,8.93478260869565,5.45008695652173,270.195652173913,1023.73043478261,NA,1.96666666666667,11.4213164251208,5.99725120772946,220.366606280193,1022.67125603865,NA,5.9
"321","MIC_W_044","River Scheldt (Wintam)","Water","NA",1,"Wintam",0.578952432274277,1182,4,"Yes","Yes",162.84,"Yes","Middle",62.325,0.025,2.18509686118416,15,0,2,4.883,0.85,0,3.525,2.832,2.956,0,0,37.4145569620253,"Diep Subtidaal",550,7.029,0.185571713333265,1098.52699995786,1.9973218181052,NA,NA,NA,NA,14233,0,10.4875,1.375,248.125,1017.82916666666,1.41666666666667,0,9.57638888888888,1.95833333333333,248.676712779973,1020.63055555555,1.76388888888889,0
"322","MIC_W_045","River Scheldt (Doel)","Water","NA",1,"Doel",0.0374158921544889,843,0,"Yes","Yes",1245.45,"Yes","Middle",431.8,0.025,2.18509686118416,15,0,0,1.265,4.679,0.765,0.513,6.426,1.332,0,0,30.9240506329114,"Diep Subtidaal",146,1.86588,0.0492608548121032,228.88799649477,1.56772600338884,NA,NA,NA,NA,24178,0,9.52083333333333,3.46974999999999,163.445833333333,1019.84166666667,NA,0.133333333333333,9.59166666666665,2.34124999999999,191.647295321637,1019.625,NA,0.4
"323","MIC_W_046","River Scheldt (Antwerpen)","Water","NA",1,"Antwerp",0.470055991739951,578,4,"No","No",440.237,"Yes","Middle",177.35,0.025,2.18509686118416,15,1,4,0,2.523,1.66,6.144,2.503,2.185,0.001,0,20.9269841269841,"Diep Subtidaal",111,1.41858,0.0374517457818045,381.646991938353,3.43826118863381,NA,NA,NA,NA,38844,0,10.5791666666666,3.54166666666667,141.666666666667,1019.31666666667,3.91666666666667,0,10.1194444444444,2.27777777777778,188.626207729469,1019.2125,2.77777777777778,0
"324","MIC_W_054","Port of Nieuwpoort (A)","Water","NA",1,"Nieuwpoort (A)",0.59815727776823,NA,2,"No","No",109.485,"No",NA,25.323,0.025,2.18509686118416,15,0,0,1.068,0.408,0,2.138,9.052,1.397,0.971,0,59.6842105263158,"Antropogeen",NA,0,0,NA,NA,NA,NA,NA,NA,2278,0,13.5041666666667,1.875,233.043478260869,1011,1.83333333333332,0.433333333333333,15.1583333333334,3,158.426108915239,1015.10555555555,1.79166666666666,1.3
"325","MIC_W_055","Port of Nieuwpoort (B)","Water","NA",1,"Nieuwpoort (B)",0.415132728478322,NA,0,"No","No",13.162,"No",NA,61.83,0.025,2.18509686118416,15,0,0,3.941,1.458,0,4.374,2.709,1.141,1.413,0,47.25,"Antropogeen",NA,0,0,NA,NA,NA,NA,NA,NA,4439,0,13.5041666666667,1.875,233.043478260869,1011,1.83333333333332,0.433333333333333,15.1583333333334,3,158.426108915239,1015.10555555555,1.79166666666666,1.3
"326","MIC_W_056","Port of Nieuwpoort (C)","Water","NA",1,"Nieuwpoort (C)",0.324895425986018,NA,1,"No","No",20.61,"No",NA,96.6,0.025,2.18509686118416,15,0,1,5.45,1.543,0.223,3.562,1.066,0.443,1.374,0,41.8,"Antropogeen",NA,0,0,NA,NA,NA,NA,NA,NA,4967,0,13.5041666666667,1.875,233.043478260869,1011,1.83333333333332,0.433333333333333,15.1583333333334,3,158.426108915239,1015.10555555555,1.79166666666666,1.3
"327","MIC_W_064","Port of Oostende (A)","Water","NA",1,"Ostend (A)",0.37946545682972,NA,0,"No","No",18.64,"No",NA,502.047,0.025,2.18509686118416,15,0,0,0,2.009,0.208,3.826,8.503,0.004,0.457,0,38.55,"Antropogeen",NA,0,0,NA,NA,NA,NA,NA,NA,12185,32.1,12.3727272727273,6.31818181818182,209.545454545454,999.595454545455,4.68181818181817,14.0333333333333,13.9089646464647,4.31439393939394,215.58519982433,1004.5095959596,4.3800505050505,42.1
"328","MIC_W_065","Port of Oostende (B)","Water","NA",1,"Ostend (B)",0.350893299484996,NA,0,"No","No",42.056,"No",NA,88.881,0.025,2.18509686118416,15,0,0,0.065,3.067,0.385,5.525,5.48,0.068,0.418,0,28.6181818181818,"Antropogeen",1,0.01278,0.000337403115151392,0.100000001490116,0.100000001490116,NA,NA,NA,NA,18355,32.1,12.3727272727273,6.31818181818182,209.545454545454,999.595454545455,4.68181818181817,14.0333333333333,13.9089646464647,4.31439393939394,215.58519982433,1004.5095959596,4.3800505050505,42.1
"329","MIC_W_066","Port of Oostende (C)","Water","NA",1,"Ostend (C)",0.313189285616458,NA,1,"No","No",12.742,"No",NA,116.333,0.025,2.18509686118416,15,1,0,0.869,4.401,0.523,5.76,2.969,0.069,0.418,0,34.3773734177215,"Antropogeen",1,0.01278,0.000337403115151392,0.100000001490116,0.100000001490116,NA,NA,NA,NA,23412,32.1,12.3727272727273,6.31818181818182,209.545454545454,999.595454545455,4.68181818181817,14.0333333333333,13.9089646464647,4.31439393939394,215.58519982433,1004.5095959596,4.3800505050505,42.1
"330","MIC_W_067","River Scheldt (Wintam)","Water","NA",1,"Wintam",0.578952432274277,1182,4,"Yes","Yes",162.84,"Yes","Middle",62.325,0.025,2.18509686118416,15,0,2,4.883,0.85,0,3.525,2.832,2.956,0,0,37.4145569620253,"Diep Subtidaal",550,7.029,0.185571713333265,1098.52699995786,1.9973218181052,NA,NA,NA,NA,14233,0,4.325,4.75,245,1017.3625,6.58333333333333,0,2.97361111111111,3.91666666666666,213.472222222222,1007.11805555555,6.22222222222222,0
"331","MIC_W_068","River Scheldt (Doel)","Water","NA",1,"Doel",0.0374158921544889,843,0,"Yes","Yes",1245.45,"Yes","Middle",431.8,0.025,2.18509686118416,15,0,0,1.265,4.679,0.765,0.513,6.426,1.332,0,0,30.9240506329114,"Diep Subtidaal",146,1.86588,0.0492608548121032,228.88799649477,1.56772600338884,NA,NA,NA,NA,24178,1.3,4.42608695652173,5.15517391304348,206.752173913043,1012.76086956522,NA,1.23333333333333,4.00036231884057,4.91397463768116,225.820169082125,1012.06612318841,NA,3.7
"332","MIC_W_069","River Scheldt (Antwerpen)","Water","NA",1,"Antwerp",0.470055991739951,578,4,"No","No",440.237,"Yes","Middle",177.35,0.025,2.18509686118416,15,1,4,0,2.523,1.66,6.144,2.503,2.185,0.001,0,20.9269841269841,"Diep Subtidaal",111,1.41858,0.0374517457818045,381.646991938353,3.43826118863381,NA,NA,NA,NA,38844,0,4.02173913043477,4.34782608695651,215.217391304348,1012.52608695652,8,0,3.73502415458936,4.14371980676328,215.905797101449,1011.81147342995,6.86111111111111,0
"333","MIC_W_072","Port of Oostende (C)","Water","NA",1,"Ostend (C)",0.313189285616458,NA,1,"No","No",12.742,"No",NA,116.333,0.025,2.18509686118416,15,1,0,0.869,4.401,0.523,5.76,2.969,0.069,0.418,0,34.3773734177215,"Antropogeen",1,0.01278,0.000337403115151392,0.100000001490116,0.100000001490116,NA,NA,NA,NA,23441,0,8.29583333333333,4.66666666666666,72.5,1010.37083333333,3.54166666666667,0,7.52916666666667,6.12499999999999,55,1019.46944444444,3,0
"334","MIC_W_076","Port of Nieuwpoort (A)","Water","NA",1,"Nieuwpoort (A)",0.59815727776823,NA,2,"No","No",109.485,"No",NA,25.323,0.025,2.18509686118416,15,0,0,1.068,0.408,0,2.138,9.052,1.397,0.971,0,59.6842105263158,"Antropogeen",NA,0,0,NA,NA,NA,NA,NA,NA,2282,3.7,16.8874999999999,1.91666666666667,192.272727272727,1014.3875,5.91666666666666,17.4,17.1972222222221,2.76388888888889,114.924242424242,1015.98194444444,6.34722222222222,52.2
"335","MIC_W_077","Port of Nieuwpoort (B)","Water","NA",1,"Nieuwpoort (B)",0.415132728478322,NA,0,"No","No",13.162,"No",NA,61.83,0.025,2.18509686118416,15,0,0,3.941,1.458,0,4.374,2.709,1.141,1.413,0,47.25,"Antropogeen",NA,0,0,NA,NA,NA,NA,NA,NA,4448,3.7,16.8874999999999,1.91666666666667,192.272727272727,1014.3875,5.91666666666666,17.4,17.1972222222221,2.76388888888889,114.924242424242,1015.98194444444,6.34722222222222,52.2
"336","MIC_W_078","Port of Nieuwpoort (C)","Water","NA",1,"Nieuwpoort (C)",0.324895425986018,NA,1,"No","No",20.61,"No",NA,96.6,0.025,2.18509686118416,15,0,1,5.45,1.543,0.223,3.562,1.066,0.443,1.374,0,41.8,"Antropogeen",NA,0,0,NA,NA,NA,NA,NA,NA,4977,3.7,16.8874999999999,1.91666666666667,192.272727272727,1014.3875,5.91666666666666,17.4,17.1972222222221,2.76388888888889,114.924242424242,1015.98194444444,6.34722222222222,52.2
"337","MIC_W_086","Port of Oostende (A)","Water","NA",1,"Ostend (A)",0.37946545682972,NA,0,"No","No",18.64,"No",NA,502.047,0.025,2.18509686118416,15,0,0,0,2.009,0.208,3.826,8.503,0.004,0.457,0,38.55,"Antropogeen",NA,0,0,NA,NA,NA,NA,NA,NA,12204,9.6,13.9272727272726,5.13636363636364,340.454545454544,1015.27727272727,7.72727272727273,4.5,15.4063131313131,3.50378787878788,230.90909090909,1014.45353535353,7.13131313131313,13.5
"338","MIC_W_087","Port of Oostende (B)","Water","NA",1,"Ostend (B)",0.350893299484996,NA,0,"No","No",42.056,"No",NA,88.881,0.025,2.18509686118416,15,0,0,0.065,3.067,0.385,5.525,5.48,0.068,0.418,0,28.6181818181818,"Antropogeen",1,0.01278,0.000337403115151392,0.100000001490116,0.100000001490116,NA,NA,NA,NA,18379,9.6,13.9272727272726,5.13636363636364,340.454545454544,1015.27727272727,7.72727272727273,4.5,15.4063131313131,3.50378787878788,230.90909090909,1014.45353535353,7.13131313131313,13.5
"339","MIC_W_088","Port of Oostende (C)","Water","NA",1,"Ostend (C)",0.313189285616458,NA,1,"No","No",12.742,"No",NA,116.333,0.025,2.18509686118416,15,1,0,0.869,4.401,0.523,5.76,2.969,0.069,0.418,0,34.3773734177215,"Antropogeen",1,0.01278,0.000337403115151392,0.100000001490116,0.100000001490116,NA,NA,NA,NA,23441,9.6,13.9272727272726,5.13636363636364,340.454545454544,1015.27727272727,7.72727272727273,4.5,15.4063131313131,3.50378787878788,230.90909090909,1014.45353535353,7.13131313131313,13.5
"340","MIC_W_096","River Scheldt (Temse)","Water","NA",1,"Temse",0.692196088302361,470,3,"Yes","Yes",138.086,"No",NA,32.053,0.025,2.18509686118416,15,3,0,7.248,0.19,0,4.425,1.478,1.705,0,0,50.8391167192429,"Matig Diep Subtidaal",440,5.6232,0.148457370666612,822.980994567275,1.87041135128926,NA,NA,NA,NA,9459,0,17.4583333333333,3.5,37.9166666666667,1027.3875,0.916666666666666,16.7333333333333,17.9041666666666,3.73611111111111,140,1022.67222222222,4.75,50.2
"341","MIC_W_104","River Scheldt (Temse)","Water","NA",1,"Temse",0.692196088302361,470,3,"Yes","Yes",138.086,"No",NA,32.053,0.025,2.18509686118416,15,3,0,7.248,0.19,0,4.425,1.478,1.705,0,0,50.8391167192429,"Matig Diep Subtidaal",440,5.6232,0.148457370666612,822.980994567275,1.87041135128926,NA,NA,NA,NA,9459,0,4.16249999999999,0.666666666666666,212.142857142857,1030.79166666666,7,3.06666666666666,5.48055555555555,1.91666666666667,209.785431959345,1024.25833333333,4.16538789428815,9.19999999999999
"342","MIC_W_116","Zeebrugge (700)","Water","NA",1,"Zeebrugge",0.475560449245903,NA,0,"No","No",2285.2,"No",NA,326.843,0.025,2.18509686118416,15,0,0,0.517756132,6.041504238,0,0.013385453,7.396712232,0.934019162,0,0.068388918,42.0526315789474,"Hoogdynamisch sublittoraal",0,0,0,0,NA,NA,NA,NA,NA,55.392,3.7,9.93333333333333,6.82770833333333,239.224999999999,1008.00833333333,7.29166666666666,3.8,7.49305555555555,6.58554166666666,230.406944444444,1014.7125,5.88888888888889,11.4
"343","MIC_W_117","River Scheldt (Breskens)","Water","NA",1,"Breskens",0.151664937486743,1550,0,"No","Yes",4560.276,"No",NA,1485.85,0.025,2.18509686118416,15,0,0,0.288,0.427,0,1.451,12.678,0,0.106,0,23.4075235109718,"Hoogdynamisch sublittoraal",0,0,0,0,NA,NA,NA,NA,NA,179,1.9,9.69999999999999,9.5,244,1006.8,8,2.56666666666667,7.33333333333333,8.83333333333333,245,1013.36666666667,7,7.7
"344","MIC_W_118","River Scheldt (Terneuzen)","Water","NA",1,"Terneuzen",0.193043486831849,2796,0,"No","Yes",5795.649,"Yes","Outside",629.126,0.025,2.18509686118416,15,0,0,0,1.951,0,3.842,9.18,0,0,0,49.3943217665615,"Hoogdynamisch sublittoraal",7,0.08946,0.00236182180605974,2.33400005847216,0.333428579781737,NA,NA,NA,NA,1156,2.6,11.3,6.6,250,1007.3,NA,2.5,7.43333333333333,5.83333333333333,261,1013.93333333333,NA,7.5
"345","MIC_W_143","North Sea Port (Ringvaart)","Water","NA",1,"Ringvaart",0.194950200522831,147,3,"No","No",177.861,"No",NA,10,0.025,2.18509686118416,15,1,0,1.633,6.361,0.301,4.427,2.326,0,0,0,31.4889064976228,"Antropogeen",257,3.28446,0.0867126005939077,285.37400008738,1.1104046696007,NA,NA,NA,NA,19943,0,18.6208333333333,3.77529166666667,225.595833333332,1017.31666666667,NA,0,16.1375,3.222,147.223888888888,1023.10277777778,NA,0
"346","MIC_W_144","North Sea Port (Sifferdok)","Water","NA",1,"Sifferdok",0.200796813704073,970,0,"No","No",334.245,"No",NA,47.474,0.025,2.18509686118416,15,0,1,0.979,5.725,0.307,5.751,2.292,0,0,0,36.553125,"Antropogeen",107,1.36746,0.0361021333211989,164.126999765635,1.53389719407135,NA,NA,NA,NA,25259,0,18.6208333333333,3.77529166666667,225.595833333332,1017.31666666667,NA,0,16.1375,3.222,147.223888888888,1023.10277777778,NA,0
"347","MIC_W_145","River Scheldt (Breskens)","Water","NA",1,"Breskens",0.151664937486743,1550,0,"No","Yes",4560.276,"No",NA,1485.85,0.025,2.18509686118416,15,0,0,0.288,0.427,0,1.451,12.678,0,0.106,0,23.4075235109718,"Hoogdynamisch sublittoraal",0,0,0,0,NA,NA,NA,NA,NA,179,0.2,3.6,6,180,1032.2,7,0.15,4.1,5.76666666666667,204.333333333333,1018.66666666667,6.33333333333333,0.45
"348","MIC_W_146","River Scheldt (Terneuzen)","Water","NA",1,"Terneuzen",0.193043486831849,2796,0,"No","Yes",5795.649,"Yes","Outside",629.126,0.025,2.18509686118416,15,0,0,0,1.951,0,3.842,9.18,0,0,0,49.3943217665615,"Hoogdynamisch sublittoraal",7,0.08946,0.00236182180605974,2.33400005847216,0.333428579781737,NA,NA,NA,NA,1156,0.2,2.7,3,184,1032.59999999999,NA,0.133333333333333,2.96666666666667,3.5,205,1019.06666666666,NA,0.4
"349","MIC_W_148","North Sea Port (Mercatordok)","Water","NA",1,"Mercatordok",0.182634954197605,609,1,"No","No",230,"No",NA,10,0.025,2.18509686118416,15,0,0,2.55,6.847,0,3.855,1.775,0.019,0,0,34.7619047619048,"Antropogeen",176,2.24928,0.059382948266645,317.08699914813,1.80163067697801,NA,NA,NA,NA,21545,0.1,17.7636363636364,4.94627272727272,248.654545454545,1012.33181818182,NA,0.0333333333333333,17.2656565656566,3.53638257575757,211.368459595959,1018.08421717172,NA,0.1
"350","MIC_W_149","North Sea Port (Insteekdok Zelzate)","Water","NA",1,"Insteekdok",0.167465243092528,236,2,"Yes","No",74.034,"No",NA,10,0.025,2.18509686118416,15,1,0,1.948,5.479,0,4.55,1.306,1.736,0,0,39.5789473684211,"Antropogeen",77,0.98406,0.0259800398666572,117.4650003016,1.52551948443636,NA,NA,NA,NA,17095,0.2,17.1,6.3,243,1011.9,NA,0.0666666666666667,16.8666666666667,4.33333333333333,220,1017.4,NA,0.2
"351","MIC_W_150","North Sea Port (Kluizendok)","Water","NA",1,"Kluizendok",0.204210430989968,934,0,"No","No",211.259,"No",NA,10,0.025,2.18509686118416,15,0,0,2.472,6.532,0.266,0.957,2.51,2.208,0.085,0,28.0526315789474,"Antropogeen",102,1.30356,0.034415117745442,213.639999806881,2.09450980202825,NA,NA,NA,NA,20846,0.2,17.1,6.3,243,1011.9,NA,0.0666666666666667,16.8666666666667,4.33333333333333,220,1017.4,NA,0.2
"352","MIC_W_156","River Scheldt (Westerschelde)","Water","NA",1,"Westerschelde",0,605,0,"No","Yes",13505.967,"No",NA,5282.849,0.025,2.18509686118416,15,0,0,0,0,0,0,14.94067285,0,0,0,0,"Hoogdynamisch sublittoraal",0,0,0,0,NA,NA,NA,NA,NA,0,NA,NA,6.3,190,NA,NA,NA,NA,6.13333333333333,213.666666666667,NA,NA,0
"353","MIC_W_157","River Scheldt (Terneuzen)","Water","NA",1,"Terneuzen",0.193043486831849,2796,0,"No","Yes",5795.649,"Yes","Outside",629.126,0.025,2.18509686118416,15,0,0,0,1.951,0,3.842,9.18,0,0,0,49.3943217665615,"Hoogdynamisch sublittoraal",7,0.08946,0.00236182180605974,2.33400005847216,0.333428579781737,NA,NA,NA,NA,1156,0.1,7.5,5.8,191,991.7,NA,2.1,6.66666666666667,4.26666666666667,195,999.3,NA,6.3
"354","MIC_W_158","River Scheldt (Kruiningen)","Water","NA",1,"Kruiningen",0.181401485729347,269,0,"Yes","Yes",2413.23,"Yes","Outside",1691.675,0.025,2.18509686118416,15,0,0,0.004487646,0.334195149,0,1.404402138,13.156104668,0,0,0.04690697,12.05,"Hoogdynamisch sublittoraal",73,0.93294,2.70630622115876,30.668999671936,0.420123283177206,NA,NA,NA,NA,390.227,NA,NA,8.3,189,NA,NA,NA,NA,7.03333333333333,193.666666666667,NA,NA,0
"355","MIC_W_159","River Scheldt (Bath)","Water","NA",1,"Bath",0.208723890181591,2044,0,"No","Yes",2718.679,"Yes","Outside",296.437,0.025,2.18509686118416,15,0,0,0,0.002760574,0,4.651475153,9.213154975,0,0,1.087080843,16.5789473684211,"Hoogdynamisch sublittoraal",201,2.56878,7.45161028017685,113.706000089645,0.56570149298331,NA,NA,NA,NA,1203.99,NA,NA,8.5,183,NA,NA,NA,NA,6.93333333333333,197,NA,NA,0
