"","X.1","X","Code.Campaign","Date","Sampling.Location","Unique.Sample.Identifier","Sample.Type","Matrix","Volume..L.","DW..Sediment..kg.","Particle.count","Total.plastic.mass..kg.","Concentration..g.plastic.L.water.","Concentration..g.plastic.kg.dry.weight.sediment.","Sediment.type","Depth.Sample..m.","T1..START.","T2..STOP.","Tide","Unique.Particle.Identifier","Replicate..sediment.","Polymer","Match","Lenght..mm.","Width..mm.","Maximal.dimension..mm.","Weight..mg.","Color","Shape_obs","Sampling.Area","Type.of.Campaign","Sampling.Location.specific","Sampling.Area.general","LengthWidthratio","estimated.Hight..mm.","CSF","Shape_est","SizeClass","Transpar_NERC","Color_NERC","Color_NERC_Interreg","Shape_NERC","Shape_tot","Polymer_NERC","Diff_Time","T2..STOP..1","Diff_time"
"1",31846,31846,"SH_20_02a","2020-12-08","River Scheldt (Wintam)","MAC_W_001","Macroplastics (> 5 mm)","Water",13338,NA,21,0.6,0.0000449843,NA,NA,1,"1899-12-31 19:07:00","1899-12-31 19:13:00",NA,"MAC_W_001_1",NA,"Polypropyleen",NA,130,NA,130,13,"WHITE","ND","River Scheldt","Spotsampling","Wintam","River Scheldt (Upstream)",NA,NA,NA,NA,"SC7","opaque","WHITE/CREAM","WHITE/CREAM","Undefined micro-litter items","Undefined micro-litter items","polypropylene",6,NA,NA
"2",31847,31847,"SH_20_02a","2020-12-08","River Scheldt (Wintam)","MAC_W_001","Macroplastics (> 5 mm)","Water",13338,NA,21,0.6,0.0000449843,NA,NA,1,"1899-12-31 19:07:00","1899-12-31 19:13:00",NA,"MAC_W_001_10",NA,"Polyethyleen",NA,27,NA,27,2.7,"WHITE","ND","River Scheldt","Spotsampling","Wintam","River Scheldt (Upstream)",NA,NA,NA,NA,"SC5","opaque","WHITE/CREAM","WHITE/CREAM","Undefined micro-litter items","Undefined micro-litter items","polyethylene",6,NA,NA
"3",31848,31848,"SH_20_02a","2020-12-08","River Scheldt (Wintam)","MAC_W_001","Macroplastics (> 5 mm)","Water",13338,NA,21,0.6,0.0000449843,NA,NA,1,"1899-12-31 19:07:00","1899-12-31 19:13:00",NA,"MAC_W_001_11",NA,"Ethylene-vinyl-acetate",NA,25,NA,25,2.5,"WHITE","ND","River Scheldt","Spotsampling","Wintam","River Scheldt (Upstream)",NA,NA,NA,NA,"SC5","opaque","WHITE/CREAM","WHITE/CREAM","Undefined micro-litter items","Undefined micro-litter items","ethylene-vinyl-acetate",6,NA,NA
"4",31849,31849,"SH_20_02a","2020-12-08","River Scheldt (Wintam)","MAC_W_001","Macroplastics (> 5 mm)","Water",13338,NA,21,0.6,0.0000449843,NA,NA,1,"1899-12-31 19:07:00","1899-12-31 19:13:00",NA,"MAC_W_001_12",NA,"Polypropyleen",NA,90,NA,90,9,"WHITE","ND","River Scheldt","Spotsampling","Wintam","River Scheldt (Upstream)",NA,NA,NA,NA,"SC6","opaque","WHITE/CREAM","WHITE/CREAM","Undefined micro-litter items","Undefined micro-litter items","polypropylene",6,NA,NA
"5",31850,31850,"SH_20_02a","2020-12-08","River Scheldt (Wintam)","MAC_W_001","Macroplastics (> 5 mm)","Water",13338,NA,21,0.6,0.0000449843,NA,NA,1,"1899-12-31 19:07:00","1899-12-31 19:13:00",NA,"MAC_W_001_13",NA,"Polyethyleen",NA,9,NA,9,0.9,"WHITE","ND","River Scheldt","Spotsampling","Wintam","River Scheldt (Upstream)",NA,NA,NA,NA,"SC4","opaque","WHITE/CREAM","WHITE/CREAM","Undefined micro-litter items","Undefined micro-litter items","polyethylene",6,NA,NA
"6",31851,31851,"SH_20_02a","2020-12-08","River Scheldt (Wintam)","MAC_W_001","Macroplastics (> 5 mm)","Water",13338,NA,21,0.6,0.0000449843,NA,NA,1,"1899-12-31 19:07:00","1899-12-31 19:13:00",NA,"MAC_W_001_14",NA,"Polyethyleen",NA,7,NA,7,0.7,"GREY","ND","River Scheldt","Spotsampling","Wintam","River Scheldt (Upstream)",NA,NA,NA,NA,"SC4","opaque","BLACK/GREY","BLACK/GREY","Undefined micro-litter items","Undefined micro-litter items","polyethylene",6,NA,NA
"7",31852,31852,"SH_20_02a","2020-12-08","River Scheldt (Wintam)","MAC_W_001","Macroplastics (> 5 mm)","Water",13338,NA,21,0.6,0.0000449843,NA,NA,1,"1899-12-31 19:07:00","1899-12-31 19:13:00",NA,"MAC_W_001_15",NA,"Polyethyleen",NA,28,NA,28,2.8,"TRANSPARENT","ND","River Scheldt","Spotsampling","Wintam","River Scheldt (Upstream)",NA,NA,NA,NA,"SC5","transparent/translucent","COLOURLESS","COLOURLESS","Undefined micro-litter items","Undefined micro-litter items","polyethylene",6,NA,NA
"8",31853,31853,"SH_20_02a","2020-12-08","River Scheldt (Wintam)","MAC_W_001","Macroplastics (> 5 mm)","Water",13338,NA,21,0.6,0.0000449843,NA,NA,1,"1899-12-31 19:07:00","1899-12-31 19:13:00",NA,"MAC_W_001_16",NA,"Polyethyleen",NA,29,NA,29,2.9,"WHITE","ND","River Scheldt","Spotsampling","Wintam","River Scheldt (Upstream)",NA,NA,NA,NA,"SC5","opaque","WHITE/CREAM","WHITE/CREAM","Undefined micro-litter items","Undefined micro-litter items","polyethylene",6,NA,NA
"9",31854,31854,"SH_20_02a","2020-12-08","River Scheldt (Wintam)","MAC_W_001","Macroplastics (> 5 mm)","Water",13338,NA,21,0.6,0.0000449843,NA,NA,1,"1899-12-31 19:07:00","1899-12-31 19:13:00",NA,"MAC_W_001_17",NA,"Polyethyleen",NA,15,NA,15,1.5,"WHITE","Hard plastic","River Scheldt","Spotsampling","Wintam","River Scheldt (Upstream)",NA,NA,NA,NA,"SC5","opaque","WHITE/CREAM","WHITE/CREAM","fragments","fragments","polyethylene",6,NA,NA
"10",31855,31855,"SH_20_02a","2020-12-08","River Scheldt (Wintam)","MAC_W_001","Macroplastics (> 5 mm)","Water",13338,NA,21,0.6,0.0000449843,NA,NA,1,"1899-12-31 19:07:00","1899-12-31 19:13:00",NA,"MAC_W_001_18",NA,"Polyethyleen",NA,20,NA,20,2,"RED","ND","River Scheldt","Spotsampling","Wintam","River Scheldt (Upstream)",NA,NA,NA,NA,"SC5","opaque","RED","ORANGE/RED/PURPLE/PINK","Undefined micro-litter items","Undefined micro-litter items","polyethylene",6,NA,NA
"11",31856,31856,"SH_20_02a","2020-12-08","River Scheldt (Wintam)","MAC_W_001","Macroplastics (> 5 mm)","Water",13338,NA,21,0.6,0.0000449843,NA,NA,1,"1899-12-31 19:07:00","1899-12-31 19:13:00",NA,"MAC_W_001_19",NA,"Polyethyleen",NA,40,NA,40,4,"GREY","ND","River Scheldt","Spotsampling","Wintam","River Scheldt (Upstream)",NA,NA,NA,NA,"SC5","opaque","BLACK/GREY","BLACK/GREY","Undefined micro-litter items","Undefined micro-litter items","polyethylene",6,NA,NA
"12",31857,31857,"SH_20_02a","2020-12-08","River Scheldt (Wintam)","MAC_W_001","Macroplastics (> 5 mm)","Water",13338,NA,21,0.6,0.0000449843,NA,NA,1,"1899-12-31 19:07:00","1899-12-31 19:13:00",NA,"MAC_W_001_2",NA,"Polyethyleen",NA,10,NA,10,1,"BLACK","ND","River Scheldt","Spotsampling","Wintam","River Scheldt (Upstream)",NA,NA,NA,NA,"SC4","opaque","BLACK/GREY","BLACK/GREY","Undefined micro-litter items","Undefined micro-litter items","polyethylene",6,NA,NA
"13",31858,31858,"SH_20_02a","2020-12-08","River Scheldt (Wintam)","MAC_W_001","Macroplastics (> 5 mm)","Water",13338,NA,21,0.6,0.0000449843,NA,NA,1,"1899-12-31 19:07:00","1899-12-31 19:13:00",NA,"MAC_W_001_20",NA,"Polypropyleen",NA,25,NA,25,2.5,"WHITE","Fiber","River Scheldt","Spotsampling","Wintam","River Scheldt (Upstream)",NA,NA,NA,NA,"SC5","opaque","WHITE/CREAM","WHITE/CREAM","filaments","filaments","polypropylene",6,NA,NA
"14",31859,31859,"SH_20_02a","2020-12-08","River Scheldt (Wintam)","MAC_W_001","Macroplastics (> 5 mm)","Water",13338,NA,21,0.6,0.0000449843,NA,NA,1,"1899-12-31 19:07:00","1899-12-31 19:13:00",NA,"MAC_W_001_21",NA,"ND",NA,NA,NA,NA,NA,NA,"Pellet","River Scheldt","Spotsampling","Wintam","River Scheldt (Upstream)",NA,NA,NA,NA,"SC3",NA,NA,"UNDEFINED","pellets","pellets","undefined plastic",6,NA,NA
"15",31860,31860,"SH_20_02a","2020-12-08","River Scheldt (Wintam)","MAC_W_001","Macroplastics (> 5 mm)","Water",13338,NA,21,0.6,0.0000449843,NA,NA,1,"1899-12-31 19:07:00","1899-12-31 19:13:00",NA,"MAC_W_001_22",NA,"ND",NA,NA,NA,NA,NA,NA,"Pellet","River Scheldt","Spotsampling","Wintam","River Scheldt (Upstream)",NA,NA,NA,NA,"SC3",NA,NA,"UNDEFINED","pellets","pellets","undefined plastic",6,NA,NA
"16",31861,31861,"SH_20_02a","2020-12-08","River Scheldt (Wintam)","MAC_W_001","Macroplastics (> 5 mm)","Water",13338,NA,21,0.6,0.0000449843,NA,NA,1,"1899-12-31 19:07:00","1899-12-31 19:13:00",NA,"MAC_W_001_23",NA,"ND",NA,NA,NA,NA,NA,NA,"Pellet","River Scheldt","Spotsampling","Wintam","River Scheldt (Upstream)",NA,NA,NA,NA,"SC3",NA,NA,"UNDEFINED","pellets","pellets","undefined plastic",6,NA,NA
"17",31862,31862,"SH_20_02a","2020-12-08","River Scheldt (Wintam)","MAC_W_001","Macroplastics (> 5 mm)","Water",13338,NA,21,0.6,0.0000449843,NA,NA,1,"1899-12-31 19:07:00","1899-12-31 19:13:00",NA,"MAC_W_001_24",NA,"ND",NA,NA,NA,NA,NA,NA,"Pellet","River Scheldt","Spotsampling","Wintam","River Scheldt (Upstream)",NA,NA,NA,NA,"SC3",NA,NA,"UNDEFINED","pellets","pellets","undefined plastic",6,NA,NA
"18",31863,31863,"SH_20_02a","2020-12-08","River Scheldt (Wintam)","MAC_W_001","Macroplastics (> 5 mm)","Water",13338,NA,21,0.6,0.0000449843,NA,NA,1,"1899-12-31 19:07:00","1899-12-31 19:13:00",NA,"MAC_W_001_25",NA,"ND",NA,NA,NA,NA,NA,NA,"Pellet","River Scheldt","Spotsampling","Wintam","River Scheldt (Upstream)",NA,NA,NA,NA,"SC3",NA,NA,"UNDEFINED","pellets","pellets","undefined plastic",6,NA,NA
"19",31864,31864,"SH_20_02a","2020-12-08","River Scheldt (Wintam)","MAC_W_001","Macroplastics (> 5 mm)","Water",13338,NA,21,0.6,0.0000449843,NA,NA,1,"1899-12-31 19:07:00","1899-12-31 19:13:00",NA,"MAC_W_001_26",NA,"ND",NA,NA,NA,NA,NA,NA,"Pellet","River Scheldt","Spotsampling","Wintam","River Scheldt (Upstream)",NA,NA,NA,NA,"SC3",NA,NA,"UNDEFINED","pellets","pellets","undefined plastic",6,NA,NA
"20",31865,31865,"SH_20_02a","2020-12-08","River Scheldt (Wintam)","MAC_W_001","Macroplastics (> 5 mm)","Water",13338,NA,21,0.6,0.0000449843,NA,NA,1,"1899-12-31 19:07:00","1899-12-31 19:13:00",NA,"MAC_W_001_27",NA,"ND",NA,NA,NA,NA,NA,NA,"Pellet","River Scheldt","Spotsampling","Wintam","River Scheldt (Upstream)",NA,NA,NA,NA,"SC3",NA,NA,"UNDEFINED","pellets","pellets","undefined plastic",6,NA,NA
"21",31866,31866,"SH_20_02a","2020-12-08","River Scheldt (Wintam)","MAC_W_001","Macroplastics (> 5 mm)","Water",13338,NA,21,0.6,0.0000449843,NA,NA,1,"1899-12-31 19:07:00","1899-12-31 19:13:00",NA,"MAC_W_001_28",NA,"ND",NA,NA,NA,NA,NA,NA,"Pellet","River Scheldt","Spotsampling","Wintam","River Scheldt (Upstream)",NA,NA,NA,NA,"SC3",NA,NA,"UNDEFINED","pellets","pellets","undefined plastic",6,NA,NA
"22",31867,31867,"SH_20_02a","2020-12-08","River Scheldt (Wintam)","MAC_W_001","Macroplastics (> 5 mm)","Water",13338,NA,21,0.6,0.0000449843,NA,NA,1,"1899-12-31 19:07:00","1899-12-31 19:13:00",NA,"MAC_W_001_29",NA,"ND",NA,NA,NA,NA,NA,NA,"Pellet","River Scheldt","Spotsampling","Wintam","River Scheldt (Upstream)",NA,NA,NA,NA,"SC3",NA,NA,"UNDEFINED","pellets","pellets","undefined plastic",6,NA,NA
"23",31868,31868,"SH_20_02a","2020-12-08","River Scheldt (Wintam)","MAC_W_001","Macroplastics (> 5 mm)","Water",13338,NA,21,0.6,0.0000449843,NA,NA,1,"1899-12-31 19:07:00","1899-12-31 19:13:00",NA,"MAC_W_001_3",NA,"Polypropyleen",NA,10,NA,10,1,"WHITE","ND","River Scheldt","Spotsampling","Wintam","River Scheldt (Upstream)",NA,NA,NA,NA,"SC4","opaque","WHITE/CREAM","WHITE/CREAM","Undefined micro-litter items","Undefined micro-litter items","polypropylene",6,NA,NA
"24",31869,31869,"SH_20_02a","2020-12-08","River Scheldt (Wintam)","MAC_W_001","Macroplastics (> 5 mm)","Water",13338,NA,21,0.6,0.0000449843,NA,NA,1,"1899-12-31 19:07:00","1899-12-31 19:13:00",NA,"MAC_W_001_30",NA,"ND",NA,NA,NA,NA,NA,NA,"Pellet","River Scheldt","Spotsampling","Wintam","River Scheldt (Upstream)",NA,NA,NA,NA,"SC3",NA,NA,"UNDEFINED","pellets","pellets","undefined plastic",6,NA,NA
"25",31870,31870,"SH_20_02a","2020-12-08","River Scheldt (Wintam)","MAC_W_001","Macroplastics (> 5 mm)","Water",13338,NA,21,0.6,0.0000449843,NA,NA,1,"1899-12-31 19:07:00","1899-12-31 19:13:00",NA,"MAC_W_001_31",NA,"ND",NA,NA,NA,NA,NA,NA,"Pellet","River Scheldt","Spotsampling","Wintam","River Scheldt (Upstream)",NA,NA,NA,NA,"SC3",NA,NA,"UNDEFINED","pellets","pellets","undefined plastic",6,NA,NA
"26",31871,31871,"SH_20_02a","2020-12-08","River Scheldt (Wintam)","MAC_W_001","Macroplastics (> 5 mm)","Water",13338,NA,21,0.6,0.0000449843,NA,NA,1,"1899-12-31 19:07:00","1899-12-31 19:13:00",NA,"MAC_W_001_32",NA,"ND",NA,NA,NA,NA,NA,NA,"Pellet","River Scheldt","Spotsampling","Wintam","River Scheldt (Upstream)",NA,NA,NA,NA,"SC3",NA,NA,"UNDEFINED","pellets","pellets","undefined plastic",6,NA,NA
"27",31872,31872,"SH_20_02a","2020-12-08","River Scheldt (Wintam)","MAC_W_001","Macroplastics (> 5 mm)","Water",13338,NA,21,0.6,0.0000449843,NA,NA,1,"1899-12-31 19:07:00","1899-12-31 19:13:00",NA,"MAC_W_001_33",NA,"ND",NA,NA,NA,NA,NA,NA,"Pellet","River Scheldt","Spotsampling","Wintam","River Scheldt (Upstream)",NA,NA,NA,NA,"SC3",NA,NA,"UNDEFINED","pellets","pellets","undefined plastic",6,NA,NA
"28",31873,31873,"SH_20_02a","2020-12-08","River Scheldt (Wintam)","MAC_W_001","Macroplastics (> 5 mm)","Water",13338,NA,21,0.6,0.0000449843,NA,NA,1,"1899-12-31 19:07:00","1899-12-31 19:13:00",NA,"MAC_W_001_34",NA,"ND",NA,NA,NA,NA,NA,NA,"Pellet","River Scheldt","Spotsampling","Wintam","River Scheldt (Upstream)",NA,NA,NA,NA,"SC3",NA,NA,"UNDEFINED","pellets","pellets","undefined plastic",6,NA,NA
"29",31874,31874,"SH_20_02a","2020-12-08","River Scheldt (Wintam)","MAC_W_001","Macroplastics (> 5 mm)","Water",13338,NA,21,0.6,0.0000449843,NA,NA,1,"1899-12-31 19:07:00","1899-12-31 19:13:00",NA,"MAC_W_001_35",NA,"ND",NA,NA,NA,NA,NA,NA,"Pellet","River Scheldt","Spotsampling","Wintam","River Scheldt (Upstream)",NA,NA,NA,NA,"SC3",NA,NA,"UNDEFINED","pellets","pellets","undefined plastic",6,NA,NA
"30",31875,31875,"SH_20_02a","2020-12-08","River Scheldt (Wintam)","MAC_W_001","Macroplastics (> 5 mm)","Water",13338,NA,21,0.6,0.0000449843,NA,NA,1,"1899-12-31 19:07:00","1899-12-31 19:13:00",NA,"MAC_W_001_36",NA,"ND",NA,NA,NA,NA,NA,NA,"Pellet","River Scheldt","Spotsampling","Wintam","River Scheldt (Upstream)",NA,NA,NA,NA,"SC3",NA,NA,"UNDEFINED","pellets","pellets","undefined plastic",6,NA,NA
"31",31876,31876,"SH_20_02a","2020-12-08","River Scheldt (Wintam)","MAC_W_001","Macroplastics (> 5 mm)","Water",13338,NA,21,0.6,0.0000449843,NA,NA,1,"1899-12-31 19:07:00","1899-12-31 19:13:00",NA,"MAC_W_001_37",NA,"ND",NA,NA,NA,NA,NA,NA,"Pellet","River Scheldt","Spotsampling","Wintam","River Scheldt (Upstream)",NA,NA,NA,NA,"SC3",NA,NA,"UNDEFINED","pellets","pellets","undefined plastic",6,NA,NA
"32",31877,31877,"SH_20_02a","2020-12-08","River Scheldt (Wintam)","MAC_W_001","Macroplastics (> 5 mm)","Water",13338,NA,21,0.6,0.0000449843,NA,NA,1,"1899-12-31 19:07:00","1899-12-31 19:13:00",NA,"MAC_W_001_38",NA,"ND",NA,NA,NA,NA,NA,NA,"Pellet","River Scheldt","Spotsampling","Wintam","River Scheldt (Upstream)",NA,NA,NA,NA,"SC3",NA,NA,"UNDEFINED","pellets","pellets","undefined plastic",6,NA,NA
"33",31878,31878,"SH_20_02a","2020-12-08","River Scheldt (Wintam)","MAC_W_001","Macroplastics (> 5 mm)","Water",13338,NA,21,0.6,0.0000449843,NA,NA,1,"1899-12-31 19:07:00","1899-12-31 19:13:00",NA,"MAC_W_001_39",NA,"ND",NA,NA,NA,NA,NA,NA,"Pellet","River Scheldt","Spotsampling","Wintam","River Scheldt (Upstream)",NA,NA,NA,NA,"SC3",NA,NA,"UNDEFINED","pellets","pellets","undefined plastic",6,NA,NA
"34",31879,31879,"SH_20_02a","2020-12-08","River Scheldt (Wintam)","MAC_W_001","Macroplastics (> 5 mm)","Water",13338,NA,21,0.6,0.0000449843,NA,NA,1,"1899-12-31 19:07:00","1899-12-31 19:13:00",NA,"MAC_W_001_4",NA,"Polypropyleen",NA,20,NA,20,2,"WHITE","ND","River Scheldt","Spotsampling","Wintam","River Scheldt (Upstream)",NA,NA,NA,NA,"SC5","opaque","WHITE/CREAM","WHITE/CREAM","Undefined micro-litter items","Undefined micro-litter items","polypropylene",6,NA,NA
"35",31880,31880,"SH_20_02a","2020-12-08","River Scheldt (Wintam)","MAC_W_001","Macroplastics (> 5 mm)","Water",13338,NA,21,0.6,0.0000449843,NA,NA,1,"1899-12-31 19:07:00","1899-12-31 19:13:00",NA,"MAC_W_001_40",NA,"ND",NA,NA,NA,NA,NA,NA,"Pellet","River Scheldt","Spotsampling","Wintam","River Scheldt (Upstream)",NA,NA,NA,NA,"SC3",NA,NA,"UNDEFINED","pellets","pellets","undefined plastic",6,NA,NA
"36",31881,31881,"SH_20_02a","2020-12-08","River Scheldt (Wintam)","MAC_W_001","Macroplastics (> 5 mm)","Water",13338,NA,21,0.6,0.0000449843,NA,NA,1,"1899-12-31 19:07:00","1899-12-31 19:13:00",NA,"MAC_W_001_41",NA,"ND",NA,NA,NA,NA,NA,NA,"Pellet","River Scheldt","Spotsampling","Wintam","River Scheldt (Upstream)",NA,NA,NA,NA,"SC3",NA,NA,"UNDEFINED","pellets","pellets","undefined plastic",6,NA,NA
"37",31882,31882,"SH_20_02a","2020-12-08","River Scheldt (Wintam)","MAC_W_001","Macroplastics (> 5 mm)","Water",13338,NA,21,0.6,0.0000449843,NA,NA,1,"1899-12-31 19:07:00","1899-12-31 19:13:00",NA,"MAC_W_001_42",NA,"ND",NA,NA,NA,NA,NA,NA,"Pellet","River Scheldt","Spotsampling","Wintam","River Scheldt (Upstream)",NA,NA,NA,NA,"SC3",NA,NA,"UNDEFINED","pellets","pellets","undefined plastic",6,NA,NA
"38",31883,31883,"SH_20_02a","2020-12-08","River Scheldt (Wintam)","MAC_W_001","Macroplastics (> 5 mm)","Water",13338,NA,21,0.6,0.0000449843,NA,NA,1,"1899-12-31 19:07:00","1899-12-31 19:13:00",NA,"MAC_W_001_43",NA,"ND",NA,NA,NA,NA,NA,NA,"Pellet","River Scheldt","Spotsampling","Wintam","River Scheldt (Upstream)",NA,NA,NA,NA,"SC3",NA,NA,"UNDEFINED","pellets","pellets","undefined plastic",6,NA,NA
"39",31884,31884,"SH_20_02a","2020-12-08","River Scheldt (Wintam)","MAC_W_001","Macroplastics (> 5 mm)","Water",13338,NA,21,0.6,0.0000449843,NA,NA,1,"1899-12-31 19:07:00","1899-12-31 19:13:00",NA,"MAC_W_001_44",NA,"ND",NA,NA,NA,NA,NA,NA,"Pellet","River Scheldt","Spotsampling","Wintam","River Scheldt (Upstream)",NA,NA,NA,NA,"SC3",NA,NA,"UNDEFINED","pellets","pellets","undefined plastic",6,NA,NA
"40",31885,31885,"SH_20_02a","2020-12-08","River Scheldt (Wintam)","MAC_W_001","Macroplastics (> 5 mm)","Water",13338,NA,21,0.6,0.0000449843,NA,NA,1,"1899-12-31 19:07:00","1899-12-31 19:13:00",NA,"MAC_W_001_45",NA,"ND",NA,NA,NA,NA,NA,NA,"Pellet","River Scheldt","Spotsampling","Wintam","River Scheldt (Upstream)",NA,NA,NA,NA,"SC3",NA,NA,"UNDEFINED","pellets","pellets","undefined plastic",6,NA,NA
"41",31886,31886,"SH_20_02a","2020-12-08","River Scheldt (Wintam)","MAC_W_001","Macroplastics (> 5 mm)","Water",13338,NA,21,0.6,0.0000449843,NA,NA,1,"1899-12-31 19:07:00","1899-12-31 19:13:00",NA,"MAC_W_001_46",NA,"ND",NA,NA,NA,NA,NA,NA,"Pellet","River Scheldt","Spotsampling","Wintam","River Scheldt (Upstream)",NA,NA,NA,NA,"SC3",NA,NA,"UNDEFINED","pellets","pellets","undefined plastic",6,NA,NA
"42",31887,31887,"SH_20_02a","2020-12-08","River Scheldt (Wintam)","MAC_W_001","Macroplastics (> 5 mm)","Water",13338,NA,21,0.6,0.0000449843,NA,NA,1,"1899-12-31 19:07:00","1899-12-31 19:13:00",NA,"MAC_W_001_47",NA,"ND",NA,NA,NA,NA,NA,NA,"Pellet","River Scheldt","Spotsampling","Wintam","River Scheldt (Upstream)",NA,NA,NA,NA,"SC3",NA,NA,"UNDEFINED","pellets","pellets","undefined plastic",6,NA,NA
"43",31888,31888,"SH_20_02a","2020-12-08","River Scheldt (Wintam)","MAC_W_001","Macroplastics (> 5 mm)","Water",13338,NA,21,0.6,0.0000449843,NA,NA,1,"1899-12-31 19:07:00","1899-12-31 19:13:00",NA,"MAC_W_001_48",NA,"ND",NA,NA,NA,NA,NA,NA,"Pellet","River Scheldt","Spotsampling","Wintam","River Scheldt (Upstream)",NA,NA,NA,NA,"SC3",NA,NA,"UNDEFINED","pellets","pellets","undefined plastic",6,NA,NA
"44",31889,31889,"SH_20_02a","2020-12-08","River Scheldt (Wintam)","MAC_W_001","Macroplastics (> 5 mm)","Water",13338,NA,21,0.6,0.0000449843,NA,NA,1,"1899-12-31 19:07:00","1899-12-31 19:13:00",NA,"MAC_W_001_49",NA,"ND",NA,NA,NA,NA,NA,NA,"Pellet","River Scheldt","Spotsampling","Wintam","River Scheldt (Upstream)",NA,NA,NA,NA,"SC3",NA,NA,"UNDEFINED","pellets","pellets","undefined plastic",6,NA,NA
"45",31890,31890,"SH_20_02a","2020-12-08","River Scheldt (Wintam)","MAC_W_001","Macroplastics (> 5 mm)","Water",13338,NA,21,0.6,0.0000449843,NA,NA,1,"1899-12-31 19:07:00","1899-12-31 19:13:00",NA,"MAC_W_001_5",NA,"Polypropyleen",NA,25,NA,25,2.5,"WHITE","ND","River Scheldt","Spotsampling","Wintam","River Scheldt (Upstream)",NA,NA,NA,NA,"SC5","opaque","WHITE/CREAM","WHITE/CREAM","Undefined micro-litter items","Undefined micro-litter items","polypropylene",6,NA,NA
"46",31891,31891,"SH_20_02a","2020-12-08","River Scheldt (Wintam)","MAC_W_001","Macroplastics (> 5 mm)","Water",13338,NA,21,0.6,0.0000449843,NA,NA,1,"1899-12-31 19:07:00","1899-12-31 19:13:00",NA,"MAC_W_001_50",NA,"ND",NA,NA,NA,NA,NA,NA,"Pellet","River Scheldt","Spotsampling","Wintam","River Scheldt (Upstream)",NA,NA,NA,NA,"SC3",NA,NA,"UNDEFINED","pellets","pellets","undefined plastic",6,NA,NA
"47",31892,31892,"SH_20_02a","2020-12-08","River Scheldt (Wintam)","MAC_W_001","Macroplastics (> 5 mm)","Water",13338,NA,21,0.6,0.0000449843,NA,NA,1,"1899-12-31 19:07:00","1899-12-31 19:13:00",NA,"MAC_W_001_6",NA,"Polyethyleen",NA,22,NA,22,2.2,"TRANSPARENT","ND","River Scheldt","Spotsampling","Wintam","River Scheldt (Upstream)",NA,NA,NA,NA,"SC5","transparent/translucent","COLOURLESS","COLOURLESS","Undefined micro-litter items","Undefined micro-litter items","polyethylene",6,NA,NA
"48",31893,31893,"SH_20_02a","2020-12-08","River Scheldt (Wintam)","MAC_W_001","Macroplastics (> 5 mm)","Water",13338,NA,21,0.6,0.0000449843,NA,NA,1,"1899-12-31 19:07:00","1899-12-31 19:13:00",NA,"MAC_W_001_7",NA,"Polyethyleen",NA,15,NA,15,1.5,"TRANSPARENT","ND","River Scheldt","Spotsampling","Wintam","River Scheldt (Upstream)",NA,NA,NA,NA,"SC5","transparent/translucent","COLOURLESS","COLOURLESS","Undefined micro-litter items","Undefined micro-litter items","polyethylene",6,NA,NA
"49",31894,31894,"SH_20_02a","2020-12-08","River Scheldt (Wintam)","MAC_W_001","Macroplastics (> 5 mm)","Water",13338,NA,21,0.6,0.0000449843,NA,NA,1,"1899-12-31 19:07:00","1899-12-31 19:13:00",NA,"MAC_W_001_8",NA,"Polyethyleen",NA,15,NA,15,1.5,"TRANSPARENT","ND","River Scheldt","Spotsampling","Wintam","River Scheldt (Upstream)",NA,NA,NA,NA,"SC5","transparent/translucent","COLOURLESS","COLOURLESS","Undefined micro-litter items","Undefined micro-litter items","polyethylene",6,NA,NA
"50",31895,31895,"SH_20_02a","2020-12-08","River Scheldt (Wintam)","MAC_W_001","Macroplastics (> 5 mm)","Water",13338,NA,21,0.6,0.0000449843,NA,NA,1,"1899-12-31 19:07:00","1899-12-31 19:13:00",NA,"MAC_W_001_9",NA,"Polyethyleen",NA,28,NA,28,2.8,"WHITE","ND","River Scheldt","Spotsampling","Wintam","River Scheldt (Upstream)",NA,NA,NA,NA,"SC5","opaque","WHITE/CREAM","WHITE/CREAM","Undefined micro-litter items","Undefined micro-litter items","polyethylene",6,NA,NA
"51",31896,31896,"SH_20_02a","2020-12-08","River Scheldt (Wintam)","MAC_W_001","Macroplastics (> 5 mm)","Water",13338,NA,21,0.6,0.0000449843,NA,NA,1,"1899-12-31 19:07:00","1899-12-31 19:13:00",NA,"MAC_W_001_51",NA,"Polypropyleen",NA,25,NA,25,NA,"WHITE","ND","River Scheldt","Spotsampling","Wintam","River Scheldt (Upstream)",NA,NA,NA,NA,"SC5","opaque","WHITE/CREAM","WHITE/CREAM","Undefined micro-litter items","Undefined micro-litter items","polypropylene",6,NA,NA
"52",31897,31897,"SH_20_02a","2020-12-08","River Scheldt (Wintam)","MAC_W_002","Macroplastics (> 5 mm)","Water",15323,NA,0,0,0,NA,NA,1,"1899-12-31 19:07:00","1899-12-31 19:13:00",NA,NA,NA,NA,NA,NA,NA,NA,NA,NA,NA,"River Scheldt","Spotsampling","Wintam","River Scheldt (Upstream)",NA,NA,NA,NA,NA,NA,NA,"UNDEFINED",NA,NA,NA,6,NA,NA
"53",31898,31898,"SH_20_02a","2020-12-08","River Scheldt (Doel)","MAC_W_010","Macroplastics (> 5 mm)","Water",20885,NA,2,0.11,0.00000526706,NA,NA,1,"1899-12-31 19:05:00","1899-12-31 19:15:00",NA,"MAC_W_010_1",NA,"Polyethyleen",NA,60,NA,60,6,"GREEN","ND","River Scheldt","Spotsampling","Doel","River Scheldt (Downstream)",NA,NA,NA,NA,"SC6","opaque","GREEN","BLUE/GREEN","Undefined micro-litter items","Undefined micro-litter items","polyethylene",10,NA,NA
"54",31899,31899,"SH_20_02a","2020-12-08","River Scheldt (Doel)","MAC_W_010","Macroplastics (> 5 mm)","Water",20885,NA,2,0.11,0.00000526706,NA,NA,1,"1899-12-31 19:05:00","1899-12-31 19:15:00",NA,"MAC_W_010_2",NA,"Polyethyleen",NA,50,NA,50,5,"GREY","ND","River Scheldt","Spotsampling","Doel","River Scheldt (Downstream)",NA,NA,NA,NA,"SC6","opaque","BLACK/GREY","BLACK/GREY","Undefined micro-litter items","Undefined micro-litter items","polyethylene",10,NA,NA
"55",31900,31900,"SH_20_02a","2020-12-08","River Scheldt (Antwerpen)","MAC_W_011","Macroplastics (> 5 mm)","Water",12960,NA,0,0,0,NA,NA,1,"1899-12-31 07:26:00","1899-12-31 07:31:00",NA,NA,NA,NA,NA,NA,NA,NA,NA,NA,NA,"River Scheldt","Spotsampling","Antwerp","River Scheldt (Upstream)",NA,NA,NA,NA,NA,NA,NA,"UNDEFINED",NA,NA,NA,5,NA,NA
"56",31901,31901,"OS_20_02","2020-07-10","Port of Oostende (A)","MAC_W_016","Macroplastics (> 5 mm)","Water",27959,NA,3,0.098,0.0000035052,NA,NA,1,"1899-12-31 09:26:00","1899-12-31 09:34:00",NA,"MAC_W_016_1",NA,"Polyethyleen",NA,55,NA,55,5.5,"BLUE","Fiber","Port of Oostende","Spotsampling","Ostend (A)","Port of Ostend",NA,NA,NA,NA,"SC6","opaque","BLUE","BLUE/GREEN","filaments","filaments","polyethylene",8,NA,NA
"57",31902,31902,"OS_20_02","2020-07-10","Port of Oostende (A)","MAC_W_016","Macroplastics (> 5 mm)","Water",27959,NA,3,0.098,0.0000035052,NA,NA,1,"1899-12-31 09:26:00","1899-12-31 09:34:00",NA,"MAC_W_016_2",NA,"Polyethyleen",NA,15,NA,15,1.5,"BLUE","ND","Port of Oostende","Spotsampling","Ostend (A)","Port of Ostend",NA,NA,NA,NA,"SC5","opaque","BLUE","BLUE/GREEN","Undefined micro-litter items","Undefined micro-litter items","polyethylene",8,NA,NA
"58",31903,31903,"OS_20_02","2020-07-10","Port of Oostende (A)","MAC_W_016","Macroplastics (> 5 mm)","Water",27959,NA,3,0.098,0.0000035052,NA,NA,1,"1899-12-31 09:26:00","1899-12-31 09:34:00",NA,"MAC_W_016_3",NA,"Polyethyleen",NA,28,NA,28,2.8,"WHITE","ND","Port of Oostende","Spotsampling","Ostend (A)","Port of Ostend",NA,NA,NA,NA,"SC5","opaque","WHITE/CREAM","WHITE/CREAM","Undefined micro-litter items","Undefined micro-litter items","polyethylene",8,NA,NA
"59",31904,31904,"OS_20_02","2020-07-10","Port of Oostende (B)","MAC_W_017","Macroplastics (> 5 mm)","Water",14405,NA,0,0,0,NA,NA,1,"1899-12-31 09:52:00","1899-12-31 09:57:00",NA,NA,NA,NA,NA,NA,NA,NA,NA,NA,NA,"Port of Oostende","Spotsampling","Ostend (B)","Port of Ostend",NA,NA,NA,NA,NA,NA,NA,"UNDEFINED",NA,NA,NA,5,NA,NA
"60",31905,31905,"OS_20_02","2020-07-10","Port of Oostende (C)","MAC_W_018","Macroplastics (> 5 mm)","Water",17780,NA,9,0.195,0.0000109677,NA,NA,1,"1899-12-31 10:43:00","1899-12-31 10:49:00",NA,"MAC_W_018_1",NA,"Polypropyleen",NA,30,NA,30,3,"BLACK","Fiber","Port of Oostende","Spotsampling","Ostend (C)","Port of Ostend",NA,NA,NA,NA,"SC5","opaque","BLACK/GREY","BLACK/GREY","filaments","filaments","polypropylene",6,NA,NA
"61",31906,31906,"OS_20_02","2020-07-10","Port of Oostende (C)","MAC_W_018","Macroplastics (> 5 mm)","Water",17780,NA,9,0.195,0.0000109677,NA,NA,1,"1899-12-31 10:43:00","1899-12-31 10:49:00",NA,"MAC_W_018_2",NA,"Polypropyleen",NA,6,NA,6,0.6,"GREEN","ND","Port of Oostende","Spotsampling","Ostend (C)","Port of Ostend",NA,NA,NA,NA,"SC4","opaque","GREEN","BLUE/GREEN","Undefined micro-litter items","Undefined micro-litter items","polypropylene",6,NA,NA
"62",31907,31907,"OS_20_02","2020-07-10","Port of Oostende (C)","MAC_W_018","Macroplastics (> 5 mm)","Water",17780,NA,9,0.195,0.0000109677,NA,NA,1,"1899-12-31 10:43:00","1899-12-31 10:49:00",NA,"MAC_W_018_3",NA,"Polyethyleen",NA,70,NA,70,7,"WHITE","Fiber","Port of Oostende","Spotsampling","Ostend (C)","Port of Ostend",NA,NA,NA,NA,"SC6","opaque","WHITE/CREAM","WHITE/CREAM","filaments","filaments","polyethylene",6,NA,NA
"63",31908,31908,"OS_20_02","2020-07-10","Port of Oostende (C)","MAC_W_018","Macroplastics (> 5 mm)","Water",17780,NA,9,0.195,0.0000109677,NA,NA,1,"1899-12-31 10:43:00","1899-12-31 10:49:00",NA,"MAC_W_018_4",NA,"Polypropyleen",NA,8,NA,8,0.8,"WHITE","ND","Port of Oostende","Spotsampling","Ostend (C)","Port of Ostend",NA,NA,NA,NA,"SC4","opaque","WHITE/CREAM","WHITE/CREAM","Undefined micro-litter items","Undefined micro-litter items","polypropylene",6,NA,NA
"64",31909,31909,"OS_20_02","2020-07-10","Port of Oostende (C)","MAC_W_018","Macroplastics (> 5 mm)","Water",17780,NA,9,0.195,0.0000109677,NA,NA,1,"1899-12-31 10:43:00","1899-12-31 10:49:00",NA,"MAC_W_018_5",NA,"Polyethyleen",NA,8,NA,8,0.8,"BLACK","ND","Port of Oostende","Spotsampling","Ostend (C)","Port of Ostend",NA,NA,NA,NA,"SC4","opaque","BLACK/GREY","BLACK/GREY","Undefined micro-litter items","Undefined micro-litter items","polyethylene",6,NA,NA
"65",31910,31910,"OS_20_02","2020-07-10","Port of Oostende (C)","MAC_W_018","Macroplastics (> 5 mm)","Water",17780,NA,9,0.195,0.0000109677,NA,NA,1,"1899-12-31 10:43:00","1899-12-31 10:49:00",NA,"MAC_W_018_6",NA,"Polypropyleen",NA,13,NA,13,1.3,"WHITE","ND","Port of Oostende","Spotsampling","Ostend (C)","Port of Ostend",NA,NA,NA,NA,"SC4","opaque","WHITE/CREAM","WHITE/CREAM","Undefined micro-litter items","Undefined micro-litter items","polypropylene",6,NA,NA
"66",31911,31911,"OS_20_02","2020-07-10","Port of Oostende (C)","MAC_W_018","Macroplastics (> 5 mm)","Water",17780,NA,9,0.195,0.0000109677,NA,NA,1,"1899-12-31 10:43:00","1899-12-31 10:49:00",NA,"MAC_W_018_7",NA,"Polypropyleen",NA,9,NA,9,0.9,"BROWN","ND","Port of Oostende","Spotsampling","Ostend (C)","Port of Ostend",NA,NA,NA,NA,"SC4","opaque","BROWN","BROWN","Undefined micro-litter items","Undefined micro-litter items","polypropylene",6,NA,NA
"67",31912,31912,"NP_20_03","2020-10-07","Port of Nieuwpoort (A)","MAC_W_019","Macroplastics (> 5 mm)","Water",14553,NA,1,0.195,0.0000133993,NA,NA,1,"1899-12-31 14:29:00","1899-12-31 14:35:00",NA,"MAC_W_019_1",NA,"Polyethyleen",NA,195,NA,195,19.5,"WHITE","Fiber","Port of Nieuwpoort","Spotsampling","Nieuwpoort (A)","Port of Nieuwpoort",NA,NA,NA,NA,"SC7","opaque","WHITE/CREAM","WHITE/CREAM","filaments","filaments","polyethylene",6,NA,NA
"68",31913,31913,"NP_20_03","2020-10-07","Port of Nieuwpoort (B)","MAC_W_020","Macroplastics (> 5 mm)","Water",21411,NA,0,0,0,NA,NA,1,"1899-12-31 15:10:00","1899-12-31 15:17:00",NA,NA,NA,NA,NA,NA,NA,NA,NA,NA,NA,"Port of Nieuwpoort","Spotsampling","Nieuwpoort (B)","Port of Nieuwpoort",NA,NA,NA,NA,NA,NA,NA,"UNDEFINED",NA,NA,NA,7,NA,NA
"69",31914,31914,"NP_20_03","2020-10-07","Port of Nieuwpoort (C)","MAC_W_021","Macroplastics (> 5 mm)","Water",20642,NA,0,0,0,NA,NA,1,"1899-12-31 13:39:00","1899-12-31 13:45:00",NA,NA,NA,NA,NA,NA,NA,NA,NA,NA,NA,"Port of Nieuwpoort","Spotsampling","Nieuwpoort (C)","Port of Nieuwpoort",NA,NA,NA,NA,NA,NA,NA,"UNDEFINED",NA,NA,NA,6,NA,NA
"70",31915,31915,"NP_21_01","2021-03-12","Port of Nieuwpoort (A)","MAC_W_022","Macroplastics (> 5 mm)","Water",17523,NA,0,0,0,NA,NA,1,"1899-12-31 11:47:00","1899-12-31 11:52:00",NA,NA,NA,NA,NA,NA,NA,NA,NA,NA,NA,"Port of Nieuwpoort","Spotsampling","Nieuwpoort (A)","Port of Nieuwpoort",NA,NA,NA,NA,NA,NA,NA,"UNDEFINED",NA,NA,NA,5,NA,NA
"71",31916,31916,"NP_21_01","2021-03-12","Port of Nieuwpoort (B)","MAC_W_023","Macroplastics (> 5 mm)","Water",22221,NA,0,0,0,NA,NA,1,"1899-12-31 13:20:00","1899-12-31 13:27:00",NA,NA,NA,NA,NA,NA,NA,NA,NA,NA,NA,"Port of Nieuwpoort","Spotsampling","Nieuwpoort (B)","Port of Nieuwpoort",NA,NA,NA,NA,NA,NA,NA,"UNDEFINED",NA,NA,NA,7,NA,NA
"72",31917,31917,"NP_21_01","2021-03-12","Port of Nieuwpoort (C)","MAC_W_024","Macroplastics (> 5 mm)","Water",14742,NA,0,0,0,NA,NA,1,"1899-12-31 11:12:00","1899-12-31 11:17:00",NA,NA,NA,NA,NA,NA,NA,NA,NA,NA,NA,"Port of Nieuwpoort","Spotsampling","Nieuwpoort (C)","Port of Nieuwpoort",NA,NA,NA,NA,NA,NA,NA,"UNDEFINED",NA,NA,NA,5,NA,NA
"73",31918,31918,"SH_20_01a","2020-10-14","River Scheldt (Wintam)","MAC_W_025","Macroplastics (> 5 mm)","Water",3416,NA,1,0.043,0.0000125897,NA,NA,1,"1899-12-31 10:34:00","1899-12-31 10:39:00",NA,"MAC_W_025_1",NA,"Polystyreen",NA,43,NA,43,4.3,"WHITE AND BROWN","band-aid?","River Scheldt","Spotsampling","Wintam","River Scheldt (Upstream)",NA,NA,NA,NA,"SC5","opaque","MULTICOLOUR","MULTICOLOUR","J211","J211","polystyrene",5,NA,NA
"74",31919,31919,"OS_21_01","2021-02-15","Port of Oostende (A)","MAC_W_026","Macroplastics (> 5 mm)","Water",15363,NA,4,0.17205,0.000011199,NA,NA,1,"1899-12-31 09:15:00","1899-12-31 09:20:00",NA,"MAC_W_026_1",NA,"Polypropyleen",94.52,21.99,NA,21.99,17,"TRANSPARENT","Hard plastic","Port of Oostende","Spotsampling","Ostend (A)","Port of Ostend",NA,NA,NA,NA,"SC5","transparent/translucent","COLOURLESS","COLOURLESS","fragments","fragments","polypropylene",5,NA,NA
"75",31920,31920,"OS_21_01","2021-02-15","Port of Oostende (A)","MAC_W_026","Macroplastics (> 5 mm)","Water",15363,NA,4,0.17205,0.000011199,NA,NA,1,"1899-12-31 09:15:00","1899-12-31 09:20:00",NA,"MAC_W_026_2",NA,"Polypropyleen",92.6,19.39,NA,19.39,0.096,"TRANSPARENT","Foil","Port of Oostende","Spotsampling","Ostend (A)","Port of Ostend",NA,NA,NA,NA,"SC5","transparent/translucent","COLOURLESS","COLOURLESS","films","films","polypropylene",5,NA,NA
"76",31921,31921,"OS_21_01","2021-02-15","Port of Oostende (A)","MAC_W_026","Macroplastics (> 5 mm)","Water",15363,NA,4,0.17205,0.000011199,NA,NA,1,"1899-12-31 09:15:00","1899-12-31 09:20:00",NA,"MAC_W_026_3",NA,"Polypropyleen",90.99,15.82,NA,15.82,0.058,"TRANSPARENT","Foil","Port of Oostende","Spotsampling","Ostend (A)","Port of Ostend",NA,NA,NA,NA,"SC5","transparent/translucent","COLOURLESS","COLOURLESS","films","films","polypropylene",5,NA,NA
"77",31922,31922,"OS_21_01","2021-02-15","Port of Oostende (A)","MAC_W_026","Macroplastics (> 5 mm)","Water",15363,NA,4,0.17205,0.000011199,NA,NA,1,"1899-12-31 09:15:00","1899-12-31 09:20:00",NA,"MAC_W_026_4",NA,"Polypropyleen",90.01,16.7,NA,16.7,0.051,"TRANSPARENT","Foil","Port of Oostende","Spotsampling","Ostend (A)","Port of Ostend",NA,NA,NA,NA,"SC5","transparent/translucent","COLOURLESS","COLOURLESS","films","films","polypropylene",5,NA,NA
"78",31923,31923,"OS_21_01","2021-02-15","Port of Oostende (B)","MAC_W_027","Macroplastics (> 5 mm)","Water",16808,NA,3,0.101,0.00000600904,NA,NA,1,"1899-12-31 10:21:00","1899-12-31 10:26:00",NA,"MAC_W_027_1",NA,"Polyethyleen",91.38,6.53,NA,6.53,6.5,"WHITE","Hard plastic","Port of Oostende","Spotsampling","Ostend (B)","Port of Ostend",NA,NA,NA,NA,"SC4","opaque","WHITE/CREAM","WHITE/CREAM","fragments","fragments","polyethylene",5,NA,NA
"79",31924,31924,"OS_21_01","2021-02-15","Port of Oostende (B)","MAC_W_027","Macroplastics (> 5 mm)","Water",16808,NA,3,0.101,0.00000600904,NA,NA,1,"1899-12-31 10:21:00","1899-12-31 10:26:00",NA,"MAC_W_027_2",NA,"Polypropyleen",88.08,9.255,NA,9.255,1.9,"RED","Hard plastic","Port of Oostende","Spotsampling","Ostend (B)","Port of Ostend",NA,NA,NA,NA,"SC4","opaque","RED","ORANGE/RED/PURPLE/PINK","fragments","fragments","polypropylene",5,NA,NA
"80",31925,31925,"OS_21_01","2021-02-15","Port of Oostende (B)","MAC_W_027","Macroplastics (> 5 mm)","Water",16808,NA,3,0.101,0.00000600904,NA,NA,1,"1899-12-31 10:21:00","1899-12-31 10:26:00",NA,"MAC_W_027_3",NA,"Polypropyleen",90.18,24.615,NA,24.615,1.7,"WHITE","Fiber","Port of Oostende","Spotsampling","Ostend (B)","Port of Ostend",NA,NA,NA,NA,"SC5","opaque","WHITE/CREAM","WHITE/CREAM","filaments","filaments","polypropylene",5,NA,NA
"81",31926,31926,"OS_21_01","2021-02-15","Port of Oostende (C)","MAC_W_028","Macroplastics (> 5 mm)","Water",25596,NA,0,0,0,NA,NA,1,"1899-12-31 10:41:00","1899-12-31 10:47:00",NA,NA,NA,NA,NA,NA,NA,NA,NA,NA,NA,"Port of Oostende","Spotsampling","Ostend (C)","Port of Ostend",NA,NA,NA,NA,NA,NA,NA,"UNDEFINED",NA,NA,NA,6,NA,NA
"82",31927,31927,"AW_21_01","2021-06-15","Port of Antwerp (Vijfde Havendok)","MAC_W_029","Macroplastics (> 5 mm)","Water",7749,NA,144,45.0662,0.005815744,NA,NA,1,"1899-12-31 10:55:00","1899-12-31 11:00:00",NA,"MAC_W_029_1",NA,"Polyethyleen",80.33,180.6,90.2,180.6,NA,"WHITE","Bottle","Port of Antwerp","Spotsampling","Vijfde Havendok","Port of Antwerp",2.00221729490022,45.0500553709856,0.352966255228621,"Non-filaments","SC7","opaque","WHITE/CREAM","WHITE/CREAM","J8","J8","polyethylene",5,NA,NA
"83",31928,31928,"AW_21_01","2021-06-15","Port of Antwerp (Vijfde Havendok)","MAC_W_029","Macroplastics (> 5 mm)","Water",7749,NA,144,45.0662,0.005815744,NA,NA,1,"1899-12-31 10:55:00","1899-12-31 11:00:00",NA,"MAC_W_029_10",NA,"Polyether urethane-polypropylene oxide - methylene",89.32,38.63,16.91,38.63,109,"YELLOW","Foam","Port of Antwerp","Spotsampling","Vijfde Havendok","Port of Antwerp",2.28444707273803,7.40222883769091,0.289619866609785,"Non-filaments","SC5","opaque","YELLOW","YELLOW","foams","foams","polyether urethane-polypropylene oxide - methylene",5,NA,NA
"84",31929,31929,"AW_21_01","2021-06-15","Port of Antwerp (Vijfde Havendok)","MAC_W_029","Macroplastics (> 5 mm)","Water",7749,NA,144,45.0662,0.005815744,NA,NA,1,"1899-12-31 10:55:00","1899-12-31 11:00:00",NA,"MAC_W_029_100",NA,"Polystyreen",NA,18.27,10.475,18.27,30,"WHITE","Styrofoam","Port of Antwerp","Spotsampling","Vijfde Havendok","Port of Antwerp",1.74415274463007,6.00578133552271,0.43413342690184,"Non-filaments","SC5","opaque","WHITE/CREAM","WHITE/CREAM","foams","foams","polystyrene",5,NA,NA
"85",31930,31930,"AW_21_01","2021-06-15","Port of Antwerp (Vijfde Havendok)","MAC_W_029","Macroplastics (> 5 mm)","Water",7749,NA,144,45.0662,0.005815744,NA,NA,1,"1899-12-31 10:55:00","1899-12-31 11:00:00",NA,"MAC_W_029_101",NA,"Polystyreen",NA,17.48,6.775,17.48,25,"WHITE","Styrofoam","Port of Antwerp","Spotsampling","Vijfde Havendok","Port of Antwerp",2.58007380073801,2.62589387871854,0.241296935789054,"Non-filaments","SC5","opaque","WHITE/CREAM","WHITE/CREAM","foams","foams","polystyrene",5,NA,NA
"86",31931,31931,"AW_21_01","2021-06-15","Port of Antwerp (Vijfde Havendok)","MAC_W_029","Macroplastics (> 5 mm)","Water",7749,NA,144,45.0662,0.005815744,NA,NA,1,"1899-12-31 10:55:00","1899-12-31 11:00:00",NA,"MAC_W_029_102",NA,"Polystyreen",NA,17.545,7.45,17.545,27,"WHITE","Styrofoam","Port of Antwerp","Spotsampling","Vijfde Havendok","Port of Antwerp",2.35503355704698,3.16343687660302,0.276696936179758,"Non-filaments","SC5","opaque","WHITE/CREAM","WHITE/CREAM","foams","foams","polystyrene",5,NA,NA
"87",31932,31932,"AW_21_01","2021-06-15","Port of Antwerp (Vijfde Havendok)","MAC_W_029","Macroplastics (> 5 mm)","Water",7749,NA,144,45.0662,0.005815744,NA,NA,1,"1899-12-31 10:55:00","1899-12-31 11:00:00",NA,"MAC_W_029_103",NA,"Polystyreen",NA,19.08,9.13,19.08,46,"WHITE","Styrofoam","Port of Antwerp","Spotsampling","Vijfde Havendok","Port of Antwerp",2.08981380065717,4.36881027253669,0.331008091885503,"Non-filaments","SC5","opaque","WHITE/CREAM","WHITE/CREAM","foams","foams","polystyrene",5,NA,NA
"88",31933,31933,"AW_21_01","2021-06-15","Port of Antwerp (Vijfde Havendok)","MAC_W_029","Macroplastics (> 5 mm)","Water",7749,NA,144,45.0662,0.005815744,NA,NA,1,"1899-12-31 10:55:00","1899-12-31 11:00:00",NA,"MAC_W_029_104",NA,"Polystyreen",NA,17.08,8.61,17.08,49,"WHITE","Styrofoam","Port of Antwerp","Spotsampling","Vijfde Havendok","Port of Antwerp",1.98373983739837,4.3402868852459,0.35790925409978,"Non-filaments","SC5","opaque","WHITE/CREAM","WHITE/CREAM","foams","foams","polystyrene",5,NA,NA
"89",31934,31934,"AW_21_01","2021-06-15","Port of Antwerp (Vijfde Havendok)","MAC_W_029","Macroplastics (> 5 mm)","Water",7749,NA,144,45.0662,0.005815744,NA,NA,1,"1899-12-31 10:55:00","1899-12-31 11:00:00",NA,"MAC_W_029_105",NA,"Polystyreen",NA,21.44,7.5,21.44,64,"WHITE","Styrofoam","Port of Antwerp","Spotsampling","Vijfde Havendok","Port of Antwerp",2.85866666666667,2.62360074626866,0.206897252539376,"Non-filaments","SC5","opaque","WHITE/CREAM","WHITE/CREAM","foams","foams","polystyrene",5,NA,NA
"90",31935,31935,"AW_21_01","2021-06-15","Port of Antwerp (Vijfde Havendok)","MAC_W_029","Macroplastics (> 5 mm)","Water",7749,NA,144,45.0662,0.005815744,NA,NA,1,"1899-12-31 10:55:00","1899-12-31 11:00:00",NA,"MAC_W_029_106",NA,"Polystyreen",NA,21.7,5.65,21.7,58,"WHITE","Styrofoam","Port of Antwerp","Spotsampling","Vijfde Havendok","Port of Antwerp",3.84070796460177,1.47108294930876,0.132856580714259,"Non-filaments","SC5","opaque","WHITE/CREAM","WHITE/CREAM","foams","foams","polystyrene",5,NA,NA
"91",31936,31936,"AW_21_01","2021-06-15","Port of Antwerp (Vijfde Havendok)","MAC_W_029","Macroplastics (> 5 mm)","Water",7749,NA,144,45.0662,0.005815744,NA,NA,1,"1899-12-31 10:55:00","1899-12-31 11:00:00",NA,"MAC_W_029_107",NA,"Polystyreen",NA,17.25,4.35,17.25,11,"WHITE","Styrofoam","Port of Antwerp","Spotsampling","Vijfde Havendok","Port of Antwerp",3.96551724137931,1.09695652173913,0.126633974085882,"Non-filaments","SC5","opaque","WHITE/CREAM","WHITE/CREAM","foams","foams","polystyrene",5,NA,NA
"92",31937,31937,"AW_21_01","2021-06-15","Port of Antwerp (Vijfde Havendok)","MAC_W_029","Macroplastics (> 5 mm)","Water",7749,NA,144,45.0662,0.005815744,NA,NA,1,"1899-12-31 10:55:00","1899-12-31 11:00:00",NA,"MAC_W_029_108",NA,"Polystyreen",NA,15.675,8.155,15.675,25,"WHITE","Styrofoam","Port of Antwerp","Spotsampling","Vijfde Havendok","Port of Antwerp",1.92213366033109,4.24268102073365,0.375253389573342,"Non-filaments","SC5","opaque","WHITE/CREAM","WHITE/CREAM","foams","foams","polystyrene",5,NA,NA
"93",31938,31938,"AW_21_01","2021-06-15","Port of Antwerp (Vijfde Havendok)","MAC_W_029","Macroplastics (> 5 mm)","Water",7749,NA,144,45.0662,0.005815744,NA,NA,1,"1899-12-31 10:55:00","1899-12-31 11:00:00",NA,"MAC_W_029_109",NA,"Polystyreen",NA,17.175,6.355,17.175,17,"WHITE","Styrofoam","Port of Antwerp","Spotsampling","Vijfde Havendok","Port of Antwerp",2.70259638080252,2.35144250363901,0.225075494892551,"Non-filaments","SC5","opaque","WHITE/CREAM","WHITE/CREAM","foams","foams","polystyrene",5,NA,NA
"94",31939,31939,"AW_21_01","2021-06-15","Port of Antwerp (Vijfde Havendok)","MAC_W_029","Macroplastics (> 5 mm)","Water",7749,NA,144,45.0662,0.005815744,NA,NA,1,"1899-12-31 10:55:00","1899-12-31 11:00:00",NA,"MAC_W_029_11",NA,"Polyether urethane-polypropylene oxide - methylene",77.29,27.27,11.825,27.27,68,"YELLOW","Foam","Port of Antwerp","Spotsampling","Vijfde Havendok","Port of Antwerp",2.3061310782241,5.12763568023469,0.285544643175654,"Non-filaments","SC5","opaque","YELLOW","YELLOW","foams","foams","polyether urethane-polypropylene oxide - methylene",5,NA,NA
"95",31940,31940,"AW_21_01","2021-06-15","Port of Antwerp (Vijfde Havendok)","MAC_W_029","Macroplastics (> 5 mm)","Water",7749,NA,144,45.0662,0.005815744,NA,NA,1,"1899-12-31 10:55:00","1899-12-31 11:00:00",NA,"MAC_W_029_110",NA,"Polystyreen",NA,15.7,10.835,15.7,31,"WHITE","Styrofoam","Port of Antwerp","Spotsampling","Vijfde Havendok","Port of Antwerp",1.44900784494693,7.47753025477707,0.573315779163874,"Non-filaments","SC5","opaque","WHITE/CREAM","WHITE/CREAM","foams","foams","polystyrene",5,NA,NA
"96",31941,31941,"AW_21_01","2021-06-15","Port of Antwerp (Vijfde Havendok)","MAC_W_029","Macroplastics (> 5 mm)","Water",7749,NA,144,45.0662,0.005815744,NA,NA,1,"1899-12-31 10:55:00","1899-12-31 11:00:00",NA,"MAC_W_029_111",NA,"Polystyreen",NA,19.12,9.78,19.12,18,"WHITE","Styrofoam","Port of Antwerp","Spotsampling","Vijfde Havendok","Port of Antwerp",1.95501022494888,5.00253138075314,0.365827585162293,"Non-filaments","SC5","opaque","WHITE/CREAM","WHITE/CREAM","foams","foams","polystyrene",5,NA,NA
"97",31942,31942,"AW_21_01","2021-06-15","Port of Antwerp (Vijfde Havendok)","MAC_W_029","Macroplastics (> 5 mm)","Water",7749,NA,144,45.0662,0.005815744,NA,NA,1,"1899-12-31 10:55:00","1899-12-31 11:00:00",NA,"MAC_W_029_112",NA,"Polystyreen",NA,19.92,9.36,19.92,33,"WHITE","Styrofoam","Port of Antwerp","Spotsampling","Vijfde Havendok","Port of Antwerp",2.12820512820513,4.39807228915663,0.322091876786995,"Non-filaments","SC5","opaque","WHITE/CREAM","WHITE/CREAM","foams","foams","polystyrene",5,NA,NA
"98",31943,31943,"AW_21_01","2021-06-15","Port of Antwerp (Vijfde Havendok)","MAC_W_029","Macroplastics (> 5 mm)","Water",7749,NA,144,45.0662,0.005815744,NA,NA,1,"1899-12-31 10:55:00","1899-12-31 11:00:00",NA,"MAC_W_029_113",NA,"Polystyreen",NA,11.8,10.2,11.8,14,"WHITE","Styrofoam","Port of Antwerp","Spotsampling","Vijfde Havendok","Port of Antwerp",1.15686274509804,8.81694915254237,0.803669055727695,"Non-filaments","SC4","opaque","WHITE/CREAM","WHITE/CREAM","foams","foams","polystyrene",5,NA,NA
"99",31944,31944,"AW_21_01","2021-06-15","Port of Antwerp (Vijfde Havendok)","MAC_W_029","Macroplastics (> 5 mm)","Water",7749,NA,144,45.0662,0.005815744,NA,NA,1,"1899-12-31 10:55:00","1899-12-31 11:00:00",NA,"MAC_W_029_114",NA,"Polystyreen",NA,12.43,6.9,12.43,19,"WHITE","Styrofoam","Port of Antwerp","Spotsampling","Vijfde Havendok","Port of Antwerp",1.80144927536232,3.83024939662108,0.413587060688688,"Non-filaments","SC4","opaque","WHITE/CREAM","WHITE/CREAM","foams","foams","polystyrene",5,NA,NA
"100",31945,31945,"AW_21_01","2021-06-15","Port of Antwerp (Vijfde Havendok)","MAC_W_029","Macroplastics (> 5 mm)","Water",7749,NA,144,45.0662,0.005815744,NA,NA,1,"1899-12-31 10:55:00","1899-12-31 11:00:00",NA,"MAC_W_029_115",NA,"Polystyreen",NA,14.61,7.34,14.61,12,"WHITE","Styrofoam","Port of Antwerp","Spotsampling","Vijfde Havendok","Port of Antwerp",1.99046321525886,3.68758384668036,0.356097369853023,"Non-filaments","SC4","opaque","WHITE/CREAM","WHITE/CREAM","foams","foams","polystyrene",5,NA,NA
"101",31946,31946,"AW_21_01","2021-06-15","Port of Antwerp (Vijfde Havendok)","MAC_W_029","Macroplastics (> 5 mm)","Water",7749,NA,144,45.0662,0.005815744,NA,NA,1,"1899-12-31 10:55:00","1899-12-31 11:00:00",NA,"MAC_W_029_116",NA,"Polystyreen",NA,17.06,7.9,17.06,18,"WHITE","Styrofoam","Port of Antwerp","Spotsampling","Vijfde Havendok","Port of Antwerp",2.15949367088608,3.65826494724502,0.31511719116949,"Non-filaments","SC5","opaque","WHITE/CREAM","WHITE/CREAM","foams","foams","polystyrene",5,NA,NA
"102",31947,31947,"AW_21_01","2021-06-15","Port of Antwerp (Vijfde Havendok)","MAC_W_029","Macroplastics (> 5 mm)","Water",7749,NA,144,45.0662,0.005815744,NA,NA,1,"1899-12-31 10:55:00","1899-12-31 11:00:00",NA,"MAC_W_029_117",NA,"Polystyreen",NA,17.37,9.01,17.37,15,"WHITE","Styrofoam","Port of Antwerp","Spotsampling","Vijfde Havendok","Port of Antwerp",1.92785793562708,4.67358088658607,0.373583304068888,"Non-filaments","SC5","opaque","WHITE/CREAM","WHITE/CREAM","foams","foams","polystyrene",5,NA,NA
"103",31948,31948,"AW_21_01","2021-06-15","Port of Antwerp (Vijfde Havendok)","MAC_W_029","Macroplastics (> 5 mm)","Water",7749,NA,144,45.0662,0.005815744,NA,NA,1,"1899-12-31 10:55:00","1899-12-31 11:00:00",NA,"MAC_W_029_118",NA,"Polystyreen",NA,14.68,8.25,14.68,13,"WHITE","Styrofoam","Port of Antwerp","Spotsampling","Vijfde Havendok","Port of Antwerp",1.77939393939394,4.63641008174387,0.421300368948369,"Non-filaments","SC4","opaque","WHITE/CREAM","WHITE/CREAM","foams","foams","polystyrene",5,NA,NA
"104",31949,31949,"AW_21_01","2021-06-15","Port of Antwerp (Vijfde Havendok)","MAC_W_029","Macroplastics (> 5 mm)","Water",7749,NA,144,45.0662,0.005815744,NA,NA,1,"1899-12-31 10:55:00","1899-12-31 11:00:00",NA,"MAC_W_029_119",NA,"Polystyreen",NA,18.86,8.21,18.86,15,"WHITE","Styrofoam","Port of Antwerp","Spotsampling","Vijfde Havendok","Port of Antwerp",2.29719853836784,3.5739183457052,0.287211749936016,"Non-filaments","SC5","opaque","WHITE/CREAM","WHITE/CREAM","foams","foams","polystyrene",5,NA,NA
"105",31950,31950,"AW_21_01","2021-06-15","Port of Antwerp (Vijfde Havendok)","MAC_W_029","Macroplastics (> 5 mm)","Water",7749,NA,144,45.0662,0.005815744,NA,NA,1,"1899-12-31 10:55:00","1899-12-31 11:00:00",NA,"MAC_W_029_12",NA,"Polyether urethane-polypropylene oxide - methylene",90.12,17.89,11.45,17.89,33,"YELLOW","Foam","Port of Antwerp","Spotsampling","Vijfde Havendok","Port of Antwerp",1.56244541484716,7.32825600894354,0.512026830865973,"Non-filaments","SC5","opaque","YELLOW","YELLOW","foams","foams","polyether urethane-polypropylene oxide - methylene",5,NA,NA
"106",31951,31951,"AW_21_01","2021-06-15","Port of Antwerp (Vijfde Havendok)","MAC_W_029","Macroplastics (> 5 mm)","Water",7749,NA,144,45.0662,0.005815744,NA,NA,1,"1899-12-31 10:55:00","1899-12-31 11:00:00",NA,"MAC_W_029_120",NA,"Polystyreen",NA,10.512,6.94,10.512,15,"WHITE","Styrofoam","Port of Antwerp","Spotsampling","Vijfde Havendok","Port of Antwerp",1.51469740634006,4.58177321156773,0.536427677204982,"Non-filaments","SC4","opaque","WHITE/CREAM","WHITE/CREAM","foams","foams","polystyrene",5,NA,NA
"107",31952,31952,"AW_21_01","2021-06-15","Port of Antwerp (Vijfde Havendok)","MAC_W_029","Macroplastics (> 5 mm)","Water",7749,NA,144,45.0662,0.005815744,NA,NA,1,"1899-12-31 10:55:00","1899-12-31 11:00:00",NA,"MAC_W_029_121",NA,"Polystyreen",NA,9.895,6.67,9.895,13,"WHITE","Styrofoam","Port of Antwerp","Spotsampling","Vijfde Havendok","Port of Antwerp",1.48350824587706,4.49609903991915,0.55343300185233,"Non-filaments","SC4","opaque","WHITE/CREAM","WHITE/CREAM","foams","foams","polystyrene",5,NA,NA
"108",31953,31953,"AW_21_01","2021-06-15","Port of Antwerp (Vijfde Havendok)","MAC_W_029","Macroplastics (> 5 mm)","Water",7749,NA,144,45.0662,0.005815744,NA,NA,1,"1899-12-31 10:55:00","1899-12-31 11:00:00",NA,"MAC_W_029_122",NA,"Polystyreen",NA,12.475,5.49,12.475,10,"WHITE","Styrofoam","Port of Antwerp","Spotsampling","Vijfde Havendok","Port of Antwerp",2.27231329690346,2.41604008016032,0.29194274369581,"Non-filaments","SC4","opaque","WHITE/CREAM","WHITE/CREAM","foams","foams","polystyrene",5,NA,NA
"109",31954,31954,"AW_21_01","2021-06-15","Port of Antwerp (Vijfde Havendok)","MAC_W_029","Macroplastics (> 5 mm)","Water",7749,NA,144,45.0662,0.005815744,NA,NA,1,"1899-12-31 10:55:00","1899-12-31 11:00:00",NA,"MAC_W_029_123",NA,"Polystyreen",NA,14.69,6.085,14.69,14,"WHITE","Styrofoam","Port of Antwerp","Spotsampling","Vijfde Havendok","Port of Antwerp",2.41413311421528,2.52057351940095,0.26659879380251,"Non-filaments","SC4","opaque","WHITE/CREAM","WHITE/CREAM","foams","foams","polystyrene",5,NA,NA
"110",31955,31955,"AW_21_01","2021-06-15","Port of Antwerp (Vijfde Havendok)","MAC_W_029","Macroplastics (> 5 mm)","Water",7749,NA,144,45.0662,0.005815744,NA,NA,1,"1899-12-31 10:55:00","1899-12-31 11:00:00",NA,"MAC_W_029_124",NA,"Polystyreen",NA,11.01,3.63,11.01,12,"WHITE","Styrofoam","Port of Antwerp","Spotsampling","Vijfde Havendok","Port of Antwerp",3.03305785123967,1.19681198910082,0.189312355461464,"Non-filaments","SC4","opaque","WHITE/CREAM","WHITE/CREAM","foams","foams","polystyrene",5,NA,NA
"111",31956,31956,"AW_21_01","2021-06-15","Port of Antwerp (Vijfde Havendok)","MAC_W_029","Macroplastics (> 5 mm)","Water",7749,NA,144,45.0662,0.005815744,NA,NA,1,"1899-12-31 10:55:00","1899-12-31 11:00:00",NA,"MAC_W_029_125",NA,"Polystyreen",NA,12.445,5.77,12.445,12,"WHITE","Styrofoam","Port of Antwerp","Spotsampling","Vijfde Havendok","Port of Antwerp",2.15684575389948,2.675202892728,0.315697663976665,"Non-filaments","SC4","opaque","WHITE/CREAM","WHITE/CREAM","foams","foams","polystyrene",5,NA,NA
"112",31957,31957,"AW_21_01","2021-06-15","Port of Antwerp (Vijfde Havendok)","MAC_W_029","Macroplastics (> 5 mm)","Water",7749,NA,144,45.0662,0.005815744,NA,NA,1,"1899-12-31 10:55:00","1899-12-31 11:00:00",NA,"MAC_W_029_126",NA,"Polystyreen",NA,10.97,4.93,10.97,7,"WHITE","Styrofoam","Port of Antwerp","Spotsampling","Vijfde Havendok","Port of Antwerp",2.22515212981744,2.21557885141294,0.30127315641952,"Non-filaments","SC4","opaque","WHITE/CREAM","WHITE/CREAM","foams","foams","polystyrene",5,NA,NA
"113",31958,31958,"AW_21_01","2021-06-15","Port of Antwerp (Vijfde Havendok)","MAC_W_029","Macroplastics (> 5 mm)","Water",7749,NA,144,45.0662,0.005815744,NA,NA,1,"1899-12-31 10:55:00","1899-12-31 11:00:00",NA,"MAC_W_029_127",NA,"Polystyreen",NA,11.14,7.52,11.14,12,"WHITE","Styrofoam","Port of Antwerp","Spotsampling","Vijfde Havendok","Port of Antwerp",1.4813829787234,5.07633752244165,0.554624403488365,"Non-filaments","SC4","opaque","WHITE/CREAM","WHITE/CREAM","foams","foams","polystyrene",5,NA,NA
"114",31959,31959,"AW_21_01","2021-06-15","Port of Antwerp (Vijfde Havendok)","MAC_W_029","Macroplastics (> 5 mm)","Water",7749,NA,144,45.0662,0.005815744,NA,NA,1,"1899-12-31 10:55:00","1899-12-31 11:00:00",NA,"MAC_W_029_128",NA,"Polystyreen",NA,11.13,9.3,11.13,1,"WHITE","Styrofoam","Port of Antwerp","Spotsampling","Vijfde Havendok","Port of Antwerp",1.19677419354839,7.77088948787062,0.763803556641725,"Non-filaments","SC4","opaque","WHITE/CREAM","WHITE/CREAM","foams","foams","polystyrene",5,NA,NA
"115",31960,31960,"AW_21_01","2021-06-15","Port of Antwerp (Vijfde Havendok)","MAC_W_029","Macroplastics (> 5 mm)","Water",7749,NA,144,45.0662,0.005815744,NA,NA,1,"1899-12-31 10:55:00","1899-12-31 11:00:00",NA,"MAC_W_029_129",NA,"Polystyreen",NA,8.545,3.535,8.545,7,"WHITE","Styrofoam","Port of Antwerp","Spotsampling","Vijfde Havendok","Port of Antwerp",2.41725601131542,1.46240198946752,0.266082324939766,"Non-filaments","SC4","opaque","WHITE/CREAM","WHITE/CREAM","foams","foams","polystyrene",5,NA,NA
"116",31961,31961,"AW_21_01","2021-06-15","Port of Antwerp (Vijfde Havendok)","MAC_W_029","Macroplastics (> 5 mm)","Water",7749,NA,144,45.0662,0.005815744,NA,NA,1,"1899-12-31 10:55:00","1899-12-31 11:00:00",NA,"MAC_W_029_13",NA,"Polyether urethane-polypropylene oxide - methylene",88.43,17.085,15.84,17.085,28,"YELLOW","Foam","Port of Antwerp","Spotsampling","Vijfde Havendok","Port of Antwerp",1.07859848484848,14.6857243195786,0.892709776926575,"Non-filaments","SC5","opaque","YELLOW","YELLOW","foams","foams","polyether urethane-polypropylene oxide - methylene",5,NA,NA
"117",31962,31962,"AW_21_01","2021-06-15","Port of Antwerp (Vijfde Havendok)","MAC_W_029","Macroplastics (> 5 mm)","Water",7749,NA,144,45.0662,0.005815744,NA,NA,1,"1899-12-31 10:55:00","1899-12-31 11:00:00",NA,"MAC_W_029_130",NA,"Polystyreen",NA,10.37,5.025,10.37,10,"WHITE","Styrofoam","Port of Antwerp","Spotsampling","Vijfde Havendok","Port of Antwerp",2.0636815920398,2.43496865959499,0.337315241066088,"Non-filaments","SC4","opaque","WHITE/CREAM","WHITE/CREAM","foams","foams","polystyrene",5,NA,NA
"118",31963,31963,"AW_21_01","2021-06-15","Port of Antwerp (Vijfde Havendok)","MAC_W_029","Macroplastics (> 5 mm)","Water",7749,NA,144,45.0662,0.005815744,NA,NA,1,"1899-12-31 10:55:00","1899-12-31 11:00:00",NA,"MAC_W_029_131",NA,"Polystyreen",NA,10.45,7.415,10.45,9,"WHITE","Styrofoam","Port of Antwerp","Spotsampling","Vijfde Havendok","Port of Antwerp",1.40930546190155,5.26145693779904,0.597712443598338,"Non-filaments","SC4","opaque","WHITE/CREAM","WHITE/CREAM","foams","foams","polystyrene",5,NA,NA
"119",31964,31964,"AW_21_01","2021-06-15","Port of Antwerp (Vijfde Havendok)","MAC_W_029","Macroplastics (> 5 mm)","Water",7749,NA,144,45.0662,0.005815744,NA,NA,1,"1899-12-31 10:55:00","1899-12-31 11:00:00",NA,"MAC_W_029_132",NA,"Polystyreen",NA,10.41,4.56,10.41,9,"WHITE","Styrofoam","Port of Antwerp","Spotsampling","Vijfde Havendok","Port of Antwerp",2.28289473684211,1.99746397694524,0.289915322896557,"Non-filaments","SC4","opaque","WHITE/CREAM","WHITE/CREAM","foams","foams","polystyrene",5,NA,NA
"120",31965,31965,"AW_21_01","2021-06-15","Port of Antwerp (Vijfde Havendok)","MAC_W_029","Macroplastics (> 5 mm)","Water",7749,NA,144,45.0662,0.005815744,NA,NA,1,"1899-12-31 10:55:00","1899-12-31 11:00:00",NA,"MAC_W_029_133",NA,"Polystyreen",NA,11.24,5.28,11.24,7,"WHITE","Styrofoam","Port of Antwerp","Spotsampling","Vijfde Havendok","Port of Antwerp",2.12878787878788,2.4802846975089,0.321959628019074,"Non-filaments","SC4","opaque","WHITE/CREAM","WHITE/CREAM","foams","foams","polystyrene",5,NA,NA
"121",31966,31966,"AW_21_01","2021-06-15","Port of Antwerp (Vijfde Havendok)","MAC_W_029","Macroplastics (> 5 mm)","Water",7749,NA,144,45.0662,0.005815744,NA,NA,1,"1899-12-31 10:55:00","1899-12-31 11:00:00",NA,"MAC_W_029_134",NA,"Polystyreen",NA,11.63,5.145,11.63,10,"WHITE","Styrofoam","Port of Antwerp","Spotsampling","Vijfde Havendok","Port of Antwerp",2.26044703595724,2.27609845227859,0.294244596729478,"Non-filaments","SC4","opaque","WHITE/CREAM","WHITE/CREAM","foams","foams","polystyrene",5,NA,NA
"122",31967,31967,"AW_21_01","2021-06-15","Port of Antwerp (Vijfde Havendok)","MAC_W_029","Macroplastics (> 5 mm)","Water",7749,NA,144,45.0662,0.005815744,NA,NA,1,"1899-12-31 10:55:00","1899-12-31 11:00:00",NA,"MAC_W_029_135",NA,"Polystyreen",NA,14.09,4.05,14.09,7,"WHITE","Styrofoam","Port of Antwerp","Spotsampling","Vijfde Havendok","Port of Antwerp",3.47901234567901,1.16412349183818,0.15410475705842,"Non-filaments","SC4","opaque","WHITE/CREAM","WHITE/CREAM","foams","foams","polystyrene",5,NA,NA
"123",31968,31968,"AW_21_01","2021-06-15","Port of Antwerp (Vijfde Havendok)","MAC_W_029","Macroplastics (> 5 mm)","Water",7749,NA,144,45.0662,0.005815744,NA,NA,1,"1899-12-31 10:55:00","1899-12-31 11:00:00",NA,"MAC_W_029_136",NA,"Polystyreen",NA,12.395,3.97,12.395,14,"WHITE","Styrofoam","Port of Antwerp","Spotsampling","Vijfde Havendok","Port of Antwerp",3.12216624685139,1.2715530455829,0.181265838147532,"Non-filaments","SC4","opaque","WHITE/CREAM","WHITE/CREAM","foams","foams","polystyrene",5,NA,NA
"124",31969,31969,"AW_21_01","2021-06-15","Port of Antwerp (Vijfde Havendok)","MAC_W_029","Macroplastics (> 5 mm)","Water",7749,NA,144,45.0662,0.005815744,NA,NA,1,"1899-12-31 10:55:00","1899-12-31 11:00:00",NA,"MAC_W_029_137",NA,"Polystyreen",NA,9.2,4.4,9.2,7,"WHITE","Styrofoam","Port of Antwerp","Spotsampling","Vijfde Havendok","Port of Antwerp",2.09090909090909,2.10434782608696,0.330748035777799,"Non-filaments","SC4","opaque","WHITE/CREAM","WHITE/CREAM","foams","foams","polystyrene",5,NA,NA
"125",31970,31970,"AW_21_01","2021-06-15","Port of Antwerp (Vijfde Havendok)","MAC_W_029","Macroplastics (> 5 mm)","Water",7749,NA,144,45.0662,0.005815744,NA,NA,1,"1899-12-31 10:55:00","1899-12-31 11:00:00",NA,"MAC_W_029_138",NA,"Polystyreen",NA,9.41,4.96,9.41,8,"WHITE","Styrofoam","Port of Antwerp","Spotsampling","Vijfde Havendok","Port of Antwerp",1.89717741935484,2.61441020191286,0.382682039261803,"Non-filaments","SC4","opaque","WHITE/CREAM","WHITE/CREAM","foams","foams","polystyrene",5,NA,NA
"126",31971,31971,"AW_21_01","2021-06-15","Port of Antwerp (Vijfde Havendok)","MAC_W_029","Macroplastics (> 5 mm)","Water",7749,NA,144,45.0662,0.005815744,NA,NA,1,"1899-12-31 10:55:00","1899-12-31 11:00:00",NA,"MAC_W_029_139",NA,"Polystyreen",NA,13.825,7.825,13.825,22,"WHITE","Styrofoam","Port of Antwerp","Spotsampling","Vijfde Havendok","Port of Antwerp",1.7667731629393,4.42897830018083,0.425822700024135,"Non-filaments","SC4","opaque","WHITE/CREAM","WHITE/CREAM","foams","foams","polystyrene",5,NA,NA
"127",31972,31972,"AW_21_01","2021-06-15","Port of Antwerp (Vijfde Havendok)","MAC_W_029","Macroplastics (> 5 mm)","Water",7749,NA,144,45.0662,0.005815744,NA,NA,1,"1899-12-31 10:55:00","1899-12-31 11:00:00",NA,"MAC_W_029_14",NA,"Polyether urethane-polypropylene oxide - methylene",79.23,17.645,11.27,17.645,46,"YELLOW","Foam","Port of Antwerp","Spotsampling","Vijfde Havendok","Port of Antwerp",1.56566104702751,7.19823746103712,0.510450202012562,"Non-filaments","SC5","opaque","YELLOW","YELLOW","foams","foams","polyether urethane-polypropylene oxide - methylene",5,NA,NA
"128",31973,31973,"AW_21_01","2021-06-15","Port of Antwerp (Vijfde Havendok)","MAC_W_029","Macroplastics (> 5 mm)","Water",7749,NA,144,45.0662,0.005815744,NA,NA,1,"1899-12-31 10:55:00","1899-12-31 11:00:00",NA,"MAC_W_029_140",NA,"Polystyreen",NA,8.75,2.675,8.75,8,"WHITE","Styrofoam","Port of Antwerp","Spotsampling","Vijfde Havendok","Port of Antwerp",3.27102803738318,0.817785714285714,0.169033817583584,"Non-filaments","SC4","opaque","WHITE/CREAM","WHITE/CREAM","foams","foams","polystyrene",5,NA,NA
"129",31974,31974,"AW_21_01","2021-06-15","Port of Antwerp (Vijfde Havendok)","MAC_W_029","Macroplastics (> 5 mm)","Water",7749,NA,144,45.0662,0.005815744,NA,NA,1,"1899-12-31 10:55:00","1899-12-31 11:00:00",NA,"MAC_W_029_141",NA,"Polystyreen",NA,8.68,5.07,8.68,7,"WHITE","Styrofoam","Port of Antwerp","Spotsampling","Vijfde Havendok","Port of Antwerp",1.7120315581854,2.96139400921659,0.446408392984257,"Non-filaments","SC4","opaque","WHITE/CREAM","WHITE/CREAM","foams","foams","polystyrene",5,NA,NA
"130",31975,31975,"AW_21_01","2021-06-15","Port of Antwerp (Vijfde Havendok)","MAC_W_029","Macroplastics (> 5 mm)","Water",7749,NA,144,45.0662,0.005815744,NA,NA,1,"1899-12-31 10:55:00","1899-12-31 11:00:00",NA,"MAC_W_029_142",NA,"Polystyreen",NA,10.335,5.45,10.335,5,"WHITE","Styrofoam","Port of Antwerp","Spotsampling","Vijfde Havendok","Port of Antwerp",1.89633027522936,2.87397194000968,0.382938500160683,"Non-filaments","SC4","opaque","WHITE/CREAM","WHITE/CREAM","foams","foams","polystyrene",5,NA,NA
"131",31976,31976,"AW_21_01","2021-06-15","Port of Antwerp (Vijfde Havendok)","MAC_W_029","Macroplastics (> 5 mm)","Water",7749,NA,144,45.0662,0.005815744,NA,NA,1,"1899-12-31 10:55:00","1899-12-31 11:00:00",NA,"MAC_W_029_143",NA,"Polystyreen",NA,9.43,5.63,9.43,7,"WHITE","Styrofoam","Port of Antwerp","Spotsampling","Vijfde Havendok","Port of Antwerp",1.67495559502664,3.36128313891835,0.46131231995494,"Non-filaments","SC4","opaque","WHITE/CREAM","WHITE/CREAM","foams","foams","polystyrene",5,NA,NA
"132",31977,31977,"AW_21_01","2021-06-15","Port of Antwerp (Vijfde Havendok)","MAC_W_029","Macroplastics (> 5 mm)","Water",7749,NA,144,45.0662,0.005815744,NA,NA,1,"1899-12-31 10:55:00","1899-12-31 11:00:00",NA,"MAC_W_029_144",NA,"Polystyreen",NA,7.42,5.32,7.42,1,"WHITE","Styrofoam","Port of Antwerp","Spotsampling","Vijfde Havendok","Port of Antwerp",1.39473684210526,3.81433962264151,0.607101897862614,"Non-filaments","SC4","opaque","WHITE/CREAM","WHITE/CREAM","foams","foams","polystyrene",5,NA,NA
"133",31978,31978,"AW_21_01","2021-06-15","Port of Antwerp (Vijfde Havendok)","MAC_W_029","Macroplastics (> 5 mm)","Water",7749,NA,144,45.0662,0.005815744,NA,NA,1,"1899-12-31 10:55:00","1899-12-31 11:00:00",NA,"MAC_W_029_145",NA,"Polystyrene",NA,NA,NA,NA,NA,NA,"Pellet","Port of Antwerp","Spotsampling","Vijfde Havendok","Port of Antwerp",NA,NA,NA,NA,"SC3",NA,NA,"UNDEFINED","pellets","pellets","polystyrene",5,NA,NA
"134",31979,31979,"AW_21_01","2021-06-15","Port of Antwerp (Vijfde Havendok)","MAC_W_029","Macroplastics (> 5 mm)","Water",7749,NA,144,45.0662,0.005815744,NA,NA,1,"1899-12-31 10:55:00","1899-12-31 11:00:00",NA,"MAC_W_029_146",NA,"Polystyrene",NA,NA,NA,NA,NA,NA,"Pellet","Port of Antwerp","Spotsampling","Vijfde Havendok","Port of Antwerp",NA,NA,NA,NA,"SC3",NA,NA,"UNDEFINED","pellets","pellets","polystyrene",5,NA,NA
"135",31980,31980,"AW_21_01","2021-06-15","Port of Antwerp (Vijfde Havendok)","MAC_W_029","Macroplastics (> 5 mm)","Water",7749,NA,144,45.0662,0.005815744,NA,NA,1,"1899-12-31 10:55:00","1899-12-31 11:00:00",NA,"MAC_W_029_147",NA,"Polystyrene",NA,NA,NA,NA,NA,NA,"Pellet","Port of Antwerp","Spotsampling","Vijfde Havendok","Port of Antwerp",NA,NA,NA,NA,"SC3",NA,NA,"UNDEFINED","pellets","pellets","polystyrene",5,NA,NA
"136",31981,31981,"AW_21_01","2021-06-15","Port of Antwerp (Vijfde Havendok)","MAC_W_029","Macroplastics (> 5 mm)","Water",7749,NA,144,45.0662,0.005815744,NA,NA,1,"1899-12-31 10:55:00","1899-12-31 11:00:00",NA,"MAC_W_029_148",NA,"Polystyrene",NA,NA,NA,NA,NA,NA,"Pellet","Port of Antwerp","Spotsampling","Vijfde Havendok","Port of Antwerp",NA,NA,NA,NA,"SC3",NA,NA,"UNDEFINED","pellets","pellets","polystyrene",5,NA,NA
"137",31982,31982,"AW_21_01","2021-06-15","Port of Antwerp (Vijfde Havendok)","MAC_W_029","Macroplastics (> 5 mm)","Water",7749,NA,144,45.0662,0.005815744,NA,NA,1,"1899-12-31 10:55:00","1899-12-31 11:00:00",NA,"MAC_W_029_149",NA,"Polystyrene",NA,NA,NA,NA,NA,NA,"Pellet","Port of Antwerp","Spotsampling","Vijfde Havendok","Port of Antwerp",NA,NA,NA,NA,"SC3",NA,NA,"UNDEFINED","pellets","pellets","polystyrene",5,NA,NA
"138",31983,31983,"AW_21_01","2021-06-15","Port of Antwerp (Vijfde Havendok)","MAC_W_029","Macroplastics (> 5 mm)","Water",7749,NA,144,45.0662,0.005815744,NA,NA,1,"1899-12-31 10:55:00","1899-12-31 11:00:00",NA,"MAC_W_029_15",NA,"Polyether urethane-polypropylene oxide - methylene",79.59,11.28,9.56,11.28,24,"YELLOW","Foam","Port of Antwerp","Spotsampling","Vijfde Havendok","Port of Antwerp",1.17991631799163,8.1022695035461,0.780230977207374,"Non-filaments","SC4","opaque","YELLOW","YELLOW","foams","foams","polyether urethane-polypropylene oxide - methylene",5,NA,NA
"139",31984,31984,"AW_21_01","2021-06-15","Port of Antwerp (Vijfde Havendok)","MAC_W_029","Macroplastics (> 5 mm)","Water",7749,NA,144,45.0662,0.005815744,NA,NA,1,"1899-12-31 10:55:00","1899-12-31 11:00:00",NA,"MAC_W_029_150",NA,"Polystyrene",NA,NA,NA,NA,NA,NA,"Pellet","Port of Antwerp","Spotsampling","Vijfde Havendok","Port of Antwerp",NA,NA,NA,NA,"SC3",NA,NA,"UNDEFINED","pellets","pellets","polystyrene",5,NA,NA
"140",31985,31985,"AW_21_01","2021-06-15","Port of Antwerp (Vijfde Havendok)","MAC_W_029","Macroplastics (> 5 mm)","Water",7749,NA,144,45.0662,0.005815744,NA,NA,1,"1899-12-31 10:55:00","1899-12-31 11:00:00",NA,"MAC_W_029_151",NA,"Polystyrene",NA,NA,NA,NA,NA,NA,"Pellet","Port of Antwerp","Spotsampling","Vijfde Havendok","Port of Antwerp",NA,NA,NA,NA,"SC3",NA,NA,"UNDEFINED","pellets","pellets","polystyrene",5,NA,NA
"141",31986,31986,"AW_21_01","2021-06-15","Port of Antwerp (Vijfde Havendok)","MAC_W_029","Macroplastics (> 5 mm)","Water",7749,NA,144,45.0662,0.005815744,NA,NA,1,"1899-12-31 10:55:00","1899-12-31 11:00:00",NA,"MAC_W_029_152",NA,"Polystyrene",NA,NA,NA,NA,NA,NA,"Pellet","Port of Antwerp","Spotsampling","Vijfde Havendok","Port of Antwerp",NA,NA,NA,NA,"SC3",NA,NA,"UNDEFINED","pellets","pellets","polystyrene",5,NA,NA
"142",31987,31987,"AW_21_01","2021-06-15","Port of Antwerp (Vijfde Havendok)","MAC_W_029","Macroplastics (> 5 mm)","Water",7749,NA,144,45.0662,0.005815744,NA,NA,1,"1899-12-31 10:55:00","1899-12-31 11:00:00",NA,"MAC_W_029_153",NA,"Polystyrene",NA,NA,NA,NA,NA,NA,"Pellet","Port of Antwerp","Spotsampling","Vijfde Havendok","Port of Antwerp",NA,NA,NA,NA,"SC3",NA,NA,"UNDEFINED","pellets","pellets","polystyrene",5,NA,NA
"143",31988,31988,"AW_21_01","2021-06-15","Port of Antwerp (Vijfde Havendok)","MAC_W_029","Macroplastics (> 5 mm)","Water",7749,NA,144,45.0662,0.005815744,NA,NA,1,"1899-12-31 10:55:00","1899-12-31 11:00:00",NA,"MAC_W_029_154",NA,"Polystyrene",NA,NA,NA,NA,NA,NA,"Pellet","Port of Antwerp","Spotsampling","Vijfde Havendok","Port of Antwerp",NA,NA,NA,NA,"SC3",NA,NA,"UNDEFINED","pellets","pellets","polystyrene",5,NA,NA
"144",31989,31989,"AW_21_01","2021-06-15","Port of Antwerp (Vijfde Havendok)","MAC_W_029","Macroplastics (> 5 mm)","Water",7749,NA,144,45.0662,0.005815744,NA,NA,1,"1899-12-31 10:55:00","1899-12-31 11:00:00",NA,"MAC_W_029_155",NA,"Polystyrene",NA,NA,NA,NA,NA,NA,"Pellet","Port of Antwerp","Spotsampling","Vijfde Havendok","Port of Antwerp",NA,NA,NA,NA,"SC3",NA,NA,"UNDEFINED","pellets","pellets","polystyrene",5,NA,NA
"145",31990,31990,"AW_21_01","2021-06-15","Port of Antwerp (Vijfde Havendok)","MAC_W_029","Macroplastics (> 5 mm)","Water",7749,NA,144,45.0662,0.005815744,NA,NA,1,"1899-12-31 10:55:00","1899-12-31 11:00:00",NA,"MAC_W_029_156",NA,"Polystyrene",NA,NA,NA,NA,NA,NA,"Pellet","Port of Antwerp","Spotsampling","Vijfde Havendok","Port of Antwerp",NA,NA,NA,NA,"SC3",NA,NA,"UNDEFINED","pellets","pellets","polystyrene",5,NA,NA
"146",31991,31991,"AW_21_01","2021-06-15","Port of Antwerp (Vijfde Havendok)","MAC_W_029","Macroplastics (> 5 mm)","Water",7749,NA,144,45.0662,0.005815744,NA,NA,1,"1899-12-31 10:55:00","1899-12-31 11:00:00",NA,"MAC_W_029_157",NA,"Polystyrene",NA,NA,NA,NA,NA,NA,"Pellet","Port of Antwerp","Spotsampling","Vijfde Havendok","Port of Antwerp",NA,NA,NA,NA,"SC3",NA,NA,"UNDEFINED","pellets","pellets","polystyrene",5,NA,NA
"147",31992,31992,"AW_21_01","2021-06-15","Port of Antwerp (Vijfde Havendok)","MAC_W_029","Macroplastics (> 5 mm)","Water",7749,NA,144,45.0662,0.005815744,NA,NA,1,"1899-12-31 10:55:00","1899-12-31 11:00:00",NA,"MAC_W_029_158",NA,"Polystyrene",NA,NA,NA,NA,NA,NA,"Pellet","Port of Antwerp","Spotsampling","Vijfde Havendok","Port of Antwerp",NA,NA,NA,NA,"SC3",NA,NA,"UNDEFINED","pellets","pellets","polystyrene",5,NA,NA
"148",31993,31993,"AW_21_01","2021-06-15","Port of Antwerp (Vijfde Havendok)","MAC_W_029","Macroplastics (> 5 mm)","Water",7749,NA,144,45.0662,0.005815744,NA,NA,1,"1899-12-31 10:55:00","1899-12-31 11:00:00",NA,"MAC_W_029_159",NA,"Polystyrene",NA,NA,NA,NA,NA,NA,"Pellet","Port of Antwerp","Spotsampling","Vijfde Havendok","Port of Antwerp",NA,NA,NA,NA,"SC3",NA,NA,"UNDEFINED","pellets","pellets","polystyrene",5,NA,NA
"149",31994,31994,"AW_21_01","2021-06-15","Port of Antwerp (Vijfde Havendok)","MAC_W_029","Macroplastics (> 5 mm)","Water",7749,NA,144,45.0662,0.005815744,NA,NA,1,"1899-12-31 10:55:00","1899-12-31 11:00:00",NA,"MAC_W_029_16",NA,"Polyether urethane-polypropylene oxide - methylene",78.45,12.6,11.5,12.6,20,"YELLOW","Foam","Port of Antwerp","Spotsampling","Vijfde Havendok","Port of Antwerp",1.09565217391304,10.4960317460317,0.871948716738462,"Non-filaments","SC4","opaque","YELLOW","YELLOW","foams","foams","polyether urethane-polypropylene oxide - methylene",5,NA,NA
"150",31995,31995,"AW_21_01","2021-06-15","Port of Antwerp (Vijfde Havendok)","MAC_W_029","Macroplastics (> 5 mm)","Water",7749,NA,144,45.0662,0.005815744,NA,NA,1,"1899-12-31 10:55:00","1899-12-31 11:00:00",NA,"MAC_W_029_160",NA,"Polystyrene",NA,NA,NA,NA,NA,NA,"Pellet","Port of Antwerp","Spotsampling","Vijfde Havendok","Port of Antwerp",NA,NA,NA,NA,"SC3",NA,NA,"UNDEFINED","pellets","pellets","polystyrene",5,NA,NA
"151",31996,31996,"AW_21_01","2021-06-15","Port of Antwerp (Vijfde Havendok)","MAC_W_029","Macroplastics (> 5 mm)","Water",7749,NA,144,45.0662,0.005815744,NA,NA,1,"1899-12-31 10:55:00","1899-12-31 11:00:00",NA,"MAC_W_029_161",NA,"Polystyrene",NA,NA,NA,NA,NA,NA,"Pellet","Port of Antwerp","Spotsampling","Vijfde Havendok","Port of Antwerp",NA,NA,NA,NA,"SC3",NA,NA,"UNDEFINED","pellets","pellets","polystyrene",5,NA,NA
"152",31997,31997,"AW_21_01","2021-06-15","Port of Antwerp (Vijfde Havendok)","MAC_W_029","Macroplastics (> 5 mm)","Water",7749,NA,144,45.0662,0.005815744,NA,NA,1,"1899-12-31 10:55:00","1899-12-31 11:00:00",NA,"MAC_W_029_162",NA,"Polystyrene",NA,NA,NA,NA,NA,NA,"Pellet","Port of Antwerp","Spotsampling","Vijfde Havendok","Port of Antwerp",NA,NA,NA,NA,"SC3",NA,NA,"UNDEFINED","pellets","pellets","polystyrene",5,NA,NA
"153",31998,31998,"AW_21_01","2021-06-15","Port of Antwerp (Vijfde Havendok)","MAC_W_029","Macroplastics (> 5 mm)","Water",7749,NA,144,45.0662,0.005815744,NA,NA,1,"1899-12-31 10:55:00","1899-12-31 11:00:00",NA,"MAC_W_029_163",NA,"Polystyrene",NA,NA,NA,NA,NA,NA,"Pellet","Port of Antwerp","Spotsampling","Vijfde Havendok","Port of Antwerp",NA,NA,NA,NA,"SC3",NA,NA,"UNDEFINED","pellets","pellets","polystyrene",5,NA,NA
"154",31999,31999,"AW_21_01","2021-06-15","Port of Antwerp (Vijfde Havendok)","MAC_W_029","Macroplastics (> 5 mm)","Water",7749,NA,144,45.0662,0.005815744,NA,NA,1,"1899-12-31 10:55:00","1899-12-31 11:00:00",NA,"MAC_W_029_164",NA,"Polystyrene",NA,NA,NA,NA,NA,NA,"Pellet","Port of Antwerp","Spotsampling","Vijfde Havendok","Port of Antwerp",NA,NA,NA,NA,"SC3",NA,NA,"UNDEFINED","pellets","pellets","polystyrene",5,NA,NA
"155",32000,32000,"AW_21_01","2021-06-15","Port of Antwerp (Vijfde Havendok)","MAC_W_029","Macroplastics (> 5 mm)","Water",7749,NA,144,45.0662,0.005815744,NA,NA,1,"1899-12-31 10:55:00","1899-12-31 11:00:00",NA,"MAC_W_029_165",NA,"Polystyrene",NA,NA,NA,NA,NA,NA,"Pellet","Port of Antwerp","Spotsampling","Vijfde Havendok","Port of Antwerp",NA,NA,NA,NA,"SC3",NA,NA,"UNDEFINED","pellets","pellets","polystyrene",5,NA,NA
"156",32001,32001,"AW_21_01","2021-06-15","Port of Antwerp (Vijfde Havendok)","MAC_W_029","Macroplastics (> 5 mm)","Water",7749,NA,144,45.0662,0.005815744,NA,NA,1,"1899-12-31 10:55:00","1899-12-31 11:00:00",NA,"MAC_W_029_166",NA,"Polystyrene",NA,NA,NA,NA,NA,NA,"Pellet","Port of Antwerp","Spotsampling","Vijfde Havendok","Port of Antwerp",NA,NA,NA,NA,"SC3",NA,NA,"UNDEFINED","pellets","pellets","polystyrene",5,NA,NA
"157",32002,32002,"AW_21_01","2021-06-15","Port of Antwerp (Vijfde Havendok)","MAC_W_029","Macroplastics (> 5 mm)","Water",7749,NA,144,45.0662,0.005815744,NA,NA,1,"1899-12-31 10:55:00","1899-12-31 11:00:00",NA,"MAC_W_029_167",NA,"Polystyrene",NA,NA,NA,NA,NA,NA,"Pellet","Port of Antwerp","Spotsampling","Vijfde Havendok","Port of Antwerp",NA,NA,NA,NA,"SC3",NA,NA,"UNDEFINED","pellets","pellets","polystyrene",5,NA,NA
"158",32003,32003,"AW_21_01","2021-06-15","Port of Antwerp (Vijfde Havendok)","MAC_W_029","Macroplastics (> 5 mm)","Water",7749,NA,144,45.0662,0.005815744,NA,NA,1,"1899-12-31 10:55:00","1899-12-31 11:00:00",NA,"MAC_W_029_168",NA,"Polystyrene",NA,NA,NA,NA,NA,NA,"Pellet","Port of Antwerp","Spotsampling","Vijfde Havendok","Port of Antwerp",NA,NA,NA,NA,"SC3",NA,NA,"UNDEFINED","pellets","pellets","polystyrene",5,NA,NA
"159",32004,32004,"AW_21_01","2021-06-15","Port of Antwerp (Vijfde Havendok)","MAC_W_029","Macroplastics (> 5 mm)","Water",7749,NA,144,45.0662,0.005815744,NA,NA,1,"1899-12-31 10:55:00","1899-12-31 11:00:00",NA,"MAC_W_029_169",NA,"Polystyrene",NA,NA,NA,NA,NA,NA,"Pellet","Port of Antwerp","Spotsampling","Vijfde Havendok","Port of Antwerp",NA,NA,NA,NA,"SC3",NA,NA,"UNDEFINED","pellets","pellets","polystyrene",5,NA,NA
"160",32005,32005,"AW_21_01","2021-06-15","Port of Antwerp (Vijfde Havendok)","MAC_W_029","Macroplastics (> 5 mm)","Water",7749,NA,144,45.0662,0.005815744,NA,NA,1,"1899-12-31 10:55:00","1899-12-31 11:00:00",NA,"MAC_W_029_17",NA,"Polyether urethane-polypropylene oxide - methylene",83.4,13.425,9.98,13.425,15,"YELLOW","Foam","Port of Antwerp","Spotsampling","Vijfde Havendok","Port of Antwerp",1.34519038076152,7.41902420856611,0.640950322472704,"Non-filaments","SC4","opaque","YELLOW","YELLOW","foams","foams","polyether urethane-polypropylene oxide - methylene",5,NA,NA
"161",32006,32006,"AW_21_01","2021-06-15","Port of Antwerp (Vijfde Havendok)","MAC_W_029","Macroplastics (> 5 mm)","Water",7749,NA,144,45.0662,0.005815744,NA,NA,1,"1899-12-31 10:55:00","1899-12-31 11:00:00",NA,"MAC_W_029_170",NA,"Polystyrene",NA,NA,NA,NA,NA,NA,"Pellet","Port of Antwerp","Spotsampling","Vijfde Havendok","Port of Antwerp",NA,NA,NA,NA,"SC3",NA,NA,"UNDEFINED","pellets","pellets","polystyrene",5,NA,NA
"162",32007,32007,"AW_21_01","2021-06-15","Port of Antwerp (Vijfde Havendok)","MAC_W_029","Macroplastics (> 5 mm)","Water",7749,NA,144,45.0662,0.005815744,NA,NA,1,"1899-12-31 10:55:00","1899-12-31 11:00:00",NA,"MAC_W_029_171",NA,"Polystyrene",NA,NA,NA,NA,NA,NA,"Pellet","Port of Antwerp","Spotsampling","Vijfde Havendok","Port of Antwerp",NA,NA,NA,NA,"SC3",NA,NA,"UNDEFINED","pellets","pellets","polystyrene",5,NA,NA
"163",32008,32008,"AW_21_01","2021-06-15","Port of Antwerp (Vijfde Havendok)","MAC_W_029","Macroplastics (> 5 mm)","Water",7749,NA,144,45.0662,0.005815744,NA,NA,1,"1899-12-31 10:55:00","1899-12-31 11:00:00",NA,"MAC_W_029_172",NA,"Polystyrene",NA,NA,NA,NA,NA,NA,"Pellet","Port of Antwerp","Spotsampling","Vijfde Havendok","Port of Antwerp",NA,NA,NA,NA,"SC3",NA,NA,"UNDEFINED","pellets","pellets","polystyrene",5,NA,NA
"164",32009,32009,"AW_21_01","2021-06-15","Port of Antwerp (Vijfde Havendok)","MAC_W_029","Macroplastics (> 5 mm)","Water",7749,NA,144,45.0662,0.005815744,NA,NA,1,"1899-12-31 10:55:00","1899-12-31 11:00:00",NA,"MAC_W_029_173",NA,"Polystyrene",NA,NA,NA,NA,NA,NA,"Pellet","Port of Antwerp","Spotsampling","Vijfde Havendok","Port of Antwerp",NA,NA,NA,NA,"SC3",NA,NA,"UNDEFINED","pellets","pellets","polystyrene",5,NA,NA
"165",32010,32010,"AW_21_01","2021-06-15","Port of Antwerp (Vijfde Havendok)","MAC_W_029","Macroplastics (> 5 mm)","Water",7749,NA,144,45.0662,0.005815744,NA,NA,1,"1899-12-31 10:55:00","1899-12-31 11:00:00",NA,"MAC_W_029_174",NA,"Polystyrene",NA,NA,NA,NA,NA,NA,"Pellet","Port of Antwerp","Spotsampling","Vijfde Havendok","Port of Antwerp",NA,NA,NA,NA,"SC3",NA,NA,"UNDEFINED","pellets","pellets","polystyrene",5,NA,NA
"166",32011,32011,"AW_21_01","2021-06-15","Port of Antwerp (Vijfde Havendok)","MAC_W_029","Macroplastics (> 5 mm)","Water",7749,NA,144,45.0662,0.005815744,NA,NA,1,"1899-12-31 10:55:00","1899-12-31 11:00:00",NA,"MAC_W_029_175",NA,"Polystyrene",NA,NA,NA,NA,NA,NA,"Pellet","Port of Antwerp","Spotsampling","Vijfde Havendok","Port of Antwerp",NA,NA,NA,NA,"SC3",NA,NA,"UNDEFINED","pellets","pellets","polystyrene",5,NA,NA
"167",32012,32012,"AW_21_01","2021-06-15","Port of Antwerp (Vijfde Havendok)","MAC_W_029","Macroplastics (> 5 mm)","Water",7749,NA,144,45.0662,0.005815744,NA,NA,1,"1899-12-31 10:55:00","1899-12-31 11:00:00",NA,"MAC_W_029_176",NA,"Polystyrene",NA,NA,NA,NA,NA,NA,"Pellet","Port of Antwerp","Spotsampling","Vijfde Havendok","Port of Antwerp",NA,NA,NA,NA,"SC3",NA,NA,"UNDEFINED","pellets","pellets","polystyrene",5,NA,NA
"168",32013,32013,"AW_21_01","2021-06-15","Port of Antwerp (Vijfde Havendok)","MAC_W_029","Macroplastics (> 5 mm)","Water",7749,NA,144,45.0662,0.005815744,NA,NA,1,"1899-12-31 10:55:00","1899-12-31 11:00:00",NA,"MAC_W_029_177",NA,"Polystyrene",NA,NA,NA,NA,NA,NA,"Pellet","Port of Antwerp","Spotsampling","Vijfde Havendok","Port of Antwerp",NA,NA,NA,NA,"SC3",NA,NA,"UNDEFINED","pellets","pellets","polystyrene",5,NA,NA
"169",32014,32014,"AW_21_01","2021-06-15","Port of Antwerp (Vijfde Havendok)","MAC_W_029","Macroplastics (> 5 mm)","Water",7749,NA,144,45.0662,0.005815744,NA,NA,1,"1899-12-31 10:55:00","1899-12-31 11:00:00",NA,"MAC_W_029_178",NA,"Polystyrene",NA,NA,NA,NA,NA,NA,"Pellet","Port of Antwerp","Spotsampling","Vijfde Havendok","Port of Antwerp",NA,NA,NA,NA,"SC3",NA,NA,"UNDEFINED","pellets","pellets","polystyrene",5,NA,NA
"170",32015,32015,"AW_21_01","2021-06-15","Port of Antwerp (Vijfde Havendok)","MAC_W_029","Macroplastics (> 5 mm)","Water",7749,NA,144,45.0662,0.005815744,NA,NA,1,"1899-12-31 10:55:00","1899-12-31 11:00:00",NA,"MAC_W_029_179",NA,"Polystyrene",NA,NA,NA,NA,NA,NA,"Pellet","Port of Antwerp","Spotsampling","Vijfde Havendok","Port of Antwerp",NA,NA,NA,NA,"SC3",NA,NA,"UNDEFINED","pellets","pellets","polystyrene",5,NA,NA
"171",32016,32016,"AW_21_01","2021-06-15","Port of Antwerp (Vijfde Havendok)","MAC_W_029","Macroplastics (> 5 mm)","Water",7749,NA,144,45.0662,0.005815744,NA,NA,1,"1899-12-31 10:55:00","1899-12-31 11:00:00",NA,"MAC_W_029_18",NA,"Polyether urethane-polypropylene oxide - methylene",82.39,10,7.49,10,24,"YELLOW","Foam","Port of Antwerp","Spotsampling","Vijfde Havendok","Port of Antwerp",1.33511348464619,5.61001,0.648220447841627,"Non-filaments","SC4","opaque","YELLOW","YELLOW","foams","foams","polyether urethane-polypropylene oxide - methylene",5,NA,NA
"172",32017,32017,"AW_21_01","2021-06-15","Port of Antwerp (Vijfde Havendok)","MAC_W_029","Macroplastics (> 5 mm)","Water",7749,NA,144,45.0662,0.005815744,NA,NA,1,"1899-12-31 10:55:00","1899-12-31 11:00:00",NA,"MAC_W_029_180",NA,"Polystyrene",NA,NA,NA,NA,NA,NA,"Pellet","Port of Antwerp","Spotsampling","Vijfde Havendok","Port of Antwerp",NA,NA,NA,NA,"SC3",NA,NA,"UNDEFINED","pellets","pellets","polystyrene",5,NA,NA
"173",32018,32018,"AW_21_01","2021-06-15","Port of Antwerp (Vijfde Havendok)","MAC_W_029","Macroplastics (> 5 mm)","Water",7749,NA,144,45.0662,0.005815744,NA,NA,1,"1899-12-31 10:55:00","1899-12-31 11:00:00",NA,"MAC_W_029_181",NA,"Polystyrene",NA,NA,NA,NA,NA,NA,"Pellet","Port of Antwerp","Spotsampling","Vijfde Havendok","Port of Antwerp",NA,NA,NA,NA,"SC3",NA,NA,"UNDEFINED","pellets","pellets","polystyrene",5,NA,NA
"174",32019,32019,"AW_21_01","2021-06-15","Port of Antwerp (Vijfde Havendok)","MAC_W_029","Macroplastics (> 5 mm)","Water",7749,NA,144,45.0662,0.005815744,NA,NA,1,"1899-12-31 10:55:00","1899-12-31 11:00:00",NA,"MAC_W_029_182",NA,"Polystyrene",NA,NA,NA,NA,NA,NA,"Pellet","Port of Antwerp","Spotsampling","Vijfde Havendok","Port of Antwerp",NA,NA,NA,NA,"SC3",NA,NA,"UNDEFINED","pellets","pellets","polystyrene",5,NA,NA
"175",32020,32020,"AW_21_01","2021-06-15","Port of Antwerp (Vijfde Havendok)","MAC_W_029","Macroplastics (> 5 mm)","Water",7749,NA,144,45.0662,0.005815744,NA,NA,1,"1899-12-31 10:55:00","1899-12-31 11:00:00",NA,"MAC_W_029_183",NA,"Polystyrene",NA,NA,NA,NA,NA,NA,"Pellet","Port of Antwerp","Spotsampling","Vijfde Havendok","Port of Antwerp",NA,NA,NA,NA,"SC3",NA,NA,"UNDEFINED","pellets","pellets","polystyrene",5,NA,NA
"176",32021,32021,"AW_21_01","2021-06-15","Port of Antwerp (Vijfde Havendok)","MAC_W_029","Macroplastics (> 5 mm)","Water",7749,NA,144,45.0662,0.005815744,NA,NA,1,"1899-12-31 10:55:00","1899-12-31 11:00:00",NA,"MAC_W_029_184",NA,"Polystyrene",NA,NA,NA,NA,NA,NA,"Pellet","Port of Antwerp","Spotsampling","Vijfde Havendok","Port of Antwerp",NA,NA,NA,NA,"SC3",NA,NA,"UNDEFINED","pellets","pellets","polystyrene",5,NA,NA
"177",32022,32022,"AW_21_01","2021-06-15","Port of Antwerp (Vijfde Havendok)","MAC_W_029","Macroplastics (> 5 mm)","Water",7749,NA,144,45.0662,0.005815744,NA,NA,1,"1899-12-31 10:55:00","1899-12-31 11:00:00",NA,"MAC_W_029_185",NA,"Polystyrene",NA,NA,NA,NA,NA,NA,"Pellet","Port of Antwerp","Spotsampling","Vijfde Havendok","Port of Antwerp",NA,NA,NA,NA,"SC3",NA,NA,"UNDEFINED","pellets","pellets","polystyrene",5,NA,NA
"178",32023,32023,"AW_21_01","2021-06-15","Port of Antwerp (Vijfde Havendok)","MAC_W_029","Macroplastics (> 5 mm)","Water",7749,NA,144,45.0662,0.005815744,NA,NA,1,"1899-12-31 10:55:00","1899-12-31 11:00:00",NA,"MAC_W_029_186",NA,"Polystyrene",NA,NA,NA,NA,NA,NA,"Pellet","Port of Antwerp","Spotsampling","Vijfde Havendok","Port of Antwerp",NA,NA,NA,NA,"SC3",NA,NA,"UNDEFINED","pellets","pellets","polystyrene",5,NA,NA
"179",32024,32024,"AW_21_01","2021-06-15","Port of Antwerp (Vijfde Havendok)","MAC_W_029","Macroplastics (> 5 mm)","Water",7749,NA,144,45.0662,0.005815744,NA,NA,1,"1899-12-31 10:55:00","1899-12-31 11:00:00",NA,"MAC_W_029_187",NA,"Polystyrene",NA,NA,NA,NA,NA,NA,"Pellet","Port of Antwerp","Spotsampling","Vijfde Havendok","Port of Antwerp",NA,NA,NA,NA,"SC3",NA,NA,"UNDEFINED","pellets","pellets","polystyrene",5,NA,NA
"180",32025,32025,"AW_21_01","2021-06-15","Port of Antwerp (Vijfde Havendok)","MAC_W_029","Macroplastics (> 5 mm)","Water",7749,NA,144,45.0662,0.005815744,NA,NA,1,"1899-12-31 10:55:00","1899-12-31 11:00:00",NA,"MAC_W_029_188",NA,"Polystyrene",NA,NA,NA,NA,NA,NA,"Pellet","Port of Antwerp","Spotsampling","Vijfde Havendok","Port of Antwerp",NA,NA,NA,NA,"SC3",NA,NA,"UNDEFINED","pellets","pellets","polystyrene",5,NA,NA
"181",32026,32026,"AW_21_01","2021-06-15","Port of Antwerp (Vijfde Havendok)","MAC_W_029","Macroplastics (> 5 mm)","Water",7749,NA,144,45.0662,0.005815744,NA,NA,1,"1899-12-31 10:55:00","1899-12-31 11:00:00",NA,"MAC_W_029_189",NA,"Polystyrene",NA,NA,NA,NA,NA,NA,"Pellet","Port of Antwerp","Spotsampling","Vijfde Havendok","Port of Antwerp",NA,NA,NA,NA,"SC3",NA,NA,"UNDEFINED","pellets","pellets","polystyrene",5,NA,NA
"182",32027,32027,"AW_21_01","2021-06-15","Port of Antwerp (Vijfde Havendok)","MAC_W_029","Macroplastics (> 5 mm)","Water",7749,NA,144,45.0662,0.005815744,NA,NA,1,"1899-12-31 10:55:00","1899-12-31 11:00:00",NA,"MAC_W_029_19",NA,"Polyether urethane-polypropylene oxide - methylene",78.39,15.01,8.85,15.01,12,"YELLOW","Foam","Port of Antwerp","Spotsampling","Vijfde Havendok","Port of Antwerp",1.69604519774011,5.21802131912059,0.452734788887944,"Non-filaments","SC5","opaque","YELLOW","YELLOW","foams","foams","polyether urethane-polypropylene oxide - methylene",5,NA,NA
"183",32028,32028,"AW_21_01","2021-06-15","Port of Antwerp (Vijfde Havendok)","MAC_W_029","Macroplastics (> 5 mm)","Water",7749,NA,144,45.0662,0.005815744,NA,NA,1,"1899-12-31 10:55:00","1899-12-31 11:00:00",NA,"MAC_W_029_190",NA,"Polystyrene",NA,NA,NA,NA,NA,NA,"Pellet","Port of Antwerp","Spotsampling","Vijfde Havendok","Port of Antwerp",NA,NA,NA,NA,"SC3",NA,NA,"UNDEFINED","pellets","pellets","polystyrene",5,NA,NA
"184",32029,32029,"AW_21_01","2021-06-15","Port of Antwerp (Vijfde Havendok)","MAC_W_029","Macroplastics (> 5 mm)","Water",7749,NA,144,45.0662,0.005815744,NA,NA,1,"1899-12-31 10:55:00","1899-12-31 11:00:00",NA,"MAC_W_029_191",NA,"Polystyrene",NA,NA,NA,NA,NA,NA,"Pellet","Port of Antwerp","Spotsampling","Vijfde Havendok","Port of Antwerp",NA,NA,NA,NA,"SC3",NA,NA,"UNDEFINED","pellets","pellets","polystyrene",5,NA,NA
"185",32030,32030,"AW_21_01","2021-06-15","Port of Antwerp (Vijfde Havendok)","MAC_W_029","Macroplastics (> 5 mm)","Water",7749,NA,144,45.0662,0.005815744,NA,NA,1,"1899-12-31 10:55:00","1899-12-31 11:00:00",NA,"MAC_W_029_192",NA,"Polystyrene",NA,NA,NA,NA,NA,NA,"Pellet","Port of Antwerp","Spotsampling","Vijfde Havendok","Port of Antwerp",NA,NA,NA,NA,"SC3",NA,NA,"UNDEFINED","pellets","pellets","polystyrene",5,NA,NA
"186",32031,32031,"AW_21_01","2021-06-15","Port of Antwerp (Vijfde Havendok)","MAC_W_029","Macroplastics (> 5 mm)","Water",7749,NA,144,45.0662,0.005815744,NA,NA,1,"1899-12-31 10:55:00","1899-12-31 11:00:00",NA,"MAC_W_029_193",NA,"Polystyrene",NA,NA,NA,NA,NA,NA,"Pellet","Port of Antwerp","Spotsampling","Vijfde Havendok","Port of Antwerp",NA,NA,NA,NA,"SC3",NA,NA,"UNDEFINED","pellets","pellets","polystyrene",5,NA,NA
"187",32032,32032,"AW_21_01","2021-06-15","Port of Antwerp (Vijfde Havendok)","MAC_W_029","Macroplastics (> 5 mm)","Water",7749,NA,144,45.0662,0.005815744,NA,NA,1,"1899-12-31 10:55:00","1899-12-31 11:00:00",NA,"MAC_W_029_194",NA,"Polystyrene",NA,NA,NA,NA,NA,NA,"Pellet","Port of Antwerp","Spotsampling","Vijfde Havendok","Port of Antwerp",NA,NA,NA,NA,"SC3",NA,NA,"UNDEFINED","pellets","pellets","polystyrene",5,NA,NA
"188",32033,32033,"AW_21_01","2021-06-15","Port of Antwerp (Vijfde Havendok)","MAC_W_029","Macroplastics (> 5 mm)","Water",7749,NA,144,45.0662,0.005815744,NA,NA,1,"1899-12-31 10:55:00","1899-12-31 11:00:00",NA,"MAC_W_029_195",NA,"Polystyrene",NA,NA,NA,NA,NA,NA,"Pellet","Port of Antwerp","Spotsampling","Vijfde Havendok","Port of Antwerp",NA,NA,NA,NA,"SC3",NA,NA,"UNDEFINED","pellets","pellets","polystyrene",5,NA,NA
"189",32034,32034,"AW_21_01","2021-06-15","Port of Antwerp (Vijfde Havendok)","MAC_W_029","Macroplastics (> 5 mm)","Water",7749,NA,144,45.0662,0.005815744,NA,NA,1,"1899-12-31 10:55:00","1899-12-31 11:00:00",NA,"MAC_W_029_196",NA,"Polystyrene",NA,NA,NA,NA,NA,NA,"Pellet","Port of Antwerp","Spotsampling","Vijfde Havendok","Port of Antwerp",NA,NA,NA,NA,"SC3",NA,NA,"UNDEFINED","pellets","pellets","polystyrene",5,NA,NA
"190",32035,32035,"AW_21_01","2021-06-15","Port of Antwerp (Vijfde Havendok)","MAC_W_029","Macroplastics (> 5 mm)","Water",7749,NA,144,45.0662,0.005815744,NA,NA,1,"1899-12-31 10:55:00","1899-12-31 11:00:00",NA,"MAC_W_029_197",NA,"Polystyrene",NA,NA,NA,NA,NA,NA,"Pellet","Port of Antwerp","Spotsampling","Vijfde Havendok","Port of Antwerp",NA,NA,NA,NA,"SC3",NA,NA,"UNDEFINED","pellets","pellets","polystyrene",5,NA,NA
"191",32036,32036,"AW_21_01","2021-06-15","Port of Antwerp (Vijfde Havendok)","MAC_W_029","Macroplastics (> 5 mm)","Water",7749,NA,144,45.0662,0.005815744,NA,NA,1,"1899-12-31 10:55:00","1899-12-31 11:00:00",NA,"MAC_W_029_198",NA,"Polystyrene",NA,NA,NA,NA,NA,NA,"Pellet","Port of Antwerp","Spotsampling","Vijfde Havendok","Port of Antwerp",NA,NA,NA,NA,"SC3",NA,NA,"UNDEFINED","pellets","pellets","polystyrene",5,NA,NA
"192",32037,32037,"AW_21_01","2021-06-15","Port of Antwerp (Vijfde Havendok)","MAC_W_029","Macroplastics (> 5 mm)","Water",7749,NA,144,45.0662,0.005815744,NA,NA,1,"1899-12-31 10:55:00","1899-12-31 11:00:00",NA,"MAC_W_029_199",NA,"Polystyrene",NA,NA,NA,NA,NA,NA,"Pellet","Port of Antwerp","Spotsampling","Vijfde Havendok","Port of Antwerp",NA,NA,NA,NA,"SC3",NA,NA,"UNDEFINED","pellets","pellets","polystyrene",5,NA,NA
"193",32038,32038,"AW_21_01","2021-06-15","Port of Antwerp (Vijfde Havendok)","MAC_W_029","Macroplastics (> 5 mm)","Water",7749,NA,144,45.0662,0.005815744,NA,NA,1,"1899-12-31 10:55:00","1899-12-31 11:00:00",NA,"MAC_W_029_2",NA,"Polypropyleen",85.74,100.83,49.4,100.83,8255,"TRANSPARENT","Hard plastic","Port of Antwerp","Spotsampling","Vijfde Havendok","Port of Antwerp",2.04109311740891,24.2027174452048,0.342930231463929,"Non-filaments","SC7","transparent/translucent","COLOURLESS","COLOURLESS","fragments","fragments","polypropylene",5,NA,NA
"194",32039,32039,"AW_21_01","2021-06-15","Port of Antwerp (Vijfde Havendok)","MAC_W_029","Macroplastics (> 5 mm)","Water",7749,NA,144,45.0662,0.005815744,NA,NA,1,"1899-12-31 10:55:00","1899-12-31 11:00:00",NA,"MAC_W_029_20",NA,"Polyether urethane-polypropylene oxide - methylene",73.21,9.86,7.225,9.86,10,"YELLOW","Foam","Port of Antwerp","Spotsampling","Vijfde Havendok","Port of Antwerp",1.36470588235294,5.29418103448276,0.627251061189682,"Non-filaments","SC4","opaque","YELLOW","YELLOW","foams","foams","polyether urethane-polypropylene oxide - methylene",5,NA,NA
"195",32040,32040,"AW_21_01","2021-06-15","Port of Antwerp (Vijfde Havendok)","MAC_W_029","Macroplastics (> 5 mm)","Water",7749,NA,144,45.0662,0.005815744,NA,NA,1,"1899-12-31 10:55:00","1899-12-31 11:00:00",NA,"MAC_W_029_200",NA,"Polystyrene",NA,NA,NA,NA,NA,NA,"Pellet","Port of Antwerp","Spotsampling","Vijfde Havendok","Port of Antwerp",NA,NA,NA,NA,"SC3",NA,NA,"UNDEFINED","pellets","pellets","polystyrene",5,NA,NA
"196",32041,32041,"AW_21_01","2021-06-15","Port of Antwerp (Vijfde Havendok)","MAC_W_029","Macroplastics (> 5 mm)","Water",7749,NA,144,45.0662,0.005815744,NA,NA,1,"1899-12-31 10:55:00","1899-12-31 11:00:00",NA,"MAC_W_029_201",NA,"Polystyrene",NA,NA,NA,NA,NA,NA,"Pellet","Port of Antwerp","Spotsampling","Vijfde Havendok","Port of Antwerp",NA,NA,NA,NA,"SC3",NA,NA,"UNDEFINED","pellets","pellets","polystyrene",5,NA,NA
"197",32042,32042,"AW_21_01","2021-06-15","Port of Antwerp (Vijfde Havendok)","MAC_W_029","Macroplastics (> 5 mm)","Water",7749,NA,144,45.0662,0.005815744,NA,NA,1,"1899-12-31 10:55:00","1899-12-31 11:00:00",NA,"MAC_W_029_202",NA,"Polystyrene",NA,NA,NA,NA,NA,NA,"Pellet","Port of Antwerp","Spotsampling","Vijfde Havendok","Port of Antwerp",NA,NA,NA,NA,"SC3",NA,NA,"UNDEFINED","pellets","pellets","polystyrene",5,NA,NA
"198",32043,32043,"AW_21_01","2021-06-15","Port of Antwerp (Vijfde Havendok)","MAC_W_029","Macroplastics (> 5 mm)","Water",7749,NA,144,45.0662,0.005815744,NA,NA,1,"1899-12-31 10:55:00","1899-12-31 11:00:00",NA,"MAC_W_029_203",NA,"Polystyrene",NA,NA,NA,NA,NA,NA,"Pellet","Port of Antwerp","Spotsampling","Vijfde Havendok","Port of Antwerp",NA,NA,NA,NA,"SC3",NA,NA,"UNDEFINED","pellets","pellets","polystyrene",5,NA,NA
"199",32044,32044,"AW_21_01","2021-06-15","Port of Antwerp (Vijfde Havendok)","MAC_W_029","Macroplastics (> 5 mm)","Water",7749,NA,144,45.0662,0.005815744,NA,NA,1,"1899-12-31 10:55:00","1899-12-31 11:00:00",NA,"MAC_W_029_204",NA,"Polystyrene",NA,NA,NA,NA,NA,NA,"Pellet","Port of Antwerp","Spotsampling","Vijfde Havendok","Port of Antwerp",NA,NA,NA,NA,"SC3",NA,NA,"UNDEFINED","pellets","pellets","polystyrene",5,NA,NA
"200",32045,32045,"AW_21_01","2021-06-15","Port of Antwerp (Vijfde Havendok)","MAC_W_029","Macroplastics (> 5 mm)","Water",7749,NA,144,45.0662,0.005815744,NA,NA,1,"1899-12-31 10:55:00","1899-12-31 11:00:00",NA,"MAC_W_029_205",NA,"Polystyrene",NA,NA,NA,NA,NA,NA,"Pellet","Port of Antwerp","Spotsampling","Vijfde Havendok","Port of Antwerp",NA,NA,NA,NA,"SC3",NA,NA,"UNDEFINED","pellets","pellets","polystyrene",5,NA,NA
"201",32046,32046,"AW_21_01","2021-06-15","Port of Antwerp (Vijfde Havendok)","MAC_W_029","Macroplastics (> 5 mm)","Water",7749,NA,144,45.0662,0.005815744,NA,NA,1,"1899-12-31 10:55:00","1899-12-31 11:00:00",NA,"MAC_W_029_206",NA,"Polystyrene",NA,NA,NA,NA,NA,NA,"Pellet","Port of Antwerp","Spotsampling","Vijfde Havendok","Port of Antwerp",NA,NA,NA,NA,"SC3",NA,NA,"UNDEFINED","pellets","pellets","polystyrene",5,NA,NA
"202",32047,32047,"AW_21_01","2021-06-15","Port of Antwerp (Vijfde Havendok)","MAC_W_029","Macroplastics (> 5 mm)","Water",7749,NA,144,45.0662,0.005815744,NA,NA,1,"1899-12-31 10:55:00","1899-12-31 11:00:00",NA,"MAC_W_029_207",NA,"Polystyrene",NA,NA,NA,NA,NA,NA,"Pellet","Port of Antwerp","Spotsampling","Vijfde Havendok","Port of Antwerp",NA,NA,NA,NA,"SC3",NA,NA,"UNDEFINED","pellets","pellets","polystyrene",5,NA,NA
"203",32048,32048,"AW_21_01","2021-06-15","Port of Antwerp (Vijfde Havendok)","MAC_W_029","Macroplastics (> 5 mm)","Water",7749,NA,144,45.0662,0.005815744,NA,NA,1,"1899-12-31 10:55:00","1899-12-31 11:00:00",NA,"MAC_W_029_208",NA,"Polystyrene",NA,NA,NA,NA,NA,NA,"Pellet","Port of Antwerp","Spotsampling","Vijfde Havendok","Port of Antwerp",NA,NA,NA,NA,"SC3",NA,NA,"UNDEFINED","pellets","pellets","polystyrene",5,NA,NA
"204",32049,32049,"AW_21_01","2021-06-15","Port of Antwerp (Vijfde Havendok)","MAC_W_029","Macroplastics (> 5 mm)","Water",7749,NA,144,45.0662,0.005815744,NA,NA,1,"1899-12-31 10:55:00","1899-12-31 11:00:00",NA,"MAC_W_029_209",NA,"Polystyrene",NA,NA,NA,NA,NA,NA,"Pellet","Port of Antwerp","Spotsampling","Vijfde Havendok","Port of Antwerp",NA,NA,NA,NA,"SC3",NA,NA,"UNDEFINED","pellets","pellets","polystyrene",5,NA,NA
"205",32050,32050,"AW_21_01","2021-06-15","Port of Antwerp (Vijfde Havendok)","MAC_W_029","Macroplastics (> 5 mm)","Water",7749,NA,144,45.0662,0.005815744,NA,NA,1,"1899-12-31 10:55:00","1899-12-31 11:00:00",NA,"MAC_W_029_21",NA,"Polyether urethane-polypropylene oxide - methylene",77.98,10.28,7.06,10.28,8,"YELLOW","Foam","Port of Antwerp","Spotsampling","Vijfde Havendok","Port of Antwerp",1.45609065155807,4.84859922178988,0.569137732916758,"Non-filaments","SC4","opaque","YELLOW","YELLOW","foams","foams","polyether urethane-polypropylene oxide - methylene",5,NA,NA
"206",32051,32051,"AW_21_01","2021-06-15","Port of Antwerp (Vijfde Havendok)","MAC_W_029","Macroplastics (> 5 mm)","Water",7749,NA,144,45.0662,0.005815744,NA,NA,1,"1899-12-31 10:55:00","1899-12-31 11:00:00",NA,"MAC_W_029_210",NA,"Polystyrene",NA,NA,NA,NA,NA,NA,"Pellet","Port of Antwerp","Spotsampling","Vijfde Havendok","Port of Antwerp",NA,NA,NA,NA,"SC3",NA,NA,"UNDEFINED","pellets","pellets","polystyrene",5,NA,NA
"207",32052,32052,"AW_21_01","2021-06-15","Port of Antwerp (Vijfde Havendok)","MAC_W_029","Macroplastics (> 5 mm)","Water",7749,NA,144,45.0662,0.005815744,NA,NA,1,"1899-12-31 10:55:00","1899-12-31 11:00:00",NA,"MAC_W_029_211",NA,"Polystyrene",NA,NA,NA,NA,NA,NA,"Pellet","Port of Antwerp","Spotsampling","Vijfde Havendok","Port of Antwerp",NA,NA,NA,NA,"SC3",NA,NA,"UNDEFINED","pellets","pellets","polystyrene",5,NA,NA
"208",32053,32053,"AW_21_01","2021-06-15","Port of Antwerp (Vijfde Havendok)","MAC_W_029","Macroplastics (> 5 mm)","Water",7749,NA,144,45.0662,0.005815744,NA,NA,1,"1899-12-31 10:55:00","1899-12-31 11:00:00",NA,"MAC_W_029_212",NA,"Polystyrene",NA,NA,NA,NA,NA,NA,"Pellet","Port of Antwerp","Spotsampling","Vijfde Havendok","Port of Antwerp",NA,NA,NA,NA,"SC3",NA,NA,"UNDEFINED","pellets","pellets","polystyrene",5,NA,NA
"209",32054,32054,"AW_21_01","2021-06-15","Port of Antwerp (Vijfde Havendok)","MAC_W_029","Macroplastics (> 5 mm)","Water",7749,NA,144,45.0662,0.005815744,NA,NA,1,"1899-12-31 10:55:00","1899-12-31 11:00:00",NA,"MAC_W_029_213",NA,"Polystyrene",NA,NA,NA,NA,NA,NA,"Pellet","Port of Antwerp","Spotsampling","Vijfde Havendok","Port of Antwerp",NA,NA,NA,NA,"SC3",NA,NA,"UNDEFINED","pellets","pellets","polystyrene",5,NA,NA
"210",32055,32055,"AW_21_01","2021-06-15","Port of Antwerp (Vijfde Havendok)","MAC_W_029","Macroplastics (> 5 mm)","Water",7749,NA,144,45.0662,0.005815744,NA,NA,1,"1899-12-31 10:55:00","1899-12-31 11:00:00",NA,"MAC_W_029_214",NA,"Polystyrene",NA,NA,NA,NA,NA,NA,"Pellet","Port of Antwerp","Spotsampling","Vijfde Havendok","Port of Antwerp",NA,NA,NA,NA,"SC3",NA,NA,"UNDEFINED","pellets","pellets","polystyrene",5,NA,NA
"211",32056,32056,"AW_21_01","2021-06-15","Port of Antwerp (Vijfde Havendok)","MAC_W_029","Macroplastics (> 5 mm)","Water",7749,NA,144,45.0662,0.005815744,NA,NA,1,"1899-12-31 10:55:00","1899-12-31 11:00:00",NA,"MAC_W_029_215",NA,"Polystyrene",NA,NA,NA,NA,NA,NA,"Pellet","Port of Antwerp","Spotsampling","Vijfde Havendok","Port of Antwerp",NA,NA,NA,NA,"SC3",NA,NA,"UNDEFINED","pellets","pellets","polystyrene",5,NA,NA
"212",32057,32057,"AW_21_01","2021-06-15","Port of Antwerp (Vijfde Havendok)","MAC_W_029","Macroplastics (> 5 mm)","Water",7749,NA,144,45.0662,0.005815744,NA,NA,1,"1899-12-31 10:55:00","1899-12-31 11:00:00",NA,"MAC_W_029_216",NA,"Polystyrene",NA,NA,NA,NA,NA,NA,"Pellet","Port of Antwerp","Spotsampling","Vijfde Havendok","Port of Antwerp",NA,NA,NA,NA,"SC3",NA,NA,"UNDEFINED","pellets","pellets","polystyrene",5,NA,NA
"213",32058,32058,"AW_21_01","2021-06-15","Port of Antwerp (Vijfde Havendok)","MAC_W_029","Macroplastics (> 5 mm)","Water",7749,NA,144,45.0662,0.005815744,NA,NA,1,"1899-12-31 10:55:00","1899-12-31 11:00:00",NA,"MAC_W_029_217",NA,"Polystyrene",NA,NA,NA,NA,NA,NA,"Pellet","Port of Antwerp","Spotsampling","Vijfde Havendok","Port of Antwerp",NA,NA,NA,NA,"SC3",NA,NA,"UNDEFINED","pellets","pellets","polystyrene",5,NA,NA
"214",32059,32059,"AW_21_01","2021-06-15","Port of Antwerp (Vijfde Havendok)","MAC_W_029","Macroplastics (> 5 mm)","Water",7749,NA,144,45.0662,0.005815744,NA,NA,1,"1899-12-31 10:55:00","1899-12-31 11:00:00",NA,"MAC_W_029_218",NA,"Polystyrene",NA,NA,NA,NA,NA,NA,"Pellet","Port of Antwerp","Spotsampling","Vijfde Havendok","Port of Antwerp",NA,NA,NA,NA,"SC3",NA,NA,"UNDEFINED","pellets","pellets","polystyrene",5,NA,NA
"215",32060,32060,"AW_21_01","2021-06-15","Port of Antwerp (Vijfde Havendok)","MAC_W_029","Macroplastics (> 5 mm)","Water",7749,NA,144,45.0662,0.005815744,NA,NA,1,"1899-12-31 10:55:00","1899-12-31 11:00:00",NA,"MAC_W_029_219",NA,"Polystyrene",NA,NA,NA,NA,NA,NA,"Pellet","Port of Antwerp","Spotsampling","Vijfde Havendok","Port of Antwerp",NA,NA,NA,NA,"SC3",NA,NA,"UNDEFINED","pellets","pellets","polystyrene",5,NA,NA
"216",32061,32061,"AW_21_01","2021-06-15","Port of Antwerp (Vijfde Havendok)","MAC_W_029","Macroplastics (> 5 mm)","Water",7749,NA,144,45.0662,0.005815744,NA,NA,1,"1899-12-31 10:55:00","1899-12-31 11:00:00",NA,"MAC_W_029_22",NA,"Polyether urethane-polypropylene oxide - methylene",81.23,9.2,10.365,10.365,5,"YELLOW","Foam","Port of Antwerp","Spotsampling","Vijfde Havendok","Port of Antwerp",0.887602508441872,11.6775244565217,1.19583763873749,"Non-filaments","SC4","opaque","YELLOW","YELLOW","foams","foams","polyether urethane-polypropylene oxide - methylene",5,NA,NA
"217",32062,32062,"AW_21_01","2021-06-15","Port of Antwerp (Vijfde Havendok)","MAC_W_029","Macroplastics (> 5 mm)","Water",7749,NA,144,45.0662,0.005815744,NA,NA,1,"1899-12-31 10:55:00","1899-12-31 11:00:00",NA,"MAC_W_029_220",NA,"Polystyrene",NA,NA,NA,NA,NA,NA,"Pellet","Port of Antwerp","Spotsampling","Vijfde Havendok","Port of Antwerp",NA,NA,NA,NA,"SC3",NA,NA,"UNDEFINED","pellets","pellets","polystyrene",5,NA,NA
"218",32063,32063,"AW_21_01","2021-06-15","Port of Antwerp (Vijfde Havendok)","MAC_W_029","Macroplastics (> 5 mm)","Water",7749,NA,144,45.0662,0.005815744,NA,NA,1,"1899-12-31 10:55:00","1899-12-31 11:00:00",NA,"MAC_W_029_221",NA,"Polystyrene",NA,NA,NA,NA,NA,NA,"Pellet","Port of Antwerp","Spotsampling","Vijfde Havendok","Port of Antwerp",NA,NA,NA,NA,"SC3",NA,NA,"UNDEFINED","pellets","pellets","polystyrene",5,NA,NA
"219",32064,32064,"AW_21_01","2021-06-15","Port of Antwerp (Vijfde Havendok)","MAC_W_029","Macroplastics (> 5 mm)","Water",7749,NA,144,45.0662,0.005815744,NA,NA,1,"1899-12-31 10:55:00","1899-12-31 11:00:00",NA,"MAC_W_029_222",NA,"Polystyrene",NA,NA,NA,NA,NA,NA,"Pellet","Port of Antwerp","Spotsampling","Vijfde Havendok","Port of Antwerp",NA,NA,NA,NA,"SC3",NA,NA,"UNDEFINED","pellets","pellets","polystyrene",5,NA,NA
"220",32065,32065,"AW_21_01","2021-06-15","Port of Antwerp (Vijfde Havendok)","MAC_W_029","Macroplastics (> 5 mm)","Water",7749,NA,144,45.0662,0.005815744,NA,NA,1,"1899-12-31 10:55:00","1899-12-31 11:00:00",NA,"MAC_W_029_223",NA,"Polystyrene",NA,NA,NA,NA,NA,NA,"Pellet","Port of Antwerp","Spotsampling","Vijfde Havendok","Port of Antwerp",NA,NA,NA,NA,"SC3",NA,NA,"UNDEFINED","pellets","pellets","polystyrene",5,NA,NA
"221",32066,32066,"AW_21_01","2021-06-15","Port of Antwerp (Vijfde Havendok)","MAC_W_029","Macroplastics (> 5 mm)","Water",7749,NA,144,45.0662,0.005815744,NA,NA,1,"1899-12-31 10:55:00","1899-12-31 11:00:00",NA,"MAC_W_029_224",NA,"Polystyrene",NA,NA,NA,NA,NA,NA,"Pellet","Port of Antwerp","Spotsampling","Vijfde Havendok","Port of Antwerp",NA,NA,NA,NA,"SC3",NA,NA,"UNDEFINED","pellets","pellets","polystyrene",5,NA,NA
"222",32067,32067,"AW_21_01","2021-06-15","Port of Antwerp (Vijfde Havendok)","MAC_W_029","Macroplastics (> 5 mm)","Water",7749,NA,144,45.0662,0.005815744,NA,NA,1,"1899-12-31 10:55:00","1899-12-31 11:00:00",NA,"MAC_W_029_225",NA,"Polystyrene",NA,NA,NA,NA,NA,NA,"Pellet","Port of Antwerp","Spotsampling","Vijfde Havendok","Port of Antwerp",NA,NA,NA,NA,"SC3",NA,NA,"UNDEFINED","pellets","pellets","polystyrene",5,NA,NA
"223",32068,32068,"AW_21_01","2021-06-15","Port of Antwerp (Vijfde Havendok)","MAC_W_029","Macroplastics (> 5 mm)","Water",7749,NA,144,45.0662,0.005815744,NA,NA,1,"1899-12-31 10:55:00","1899-12-31 11:00:00",NA,"MAC_W_029_226",NA,"Polystyrene",NA,NA,NA,NA,NA,NA,"Pellet","Port of Antwerp","Spotsampling","Vijfde Havendok","Port of Antwerp",NA,NA,NA,NA,"SC3",NA,NA,"UNDEFINED","pellets","pellets","polystyrene",5,NA,NA
"224",32069,32069,"AW_21_01","2021-06-15","Port of Antwerp (Vijfde Havendok)","MAC_W_029","Macroplastics (> 5 mm)","Water",7749,NA,144,45.0662,0.005815744,NA,NA,1,"1899-12-31 10:55:00","1899-12-31 11:00:00",NA,"MAC_W_029_227",NA,"Polystyrene",NA,NA,NA,NA,NA,NA,"Pellet","Port of Antwerp","Spotsampling","Vijfde Havendok","Port of Antwerp",NA,NA,NA,NA,"SC3",NA,NA,"UNDEFINED","pellets","pellets","polystyrene",5,NA,NA
"225",32070,32070,"AW_21_01","2021-06-15","Port of Antwerp (Vijfde Havendok)","MAC_W_029","Macroplastics (> 5 mm)","Water",7749,NA,144,45.0662,0.005815744,NA,NA,1,"1899-12-31 10:55:00","1899-12-31 11:00:00",NA,"MAC_W_029_228",NA,"Polystyrene",NA,NA,NA,NA,NA,NA,"Pellet","Port of Antwerp","Spotsampling","Vijfde Havendok","Port of Antwerp",NA,NA,NA,NA,"SC3",NA,NA,"UNDEFINED","pellets","pellets","polystyrene",5,NA,NA
"226",32071,32071,"AW_21_01","2021-06-15","Port of Antwerp (Vijfde Havendok)","MAC_W_029","Macroplastics (> 5 mm)","Water",7749,NA,144,45.0662,0.005815744,NA,NA,1,"1899-12-31 10:55:00","1899-12-31 11:00:00",NA,"MAC_W_029_229",NA,"Polystyrene",NA,NA,NA,NA,NA,NA,"Pellet","Port of Antwerp","Spotsampling","Vijfde Havendok","Port of Antwerp",NA,NA,NA,NA,"SC3",NA,NA,"UNDEFINED","pellets","pellets","polystyrene",5,NA,NA
"227",32072,32072,"AW_21_01","2021-06-15","Port of Antwerp (Vijfde Havendok)","MAC_W_029","Macroplastics (> 5 mm)","Water",7749,NA,144,45.0662,0.005815744,NA,NA,1,"1899-12-31 10:55:00","1899-12-31 11:00:00",NA,"MAC_W_029_23",NA,"Polystyreen",76.85,57.81,29.61,57.81,177,"YELLOW","Foam","Port of Antwerp","Spotsampling","Vijfde Havendok","Port of Antwerp",1.95238095238095,15.1660975609756,0.366566824239792,"Non-filaments","SC6","opaque","YELLOW","YELLOW","foams","foams","polystyrene",5,NA,NA
"228",32073,32073,"AW_21_01","2021-06-15","Port of Antwerp (Vijfde Havendok)","MAC_W_029","Macroplastics (> 5 mm)","Water",7749,NA,144,45.0662,0.005815744,NA,NA,1,"1899-12-31 10:55:00","1899-12-31 11:00:00",NA,"MAC_W_029_230",NA,"Polystyrene",NA,NA,NA,NA,NA,NA,"Pellet","Port of Antwerp","Spotsampling","Vijfde Havendok","Port of Antwerp",NA,NA,NA,NA,"SC3",NA,NA,"UNDEFINED","pellets","pellets","polystyrene",5,NA,NA
"229",32074,32074,"AW_21_01","2021-06-15","Port of Antwerp (Vijfde Havendok)","MAC_W_029","Macroplastics (> 5 mm)","Water",7749,NA,144,45.0662,0.005815744,NA,NA,1,"1899-12-31 10:55:00","1899-12-31 11:00:00",NA,"MAC_W_029_231",NA,"Polystyrene",NA,NA,NA,NA,NA,NA,"Pellet","Port of Antwerp","Spotsampling","Vijfde Havendok","Port of Antwerp",NA,NA,NA,NA,"SC3",NA,NA,"UNDEFINED","pellets","pellets","polystyrene",5,NA,NA
"230",32075,32075,"AW_21_01","2021-06-15","Port of Antwerp (Vijfde Havendok)","MAC_W_029","Macroplastics (> 5 mm)","Water",7749,NA,144,45.0662,0.005815744,NA,NA,1,"1899-12-31 10:55:00","1899-12-31 11:00:00",NA,"MAC_W_029_232",NA,"Polystyrene",NA,NA,NA,NA,NA,NA,"Pellet","Port of Antwerp","Spotsampling","Vijfde Havendok","Port of Antwerp",NA,NA,NA,NA,"SC3",NA,NA,"UNDEFINED","pellets","pellets","polystyrene",5,NA,NA
"231",32076,32076,"AW_21_01","2021-06-15","Port of Antwerp (Vijfde Havendok)","MAC_W_029","Macroplastics (> 5 mm)","Water",7749,NA,144,45.0662,0.005815744,NA,NA,1,"1899-12-31 10:55:00","1899-12-31 11:00:00",NA,"MAC_W_029_233",NA,"Polystyrene",NA,NA,NA,NA,NA,NA,"Pellet","Port of Antwerp","Spotsampling","Vijfde Havendok","Port of Antwerp",NA,NA,NA,NA,"SC3",NA,NA,"UNDEFINED","pellets","pellets","polystyrene",5,NA,NA
"232",32077,32077,"AW_21_01","2021-06-15","Port of Antwerp (Vijfde Havendok)","MAC_W_029","Macroplastics (> 5 mm)","Water",7749,NA,144,45.0662,0.005815744,NA,NA,1,"1899-12-31 10:55:00","1899-12-31 11:00:00",NA,"MAC_W_029_234",NA,"Polystyrene",NA,NA,NA,NA,NA,NA,"Pellet","Port of Antwerp","Spotsampling","Vijfde Havendok","Port of Antwerp",NA,NA,NA,NA,"SC3",NA,NA,"UNDEFINED","pellets","pellets","polystyrene",5,NA,NA
"233",32078,32078,"AW_21_01","2021-06-15","Port of Antwerp (Vijfde Havendok)","MAC_W_029","Macroplastics (> 5 mm)","Water",7749,NA,144,45.0662,0.005815744,NA,NA,1,"1899-12-31 10:55:00","1899-12-31 11:00:00",NA,"MAC_W_029_235",NA,"Polystyrene",NA,NA,NA,NA,NA,NA,"Pellet","Port of Antwerp","Spotsampling","Vijfde Havendok","Port of Antwerp",NA,NA,NA,NA,"SC3",NA,NA,"UNDEFINED","pellets","pellets","polystyrene",5,NA,NA
"234",32079,32079,"AW_21_01","2021-06-15","Port of Antwerp (Vijfde Havendok)","MAC_W_029","Macroplastics (> 5 mm)","Water",7749,NA,144,45.0662,0.005815744,NA,NA,1,"1899-12-31 10:55:00","1899-12-31 11:00:00",NA,"MAC_W_029_236",NA,"Polystyrene",NA,NA,NA,NA,NA,NA,"Pellet","Port of Antwerp","Spotsampling","Vijfde Havendok","Port of Antwerp",NA,NA,NA,NA,"SC3",NA,NA,"UNDEFINED","pellets","pellets","polystyrene",5,NA,NA
"235",32080,32080,"AW_21_01","2021-06-15","Port of Antwerp (Vijfde Havendok)","MAC_W_029","Macroplastics (> 5 mm)","Water",7749,NA,144,45.0662,0.005815744,NA,NA,1,"1899-12-31 10:55:00","1899-12-31 11:00:00",NA,"MAC_W_029_237",NA,"Polystyrene",NA,NA,NA,NA,NA,NA,"Pellet","Port of Antwerp","Spotsampling","Vijfde Havendok","Port of Antwerp",NA,NA,NA,NA,"SC3",NA,NA,"UNDEFINED","pellets","pellets","polystyrene",5,NA,NA
"236",32081,32081,"AW_21_01","2021-06-15","Port of Antwerp (Vijfde Havendok)","MAC_W_029","Macroplastics (> 5 mm)","Water",7749,NA,144,45.0662,0.005815744,NA,NA,1,"1899-12-31 10:55:00","1899-12-31 11:00:00",NA,"MAC_W_029_238",NA,"Polystyrene",NA,NA,NA,NA,NA,NA,"Pellet","Port of Antwerp","Spotsampling","Vijfde Havendok","Port of Antwerp",NA,NA,NA,NA,"SC3",NA,NA,"UNDEFINED","pellets","pellets","polystyrene",5,NA,NA
"237",32082,32082,"AW_21_01","2021-06-15","Port of Antwerp (Vijfde Havendok)","MAC_W_029","Macroplastics (> 5 mm)","Water",7749,NA,144,45.0662,0.005815744,NA,NA,1,"1899-12-31 10:55:00","1899-12-31 11:00:00",NA,"MAC_W_029_239",NA,"Polystyrene",NA,NA,NA,NA,NA,NA,"Pellet","Port of Antwerp","Spotsampling","Vijfde Havendok","Port of Antwerp",NA,NA,NA,NA,"SC3",NA,NA,"UNDEFINED","pellets","pellets","polystyrene",5,NA,NA
"238",32083,32083,"AW_21_01","2021-06-15","Port of Antwerp (Vijfde Havendok)","MAC_W_029","Macroplastics (> 5 mm)","Water",7749,NA,144,45.0662,0.005815744,NA,NA,1,"1899-12-31 10:55:00","1899-12-31 11:00:00",NA,"MAC_W_029_24",NA,"Polypropyleen",84.57,33.645,12.065,33.645,1694,"BLACK","Hard plastic","Port of Antwerp","Spotsampling","Vijfde Havendok","Port of Antwerp",2.78864484044758,4.32647421607965,0.214738636111399,"Non-filaments","SC5","opaque","BLACK/GREY","BLACK/GREY","fragments","fragments","polypropylene",5,NA,NA
"239",32084,32084,"AW_21_01","2021-06-15","Port of Antwerp (Vijfde Havendok)","MAC_W_029","Macroplastics (> 5 mm)","Water",7749,NA,144,45.0662,0.005815744,NA,NA,1,"1899-12-31 10:55:00","1899-12-31 11:00:00",NA,"MAC_W_029_240",NA,"Polystyrene",NA,NA,NA,NA,NA,NA,"Pellet","Port of Antwerp","Spotsampling","Vijfde Havendok","Port of Antwerp",NA,NA,NA,NA,"SC3",NA,NA,"UNDEFINED","pellets","pellets","polystyrene",5,NA,NA
"240",32085,32085,"AW_21_01","2021-06-15","Port of Antwerp (Vijfde Havendok)","MAC_W_029","Macroplastics (> 5 mm)","Water",7749,NA,144,45.0662,0.005815744,NA,NA,1,"1899-12-31 10:55:00","1899-12-31 11:00:00",NA,"MAC_W_029_241",NA,"Polystyrene",NA,NA,NA,NA,NA,NA,"Pellet","Port of Antwerp","Spotsampling","Vijfde Havendok","Port of Antwerp",NA,NA,NA,NA,"SC3",NA,NA,"UNDEFINED","pellets","pellets","polystyrene",5,NA,NA
"241",32086,32086,"AW_21_01","2021-06-15","Port of Antwerp (Vijfde Havendok)","MAC_W_029","Macroplastics (> 5 mm)","Water",7749,NA,144,45.0662,0.005815744,NA,NA,1,"1899-12-31 10:55:00","1899-12-31 11:00:00",NA,"MAC_W_029_242",NA,"Polystyrene",NA,NA,NA,NA,NA,NA,"Pellet","Port of Antwerp","Spotsampling","Vijfde Havendok","Port of Antwerp",NA,NA,NA,NA,"SC3",NA,NA,"UNDEFINED","pellets","pellets","polystyrene",5,NA,NA
"242",32087,32087,"AW_21_01","2021-06-15","Port of Antwerp (Vijfde Havendok)","MAC_W_029","Macroplastics (> 5 mm)","Water",7749,NA,144,45.0662,0.005815744,NA,NA,1,"1899-12-31 10:55:00","1899-12-31 11:00:00",NA,"MAC_W_029_243",NA,"Polystyrene",NA,NA,NA,NA,NA,NA,"Pellet","Port of Antwerp","Spotsampling","Vijfde Havendok","Port of Antwerp",NA,NA,NA,NA,"SC3",NA,NA,"UNDEFINED","pellets","pellets","polystyrene",5,NA,NA
"243",32088,32088,"AW_21_01","2021-06-15","Port of Antwerp (Vijfde Havendok)","MAC_W_029","Macroplastics (> 5 mm)","Water",7749,NA,144,45.0662,0.005815744,NA,NA,1,"1899-12-31 10:55:00","1899-12-31 11:00:00",NA,"MAC_W_029_244",NA,"Polystyrene",NA,NA,NA,NA,NA,NA,"Pellet","Port of Antwerp","Spotsampling","Vijfde Havendok","Port of Antwerp",NA,NA,NA,NA,"SC3",NA,NA,"UNDEFINED","pellets","pellets","polystyrene",5,NA,NA
"244",32089,32089,"AW_21_01","2021-06-15","Port of Antwerp (Vijfde Havendok)","MAC_W_029","Macroplastics (> 5 mm)","Water",7749,NA,144,45.0662,0.005815744,NA,NA,1,"1899-12-31 10:55:00","1899-12-31 11:00:00",NA,"MAC_W_029_25",NA,"Polyethyleen",85.84,34.76,5.23,34.76,129,"BLACK","Hard plastic","Port of Antwerp","Spotsampling","Vijfde Havendok","Port of Antwerp",6.64627151051625,0.786907364787112,0.0583623649029065,"Non-filaments","SC5","opaque","BLACK/GREY","BLACK/GREY","fragments","fragments","polyethylene",5,NA,NA
"245",32090,32090,"AW_21_01","2021-06-15","Port of Antwerp (Vijfde Havendok)","MAC_W_029","Macroplastics (> 5 mm)","Water",7749,NA,144,45.0662,0.005815744,NA,NA,1,"1899-12-31 10:55:00","1899-12-31 11:00:00",NA,"MAC_W_029_26",NA,"Polyethyleen",94.7,24.3,1.5,24.3,37,"BLACK","Hard plastic","Port of Antwerp","Spotsampling","Vijfde Havendok","Port of Antwerp",16.2,0.0925925925925926,0.0153365430555541,"Non-filaments","SC5","opaque","BLACK/GREY","BLACK/GREY","fragments","fragments","polyethylene",5,NA,NA
"246",32091,32091,"AW_21_01","2021-06-15","Port of Antwerp (Vijfde Havendok)","MAC_W_029","Macroplastics (> 5 mm)","Water",7749,NA,144,45.0662,0.005815744,NA,NA,1,"1899-12-31 10:55:00","1899-12-31 11:00:00",NA,"MAC_W_029_27",NA,"Polyethyleen",90.61,17.595,8.485,17.595,141,"BLACK","Hard plastic","Port of Antwerp","Spotsampling","Vijfde Havendok","Port of Antwerp",2.0736593989393,4.09180022733731,0.334883587305148,"Non-filaments","SC5","opaque","BLACK/GREY","BLACK/GREY","fragments","fragments","polyethylene",5,NA,NA
"247",32092,32092,"AW_21_01","2021-06-15","Port of Antwerp (Vijfde Havendok)","MAC_W_029","Macroplastics (> 5 mm)","Water",7749,NA,144,45.0662,0.005815744,NA,NA,1,"1899-12-31 10:55:00","1899-12-31 11:00:00",NA,"MAC_W_029_28",NA,"Polyethyleen",87.02,7.495,5.81,7.495,24,"ORANGE","Hard plastic","Port of Antwerp","Spotsampling","Vijfde Havendok","Port of Antwerp",1.29001721170396,4.5038158772515,0.682506422960539,"Non-filaments","SC4","opaque","ORANGE","ORANGE/RED/PURPLE/PINK","fragments","fragments","polyethylene",5,NA,NA
"248",32093,32093,"AW_21_01","2021-06-15","Port of Antwerp (Vijfde Havendok)","MAC_W_029","Macroplastics (> 5 mm)","Water",7749,NA,144,45.0662,0.005815744,NA,NA,1,"1899-12-31 10:55:00","1899-12-31 11:00:00",NA,"MAC_W_029_29",NA,"Polypropyleen",87.68,30.75,3.41,30.75,84,"BLUE","Hard plastic","Port of Antwerp","Spotsampling","Vijfde Havendok","Port of Antwerp",9.01759530791789,0.378149593495935,0.0369286888488127,"Non-filaments","SC5","opaque","BLUE","BLUE/GREEN","fragments","fragments","polypropylene",5,NA,NA
"249",32094,32094,"AW_21_01","2021-06-15","Port of Antwerp (Vijfde Havendok)","MAC_W_029","Macroplastics (> 5 mm)","Water",7749,NA,144,45.0662,0.005815744,NA,NA,1,"1899-12-31 10:55:00","1899-12-31 11:00:00",NA,"MAC_W_029_3",NA,"Polyethyleen",93.08,300,149.085,300,1177,"BLACK","Foil","Port of Antwerp","Spotsampling","Vijfde Havendok","Port of Antwerp",2.01227487674816,74.08779075,0.350323315492097,"Non-filaments","SC7","opaque","BLACK/GREY","BLACK/GREY","films","films","polyethylene",5,NA,NA
"250",32095,32095,"AW_21_01","2021-06-15","Port of Antwerp (Vijfde Havendok)","MAC_W_029","Macroplastics (> 5 mm)","Water",7749,NA,144,45.0662,0.005815744,NA,NA,1,"1899-12-31 10:55:00","1899-12-31 11:00:00",NA,"MAC_W_029_30",NA,"Polyethyleen",93.48,61.04,7.705,61.04,134,"WHITE","Hard plastic","Port of Antwerp","Spotsampling","Vijfde Havendok","Port of Antwerp",7.92212848799481,0.972592152686763,0.044847390396649,"Non-filaments","SC6","opaque","WHITE/CREAM","WHITE/CREAM","fragments","fragments","polyethylene",5,NA,NA
"251",32096,32096,"AW_21_01","2021-06-15","Port of Antwerp (Vijfde Havendok)","MAC_W_029","Macroplastics (> 5 mm)","Water",7749,NA,144,45.0662,0.005815744,NA,NA,1,"1899-12-31 10:55:00","1899-12-31 11:00:00",NA,"MAC_W_029_31",NA,"Polyethyleen",81.11,36.46,14.93,36.46,414,"WHITE","Hard plastic","Port of Antwerp","Spotsampling","Vijfde Havendok","Port of Antwerp",2.44206296048225,6.1136834887548,0.262038264926053,"Non-filaments","SC5","opaque","WHITE/CREAM","WHITE/CREAM","fragments","fragments","polyethylene",5,NA,NA
"252",32097,32097,"AW_21_01","2021-06-15","Port of Antwerp (Vijfde Havendok)","MAC_W_029","Macroplastics (> 5 mm)","Water",7749,NA,144,45.0662,0.005815744,NA,NA,1,"1899-12-31 10:55:00","1899-12-31 11:00:00",NA,"MAC_W_029_32",NA,"Polypropyleen",72.4,28.78,10.435,28.78,126,"TRANSPARENT","Hard plastic","Port of Antwerp","Spotsampling","Vijfde Havendok","Port of Antwerp",2.75802587446095,3.78350330090341,0.218324510796938,"Non-filaments","SC5","transparent/translucent","COLOURLESS","COLOURLESS","fragments","fragments","polypropylene",5,NA,NA
"253",32098,32098,"AW_21_01","2021-06-15","Port of Antwerp (Vijfde Havendok)","MAC_W_029","Macroplastics (> 5 mm)","Water",7749,NA,144,45.0662,0.005815744,NA,NA,1,"1899-12-31 10:55:00","1899-12-31 11:00:00",NA,"MAC_W_029_33",NA,"Polypropyleen",76.26,19.095,12.38,19.095,19.3,"WHITE","Hard plastic","Port of Antwerp","Spotsampling","Vijfde Havendok","Port of Antwerp",1.5424071082391,8.02641529196125,0.522037225652555,"Non-filaments","SC5","opaque","WHITE/CREAM","WHITE/CREAM","fragments","fragments","polypropylene",5,NA,NA
"254",32099,32099,"AW_21_01","2021-06-15","Port of Antwerp (Vijfde Havendok)","MAC_W_029","Macroplastics (> 5 mm)","Water",7749,NA,144,45.0662,0.005815744,NA,NA,1,"1899-12-31 10:55:00","1899-12-31 11:00:00",NA,"MAC_W_029_34",NA,"Polypropyleen",86.38,16.46,13.02,16.46,156,"WHITE","Hard plastic","Port of Antwerp","Spotsampling","Vijfde Havendok","Port of Antwerp",1.2642089093702,10.2989307411908,0.703512356892519,"Non-filaments","SC5","opaque","WHITE/CREAM","WHITE/CREAM","fragments","fragments","polypropylene",5,NA,NA
"255",32100,32100,"AW_21_01","2021-06-15","Port of Antwerp (Vijfde Havendok)","MAC_W_029","Macroplastics (> 5 mm)","Water",7749,NA,144,45.0662,0.005815744,NA,NA,1,"1899-12-31 10:55:00","1899-12-31 11:00:00",NA,"MAC_W_029_35",NA,"Polyethyleen",97.1,14.045,6.66,14.045,24,"WHITE","Hard plastic","Port of Antwerp","Spotsampling","Vijfde Havendok","Port of Antwerp",2.10885885885886,3.15810608757565,0.326534240629133,"Non-filaments","SC4","opaque","WHITE/CREAM","WHITE/CREAM","fragments","fragments","polyethylene",5,NA,NA
"256",32101,32101,"AW_21_01","2021-06-15","Port of Antwerp (Vijfde Havendok)","MAC_W_029","Macroplastics (> 5 mm)","Water",7749,NA,144,45.0662,0.005815744,NA,NA,1,"1899-12-31 10:55:00","1899-12-31 11:00:00",NA,"MAC_W_029_36",NA,"Polypropyleen",91.35,10.51,9.17,10.51,29,"WHITE","Hard plastic","Port of Antwerp","Spotsampling","Vijfde Havendok","Port of Antwerp",1.14612868047983,8.00084681255947,0.814985589143002,"Non-filaments","SC4","opaque","WHITE/CREAM","WHITE/CREAM","fragments","fragments","polypropylene",5,NA,NA
"257",32102,32102,"AW_21_01","2021-06-15","Port of Antwerp (Vijfde Havendok)","MAC_W_029","Macroplastics (> 5 mm)","Water",7749,NA,144,45.0662,0.005815744,NA,NA,1,"1899-12-31 10:55:00","1899-12-31 11:00:00",NA,"MAC_W_029_37",NA,"Polypropyleen",87.64,12.435,6.18,12.435,19,"WHITE","Hard plastic","Port of Antwerp","Spotsampling","Vijfde Havendok","Port of Antwerp",2.0121359223301,3.0713630880579,0.350359605147514,"Non-filaments","SC4","opaque","WHITE/CREAM","WHITE/CREAM","fragments","fragments","polypropylene",5,NA,NA
"258",32103,32103,"AW_21_01","2021-06-15","Port of Antwerp (Vijfde Havendok)","MAC_W_029","Macroplastics (> 5 mm)","Water",7749,NA,144,45.0662,0.005815744,NA,NA,1,"1899-12-31 10:55:00","1899-12-31 11:00:00",NA,"MAC_W_029_38",NA,"Polyethyleen",95.23,35.355,8.42,35.355,113,"WHITE","Hard plastic","Port of Antwerp","Spotsampling","Vijfde Havendok","Port of Antwerp",4.19893111638955,2.00527223872154,0.116222944718812,"Non-filaments","SC5","opaque","WHITE/CREAM","WHITE/CREAM","fragments","fragments","polyethylene",5,NA,NA
"259",32104,32104,"AW_21_01","2021-06-15","Port of Antwerp (Vijfde Havendok)","MAC_W_029","Macroplastics (> 5 mm)","Water",7749,NA,144,45.0662,0.005815744,NA,NA,1,"1899-12-31 10:55:00","1899-12-31 11:00:00",NA,"MAC_W_029_39",NA,"Polyethyleen",93.13,20.97,5.85,20.97,50,"WHITE","Hard plastic","Port of Antwerp","Spotsampling","Vijfde Havendok","Port of Antwerp",3.58461538461538,1.63197424892704,0.147345254565539,"Non-filaments","SC5","opaque","WHITE/CREAM","WHITE/CREAM","fragments","fragments","polyethylene",5,NA,NA
"260",32105,32105,"AW_21_01","2021-06-15","Port of Antwerp (Vijfde Havendok)","MAC_W_029","Macroplastics (> 5 mm)","Water",7749,NA,144,45.0662,0.005815744,NA,NA,1,"1899-12-31 10:55:00","1899-12-31 11:00:00",NA,"MAC_W_029_4",NA,"Polypropyleen",91.71,240.5,46.46,240.5,746,"TRANSPARENT","Foil","Port of Antwerp","Spotsampling","Vijfde Havendok","Port of Antwerp",5.17649591046061,8.97518336798337,0.0849075260698815,"Non-filaments","SC7","transparent/translucent","COLOURLESS","COLOURLESS","films","films","polypropylene",5,NA,NA
"261",32106,32106,"AW_21_01","2021-06-15","Port of Antwerp (Vijfde Havendok)","MAC_W_029","Macroplastics (> 5 mm)","Water",7749,NA,144,45.0662,0.005815744,NA,NA,1,"1899-12-31 10:55:00","1899-12-31 11:00:00",NA,"MAC_W_029_40",NA,"Polystyreen",75.3,16.565,8.52,16.565,35,"GREEN","Foam","Port of Antwerp","Spotsampling","Vijfde Havendok","Port of Antwerp",1.94424882629108,4.382155146393,0.368869062397156,"Non-filaments","SC5","opaque","GREEN","BLUE/GREEN","foams","foams","polystyrene",5,NA,NA
"262",32107,32107,"AW_21_01","2021-06-15","Port of Antwerp (Vijfde Havendok)","MAC_W_029","Macroplastics (> 5 mm)","Water",7749,NA,144,45.0662,0.005815744,NA,NA,1,"1899-12-31 10:55:00","1899-12-31 11:00:00",NA,"MAC_W_029_41",NA,"Polystyreen",85.68,12.775,8.815,12.775,22,"GREEN","Foam","Port of Antwerp","Spotsampling","Vijfde Havendok","Port of Antwerp",1.44923425978446,6.08252250489237,0.573181430150231,"Non-filaments","SC4","opaque","GREEN","BLUE/GREEN","foams","foams","polystyrene",5,NA,NA
"263",32108,32108,"AW_21_01","2021-06-15","Port of Antwerp (Vijfde Havendok)","MAC_W_029","Macroplastics (> 5 mm)","Water",7749,NA,144,45.0662,0.005815744,NA,NA,1,"1899-12-31 10:55:00","1899-12-31 11:00:00",NA,"MAC_W_029_42",NA,"Polystyreen",73.77,11.76,7.795,11.76,34,"GREEN","Foam","Port of Antwerp","Spotsampling","Vijfde Havendok","Port of Antwerp",1.50865939704939,5.16683886054422,0.539651261578877,"Non-filaments","SC4","opaque","GREEN","BLUE/GREEN","foams","foams","polystyrene",5,NA,NA
"264",32109,32109,"AW_21_01","2021-06-15","Port of Antwerp (Vijfde Havendok)","MAC_W_029","Macroplastics (> 5 mm)","Water",7749,NA,144,45.0662,0.005815744,NA,NA,1,"1899-12-31 10:55:00","1899-12-31 11:00:00",NA,"MAC_W_029_43",NA,"Polyethyleen",95.9,13.98,6.89,13.98,61,"GREEN","Hard plastic","Port of Antwerp","Spotsampling","Vijfde Havendok","Port of Antwerp",2.02902757619739,3.39571530758226,0.345993608143017,"Non-filaments","SC4","opaque","GREEN","BLUE/GREEN","fragments","fragments","polyethylene",5,NA,NA
"265",32110,32110,"AW_21_01","2021-06-15","Port of Antwerp (Vijfde Havendok)","MAC_W_029","Macroplastics (> 5 mm)","Water",7749,NA,144,45.0662,0.005815744,NA,NA,1,"1899-12-31 10:55:00","1899-12-31 11:00:00",NA,"MAC_W_029_44",NA,"Polypropyleen",85.87,11.24,7.295,11.24,60,"RED","Hard plastic","Port of Antwerp","Spotsampling","Vijfde Havendok","Port of Antwerp",1.5407813570939,4.73461076512455,0.522863682745956,"Non-filaments","SC4","opaque","RED","ORANGE/RED/PURPLE/PINK","fragments","fragments","polypropylene",5,NA,NA
"266",32111,32111,"AW_21_01","2021-06-15","Port of Antwerp (Vijfde Havendok)","MAC_W_029","Macroplastics (> 5 mm)","Water",7749,NA,144,45.0662,0.005815744,NA,NA,1,"1899-12-31 10:55:00","1899-12-31 11:00:00",NA,"MAC_W_029_45",NA,"Polypropyleen",86.76,7.685,5.495,7.685,24,"PURPLE","Hard plastic","Port of Antwerp","Spotsampling","Vijfde Havendok","Port of Antwerp",1.39854413102821,3.92908588158751,0.60462449461626,"Non-filaments","SC4","opaque","PURPLE","ORANGE/RED/PURPLE/PINK","fragments","fragments","polypropylene",5,NA,NA
"267",32112,32112,"AW_21_01","2021-06-15","Port of Antwerp (Vijfde Havendok)","MAC_W_029","Macroplastics (> 5 mm)","Water",7749,NA,144,45.0662,0.005815744,NA,NA,1,"1899-12-31 10:55:00","1899-12-31 11:00:00",NA,"MAC_W_029_46",NA,"Polypropyleen",86.38,13.615,6.84,13.615,45,"WHITE","Hard plastic","Port of Antwerp","Spotsampling","Vijfde Havendok","Port of Antwerp",1.99049707602339,3.43632757987514,0.35608828342075,"Non-filaments","SC4","opaque","WHITE/CREAM","WHITE/CREAM","fragments","fragments","polypropylene",5,NA,NA
"268",32113,32113,"AW_21_01","2021-06-15","Port of Antwerp (Vijfde Havendok)","MAC_W_029","Macroplastics (> 5 mm)","Water",7749,NA,144,45.0662,0.005815744,NA,NA,1,"1899-12-31 10:55:00","1899-12-31 11:00:00",NA,"MAC_W_029_47",NA,"Polyethyleen",96.05,8.33,6.59,8.33,52,"WHITE","Hard plastic","Port of Antwerp","Spotsampling","Vijfde Havendok","Port of Antwerp",1.26403641881639,5.21345738295318,0.703656363869675,"Non-filaments","SC4","opaque","WHITE/CREAM","WHITE/CREAM","fragments","fragments","polyethylene",5,NA,NA
"269",32114,32114,"AW_21_01","2021-06-15","Port of Antwerp (Vijfde Havendok)","MAC_W_029","Macroplastics (> 5 mm)","Water",7749,NA,144,45.0662,0.005815744,NA,NA,1,"1899-12-31 10:55:00","1899-12-31 11:00:00",NA,"MAC_W_029_48",NA,"Polyethyleen",95.5,9.18,6.655,9.18,8,"WHITE","Hard plastic","Port of Antwerp","Spotsampling","Vijfde Havendok","Port of Antwerp",1.3794139744553,4.82451252723312,0.617245692584582,"Non-filaments","SC4","opaque","WHITE/CREAM","WHITE/CREAM","fragments","fragments","polyethylene",5,NA,NA
"270",32115,32115,"AW_21_01","2021-06-15","Port of Antwerp (Vijfde Havendok)","MAC_W_029","Macroplastics (> 5 mm)","Water",7749,NA,144,45.0662,0.005815744,NA,NA,1,"1899-12-31 10:55:00","1899-12-31 11:00:00",NA,"MAC_W_029_49",NA,"Polypropyleen",77.45,7.47,6.23,7.47,46,"WHITE","Hard plastic","Port of Antwerp","Spotsampling","Vijfde Havendok","Port of Antwerp",1.19903691813804,5.19583668005355,0.761642495409176,"Non-filaments","SC4","opaque","WHITE/CREAM","WHITE/CREAM","fragments","fragments","polypropylene",5,NA,NA
"271",32116,32116,"AW_21_01","2021-06-15","Port of Antwerp (Vijfde Havendok)","MAC_W_029","Macroplastics (> 5 mm)","Water",7749,NA,144,45.0662,0.005815744,NA,NA,1,"1899-12-31 10:55:00","1899-12-31 11:00:00",NA,"MAC_W_029_5",NA,"Polypropyleen",94.44,250.8,10.065,250.8,584,"TRANSPARENT","Foil","Port of Antwerp","Spotsampling","Vijfde Havendok","Port of Antwerp",24.9180327868852,0.403924342105263,0.0080395061283467,"Non-filaments","SC7","transparent/translucent","COLOURLESS","COLOURLESS","films","films","polypropylene",5,NA,NA
"272",32117,32117,"AW_21_01","2021-06-15","Port of Antwerp (Vijfde Havendok)","MAC_W_029","Macroplastics (> 5 mm)","Water",7749,NA,144,45.0662,0.005815744,NA,NA,1,"1899-12-31 10:55:00","1899-12-31 11:00:00",NA,"MAC_W_029_50",NA,"Polyethyleen",74.35,7.46,5.26,7.46,45,"WHITE","Hard plastic","Port of Antwerp","Spotsampling","Vijfde Havendok","Port of Antwerp",1.41825095057034,3.70879356568365,0.592066344953575,"Non-filaments","SC4","opaque","WHITE/CREAM","WHITE/CREAM","fragments","fragments","polyethylene",5,NA,NA
"273",32118,32118,"AW_21_01","2021-06-15","Port of Antwerp (Vijfde Havendok)","MAC_W_029","Macroplastics (> 5 mm)","Water",7749,NA,144,45.0662,0.005815744,NA,NA,1,"1899-12-31 10:55:00","1899-12-31 11:00:00",NA,"MAC_W_029_51",NA,"Polypropyleen",75.5,7.54,3.51,7.54,43,"GREY","Hard plastic","Port of Antwerp","Spotsampling","Vijfde Havendok","Port of Antwerp",2.14814814814815,1.63396551724138,0.317616938947713,"Non-filaments","SC4","opaque","BLACK/GREY","BLACK/GREY","fragments","fragments","polypropylene",5,NA,NA
"274",32119,32119,"AW_21_01","2021-06-15","Port of Antwerp (Vijfde Havendok)","MAC_W_029","Macroplastics (> 5 mm)","Water",7749,NA,144,45.0662,0.005815744,NA,NA,1,"1899-12-31 10:55:00","1899-12-31 11:00:00",NA,"MAC_W_029_52",NA,"Polypropyleen",87.11,5.835,5.155,5.835,20,"WHITE","Hard plastic","Port of Antwerp","Spotsampling","Vijfde Havendok","Port of Antwerp",1.13191076624636,4.55424592973436,0.830389241545238,"Non-filaments","SC4","opaque","WHITE/CREAM","WHITE/CREAM","fragments","fragments","polypropylene",5,NA,NA
"275",32120,32120,"AW_21_01","2021-06-15","Port of Antwerp (Vijfde Havendok)","MAC_W_029","Macroplastics (> 5 mm)","Water",7749,NA,144,45.0662,0.005815744,NA,NA,1,"1899-12-31 10:55:00","1899-12-31 11:00:00",NA,"MAC_W_029_53",NA,"Polypropyleen",94.02,155.39,0.52,155.39,10,"BLACK","Fiber","Port of Antwerp","Spotsampling","Vijfde Havendok","Port of Antwerp",298.826923076923,0.00174013771799987,0.000193584426148,"Non-filaments","SC7","opaque","BLACK/GREY","BLACK/GREY","filaments","filaments","polypropylene",5,NA,NA
"276",32121,32121,"AW_21_01","2021-06-15","Port of Antwerp (Vijfde Havendok)","MAC_W_029","Macroplastics (> 5 mm)","Water",7749,NA,144,45.0662,0.005815744,NA,NA,1,"1899-12-31 10:55:00","1899-12-31 11:00:00",NA,"MAC_W_029_54",NA,"Polypropyleen",91.43,113.85,0.245,113.85,0.59,"GREEN","Fiber","Port of Antwerp","Spotsampling","Vijfde Havendok","Port of Antwerp",464.69387755102,0.000527228809837505,0.0000998273572548776,"Non-filaments","SC7","opaque","GREEN","BLUE/GREEN","filaments","filaments","polypropylene",5,NA,NA
"277",32122,32122,"AW_21_01","2021-06-15","Port of Antwerp (Vijfde Havendok)","MAC_W_029","Macroplastics (> 5 mm)","Water",7749,NA,144,45.0662,0.005815744,NA,NA,1,"1899-12-31 10:55:00","1899-12-31 11:00:00",NA,"MAC_W_029_55",NA,"Polyethyleen",79.7,58.26,0.595,58.26,6,"RED","Fiber","Port of Antwerp","Spotsampling","Vijfde Havendok","Port of Antwerp",97.9159663865546,0.0060766392035702,0.00103209512843829,"Non-filaments","SC6","opaque","RED","ORANGE/RED/PURPLE/PINK","filaments","filaments","polyethylene",5,NA,NA
"278",32123,32123,"AW_21_01","2021-06-15","Port of Antwerp (Vijfde Havendok)","MAC_W_029","Macroplastics (> 5 mm)","Water",7749,NA,144,45.0662,0.005815744,NA,NA,1,"1899-12-31 10:55:00","1899-12-31 11:00:00",NA,"MAC_W_029_56",NA,"Polypropyleen",90.2,105.24,32.945,105.24,40,"TRANSPARENT","Foil","Port of Antwerp","Spotsampling","Vijfde Havendok","Port of Antwerp",3.19441493398088,10.3133126662866,0.175151156279167,"Non-filaments","SC7","transparent/translucent","COLOURLESS","COLOURLESS","films","films","polypropylene",5,NA,NA
"279",32124,32124,"AW_21_01","2021-06-15","Port of Antwerp (Vijfde Havendok)","MAC_W_029","Macroplastics (> 5 mm)","Water",7749,NA,144,45.0662,0.005815744,NA,NA,1,"1899-12-31 10:55:00","1899-12-31 11:00:00",NA,"MAC_W_029_57",NA,"Polypropyleen",95.09,41.04,22.85,41.04,19,"TRANSPARENT","Foil","Port of Antwerp","Spotsampling","Vijfde Havendok","Port of Antwerp",1.79606126914661,12.7222831384016,0.415449536186767,"Non-filaments","SC5","transparent/translucent","COLOURLESS","COLOURLESS","films","films","polypropylene",5,NA,NA
"280",32125,32125,"AW_21_01","2021-06-15","Port of Antwerp (Vijfde Havendok)","MAC_W_029","Macroplastics (> 5 mm)","Water",7749,NA,144,45.0662,0.005815744,NA,NA,1,"1899-12-31 10:55:00","1899-12-31 11:00:00",NA,"MAC_W_029_58",NA,"Polyethyleen",96.96,49.52,23.57,49.52,27,"WHITE","Foil","Port of Antwerp","Spotsampling","Vijfde Havendok","Port of Antwerp",2.10097581671616,11.2185965266559,0.3283737403014,"Non-filaments","SC5","opaque","WHITE/CREAM","WHITE/CREAM","films","films","polyethylene",5,NA,NA
"281",32126,32126,"AW_21_01","2021-06-15","Port of Antwerp (Vijfde Havendok)","MAC_W_029","Macroplastics (> 5 mm)","Water",7749,NA,144,45.0662,0.005815744,NA,NA,1,"1899-12-31 10:55:00","1899-12-31 11:00:00",NA,"MAC_W_029_59",NA,"Polyethyleen",97,62.75,23.59,62.75,48,"WHITE","Foil","Port of Antwerp","Spotsampling","Vijfde Havendok","Port of Antwerp",2.66002543450615,8.86833625498008,0.230500205066023,"Non-filaments","SC6","opaque","WHITE/CREAM","WHITE/CREAM","films","films","polyethylene",5,NA,NA
"282",32127,32127,"AW_21_01","2021-06-15","Port of Antwerp (Vijfde Havendok)","MAC_W_029","Macroplastics (> 5 mm)","Water",7749,NA,144,45.0662,0.005815744,NA,NA,1,"1899-12-31 10:55:00","1899-12-31 11:00:00",NA,"MAC_W_029_6",NA,"Polyethyleen",88.81,38.885,16.12,38.885,2735,"BLUE","Hard plastic","Port of Antwerp","Spotsampling","Vijfde Havendok","Port of Antwerp",2.41222084367246,6.68263854956924,0.266915873006711,"Non-filaments","SC5","opaque","BLUE","BLUE/GREEN","fragments","fragments","polyethylene",5,NA,NA
"283",32128,32128,"AW_21_01","2021-06-15","Port of Antwerp (Vijfde Havendok)","MAC_W_029","Macroplastics (> 5 mm)","Water",7749,NA,144,45.0662,0.005815744,NA,NA,1,"1899-12-31 10:55:00","1899-12-31 11:00:00",NA,"MAC_W_029_60",NA,"Polypropyleen",95.55,36.55,9.62,36.55,8,"WHITE","Foil","Port of Antwerp","Spotsampling","Vijfde Havendok","Port of Antwerp",3.7993762993763,2.53199452804378,0.135030394387008,"Non-filaments","SC5","opaque","WHITE/CREAM","WHITE/CREAM","films","films","polypropylene",5,NA,NA
"284",32129,32129,"AW_21_01","2021-06-15","Port of Antwerp (Vijfde Havendok)","MAC_W_029","Macroplastics (> 5 mm)","Water",7749,NA,144,45.0662,0.005815744,NA,NA,1,"1899-12-31 10:55:00","1899-12-31 11:00:00",NA,"MAC_W_029_61",NA,"Polypropyleen",95.63,33.97,14.02,33.97,14,"WHITE","Foil","Port of Antwerp","Spotsampling","Vijfde Havendok","Port of Antwerp",2.42296718972896,5.78629378863703,0.26514210515695,"Non-filaments","SC5","opaque","WHITE/CREAM","WHITE/CREAM","films","films","polypropylene",5,NA,NA
"285",32130,32130,"AW_21_01","2021-06-15","Port of Antwerp (Vijfde Havendok)","MAC_W_029","Macroplastics (> 5 mm)","Water",7749,NA,144,45.0662,0.005815744,NA,NA,1,"1899-12-31 10:55:00","1899-12-31 11:00:00",NA,"MAC_W_029_62",NA,"Polyethyleen",95.06,52.67,6.155,52.67,19,"WHITE","Foil","Port of Antwerp","Spotsampling","Vijfde Havendok","Port of Antwerp",8.55727051177904,0.719271406872983,0.0399481901454593,"Non-filaments","SC6","opaque","WHITE/CREAM","WHITE/CREAM","films","films","polyethylene",5,NA,NA
"286",32131,32131,"AW_21_01","2021-06-15","Port of Antwerp (Vijfde Havendok)","MAC_W_029","Macroplastics (> 5 mm)","Water",7749,NA,144,45.0662,0.005815744,NA,NA,1,"1899-12-31 10:55:00","1899-12-31 11:00:00",NA,"MAC_W_029_63",NA,"Polypropyleen",96.59,41.19,3.31,41.19,10,"WHITE","Foil","Port of Antwerp","Spotsampling","Vijfde Havendok","Port of Antwerp",12.4441087613293,0.265989317795581,0.0227800305793133,"Non-filaments","SC5","opaque","WHITE/CREAM","WHITE/CREAM","films","films","polypropylene",5,NA,NA
"287",32132,32132,"AW_21_01","2021-06-15","Port of Antwerp (Vijfde Havendok)","MAC_W_029","Macroplastics (> 5 mm)","Water",7749,NA,144,45.0662,0.005815744,NA,NA,1,"1899-12-31 10:55:00","1899-12-31 11:00:00",NA,"MAC_W_029_64",NA,"Polypropyleen",71.24,28.16,6.64,28.16,4,"WHITE","Foil","Port of Antwerp","Spotsampling","Vijfde Havendok","Port of Antwerp",4.24096385542169,1.56568181818182,0.114499382192367,"Non-filaments","SC5","opaque","WHITE/CREAM","WHITE/CREAM","films","films","polypropylene",5,NA,NA
"288",32133,32133,"AW_21_01","2021-06-15","Port of Antwerp (Vijfde Havendok)","MAC_W_029","Macroplastics (> 5 mm)","Water",7749,NA,144,45.0662,0.005815744,NA,NA,1,"1899-12-31 10:55:00","1899-12-31 11:00:00",NA,"MAC_W_029_65",NA,"Polypropyleen",85.54,23.85,3.195,23.85,8,"TRANSPARENT","Foil","Port of Antwerp","Spotsampling","Vijfde Havendok","Port of Antwerp",7.46478873239437,0.428009433962264,0.0490313350590721,"Non-filaments","SC5","transparent/translucent","COLOURLESS","COLOURLESS","films","films","polypropylene",5,NA,NA
"289",32134,32134,"AW_21_01","2021-06-15","Port of Antwerp (Vijfde Havendok)","MAC_W_029","Macroplastics (> 5 mm)","Water",7749,NA,144,45.0662,0.005815744,NA,NA,1,"1899-12-31 10:55:00","1899-12-31 11:00:00",NA,"MAC_W_029_66",NA,"Polypropyleen",83.16,17.28,14.125,17.28,4,"TRANSPARENT","Foil","Port of Antwerp","Spotsampling","Vijfde Havendok","Port of Antwerp",1.22336283185841,11.5460431134259,0.739038523979504,"Non-filaments","SC5","transparent/translucent","COLOURLESS","COLOURLESS","films","films","polypropylene",5,NA,NA
"290",32135,32135,"AW_21_01","2021-06-15","Port of Antwerp (Vijfde Havendok)","MAC_W_029","Macroplastics (> 5 mm)","Water",7749,NA,144,45.0662,0.005815744,NA,NA,1,"1899-12-31 10:55:00","1899-12-31 11:00:00",NA,"MAC_W_029_67",NA,"Polypropyleen",87.61,14.05,9.28,14.05,0.89,"TRANSPARENT","Foil","Port of Antwerp","Spotsampling","Vijfde Havendok","Port of Antwerp",1.51400862068966,6.12942348754448,0.536793783812651,"Non-filaments","SC4","transparent/translucent","COLOURLESS","COLOURLESS","films","films","polypropylene",5,NA,NA
"291",32136,32136,"AW_21_01","2021-06-15","Port of Antwerp (Vijfde Havendok)","MAC_W_029","Macroplastics (> 5 mm)","Water",7749,NA,144,45.0662,0.005815744,NA,NA,1,"1899-12-31 10:55:00","1899-12-31 11:00:00",NA,"MAC_W_029_68",NA,"Polypropyleen",84.24,8.61,4.595,8.61,0.9,"TRANSPARENT","Foil","Port of Antwerp","Spotsampling","Vijfde Havendok","Port of Antwerp",1.87377584330794,2.45226771196283,0.389873346974904,"Non-filaments","SC4","transparent/translucent","COLOURLESS","COLOURLESS","films","films","polypropylene",5,NA,NA
"292",32137,32137,"AW_21_01","2021-06-15","Port of Antwerp (Vijfde Havendok)","MAC_W_029","Macroplastics (> 5 mm)","Water",7749,NA,144,45.0662,0.005815744,NA,NA,1,"1899-12-31 10:55:00","1899-12-31 11:00:00",NA,"MAC_W_029_69",NA,"Polypropyleen",85.11,8.735,3.77,8.735,0.65,"TRANSPARENT","Foil","Port of Antwerp","Spotsampling","Vijfde Havendok","Port of Antwerp",2.31697612732095,1.62712077847739,0.283542171670523,"Non-filaments","SC4","transparent/translucent","COLOURLESS","COLOURLESS","films","films","polypropylene",5,NA,NA
"293",32138,32138,"AW_21_01","2021-06-15","Port of Antwerp (Vijfde Havendok)","MAC_W_029","Macroplastics (> 5 mm)","Water",7749,NA,144,45.0662,0.005815744,NA,NA,1,"1899-12-31 10:55:00","1899-12-31 11:00:00",NA,"MAC_W_029_7",NA,"Polyether urethane-polypropylene oxide - methylene",76.65,40.58,34.92,40.58,446,"YELLOW","Foam","Port of Antwerp","Spotsampling","Vijfde Havendok","Port of Antwerp",1.16208476517755,30.0494430754066,0.798258016264593,"Non-filaments","SC5","opaque","YELLOW","YELLOW","foams","foams","polyether urethane-polypropylene oxide - methylene",5,NA,NA
"294",32139,32139,"AW_21_01","2021-06-15","Port of Antwerp (Vijfde Havendok)","MAC_W_029","Macroplastics (> 5 mm)","Water",7749,NA,144,45.0662,0.005815744,NA,NA,1,"1899-12-31 10:55:00","1899-12-31 11:00:00",NA,"MAC_W_029_70",NA,"Polypropyleen",84.49,18.2,9.1,18.2,4,"WHITE","Foil","Port of Antwerp","Spotsampling","Vijfde Havendok","Port of Antwerp",2,4.55,0.353553390593274,"Non-filaments","SC5","opaque","WHITE/CREAM","WHITE/CREAM","films","films","polypropylene",5,NA,NA
"295",32140,32140,"AW_21_01","2021-06-15","Port of Antwerp (Vijfde Havendok)","MAC_W_029","Macroplastics (> 5 mm)","Water",7749,NA,144,45.0662,0.005815744,NA,NA,1,"1899-12-31 10:55:00","1899-12-31 11:00:00",NA,"MAC_W_029_71",NA,"Polypropyleen",86.62,15.14,8.27,15.14,0.7,"WHITE","Foil","Port of Antwerp","Spotsampling","Vijfde Havendok","Port of Antwerp",1.83071342200726,4.51736459709379,0.403709948365504,"Non-filaments","SC5","opaque","WHITE/CREAM","WHITE/CREAM","films","films","polypropylene",5,NA,NA
"296",32141,32141,"AW_21_01","2021-06-15","Port of Antwerp (Vijfde Havendok)","MAC_W_029","Macroplastics (> 5 mm)","Water",7749,NA,144,45.0662,0.005815744,NA,NA,1,"1899-12-31 10:55:00","1899-12-31 11:00:00",NA,"MAC_W_029_72",NA,"Polypropyleen",81.93,9.86,8.63,9.86,0.6,"WHITE","Foil","Port of Antwerp","Spotsampling","Vijfde Havendok","Port of Antwerp",1.14252607184241,7.55343813387424,0.818843340162363,"Non-filaments","SC4","opaque","WHITE/CREAM","WHITE/CREAM","films","films","polypropylene",5,NA,NA
"297",32142,32142,"AW_21_01","2021-06-15","Port of Antwerp (Vijfde Havendok)","MAC_W_029","Macroplastics (> 5 mm)","Water",7749,NA,144,45.0662,0.005815744,NA,NA,1,"1899-12-31 10:55:00","1899-12-31 11:00:00",NA,"MAC_W_029_73",NA,"Polypropyleen",83.26,9.12,4.05,9.12,0.98,"WHITE","Foil","Port of Antwerp","Spotsampling","Vijfde Havendok","Port of Antwerp",2.25185185185185,1.79851973684211,0.295930874373889,"Non-filaments","SC4","opaque","WHITE/CREAM","WHITE/CREAM","films","films","polypropylene",5,NA,NA
"298",32143,32143,"AW_21_01","2021-06-15","Port of Antwerp (Vijfde Havendok)","MAC_W_029","Macroplastics (> 5 mm)","Water",7749,NA,144,45.0662,0.005815744,NA,NA,1,"1899-12-31 10:55:00","1899-12-31 11:00:00",NA,"MAC_W_029_74",NA,"Polypropyleen",84.35,8.28,6.5,8.28,0.95,"WHITE","Foil","Port of Antwerp","Spotsampling","Vijfde Havendok","Port of Antwerp",1.27384615384615,5.10265700483092,0.695543873784776,"Non-filaments","SC4","opaque","WHITE/CREAM","WHITE/CREAM","films","films","polypropylene",5,NA,NA
"299",32144,32144,"AW_21_01","2021-06-15","Port of Antwerp (Vijfde Havendok)","MAC_W_029","Macroplastics (> 5 mm)","Water",7749,NA,144,45.0662,0.005815744,NA,NA,1,"1899-12-31 10:55:00","1899-12-31 11:00:00",NA,"MAC_W_029_75",NA,"Polypropyleen",85.39,10.26,7.095,10.26,0.83,"WHITE","Foil","Port of Antwerp","Spotsampling","Vijfde Havendok","Port of Antwerp",1.446088794926,4.90633771929825,0.57505258298527,"Non-filaments","SC4","opaque","WHITE/CREAM","WHITE/CREAM","films","films","polypropylene",5,NA,NA
"300",32145,32145,"AW_21_01","2021-06-15","Port of Antwerp (Vijfde Havendok)","MAC_W_029","Macroplastics (> 5 mm)","Water",7749,NA,144,45.0662,0.005815744,NA,NA,1,"1899-12-31 10:55:00","1899-12-31 11:00:00",NA,"MAC_W_029_76",NA,"Polypropyleen",86.02,10.55,6.01,10.55,0.94,"WHITE","Foil","Port of Antwerp","Spotsampling","Vijfde Havendok","Port of Antwerp",1.75540765391015,3.42370616113744,0.429964914821237,"Non-filaments","SC4","opaque","WHITE/CREAM","WHITE/CREAM","films","films","polypropylene",5,NA,NA
"301",32146,32146,"AW_21_01","2021-06-15","Port of Antwerp (Vijfde Havendok)","MAC_W_029","Macroplastics (> 5 mm)","Water",7749,NA,144,45.0662,0.005815744,NA,NA,1,"1899-12-31 10:55:00","1899-12-31 11:00:00",NA,"MAC_W_029_77",NA,"Polypropyleen",79.12,9.755,7.13,9.755,0.52,"WHITE","Foil","Port of Antwerp","Spotsampling","Vijfde Havendok","Port of Antwerp",1.36816269284712,5.21136852895951,0.624875337292055,"Non-filaments","SC4","opaque","WHITE/CREAM","WHITE/CREAM","films","films","polypropylene",5,NA,NA
"302",32147,32147,"AW_21_01","2021-06-15","Port of Antwerp (Vijfde Havendok)","MAC_W_029","Macroplastics (> 5 mm)","Water",7749,NA,144,45.0662,0.005815744,NA,NA,1,"1899-12-31 10:55:00","1899-12-31 11:00:00",NA,"MAC_W_029_78",NA,"Polypropyleen",88.05,8.425,4.38,8.425,0.72,"WHITE","Foil","Port of Antwerp","Spotsampling","Vijfde Havendok","Port of Antwerp",1.92351598173516,2.27708011869436,0.37484895239241,"Non-filaments","SC4","opaque","WHITE/CREAM","WHITE/CREAM","films","films","polypropylene",5,NA,NA
"303",32148,32148,"AW_21_01","2021-06-15","Port of Antwerp (Vijfde Havendok)","MAC_W_029","Macroplastics (> 5 mm)","Water",7749,NA,144,45.0662,0.005815744,NA,NA,1,"1899-12-31 10:55:00","1899-12-31 11:00:00",NA,"MAC_W_029_79",NA,"Polypropyleen",84.56,8.61,4.55,8.61,0.93,"WHITE","Foil","Port of Antwerp","Spotsampling","Vijfde Havendok","Port of Antwerp",1.89230769230769,2.40447154471545,0.384160199107884,"Non-filaments","SC4","opaque","WHITE/CREAM","WHITE/CREAM","films","films","polypropylene",5,NA,NA
"304",32149,32149,"AW_21_01","2021-06-15","Port of Antwerp (Vijfde Havendok)","MAC_W_029","Macroplastics (> 5 mm)","Water",7749,NA,144,45.0662,0.005815744,NA,NA,1,"1899-12-31 10:55:00","1899-12-31 11:00:00",NA,"MAC_W_029_8",NA,"Polyether urethane-polypropylene oxide - methylene",85.55,55.5,20.09,55.5,235,"YELLOW","Foam","Port of Antwerp","Spotsampling","Vijfde Havendok","Port of Antwerp",2.76256844201095,7.27221801801802,0.217786236693468,"Non-filaments","SC6","opaque","YELLOW","YELLOW","foams","foams","polyether urethane-polypropylene oxide - methylene",5,NA,NA
"305",32150,32150,"AW_21_01","2021-06-15","Port of Antwerp (Vijfde Havendok)","MAC_W_029","Macroplastics (> 5 mm)","Water",7749,NA,144,45.0662,0.005815744,NA,NA,1,"1899-12-31 10:55:00","1899-12-31 11:00:00",NA,"MAC_W_029_80",NA,"Polypropyleen",82.7,12.235,5.61,12.235,0.7,"WHITE","Foil","Port of Antwerp","Spotsampling","Vijfde Havendok","Port of Antwerp",2.18092691622103,2.57230077646097,0.310483361237864,"Non-filaments","SC4","opaque","WHITE/CREAM","WHITE/CREAM","films","films","polypropylene",5,NA,NA
"306",32151,32151,"AW_21_01","2021-06-15","Port of Antwerp (Vijfde Havendok)","MAC_W_029","Macroplastics (> 5 mm)","Water",7749,NA,144,45.0662,0.005815744,NA,NA,1,"1899-12-31 10:55:00","1899-12-31 11:00:00",NA,"MAC_W_029_81",NA,"Polystyreen",94.32,63.965,16.44,63.965,148,"WHITE","Styrofoam","Port of Antwerp","Spotsampling","Vijfde Havendok","Port of Antwerp",3.89081508515815,4.22533573047761,0.130298409195239,"Non-filaments","SC6","opaque","WHITE/CREAM","WHITE/CREAM","foams","foams","polystyrene",5,NA,NA
"307",32152,32152,"AW_21_01","2021-06-15","Port of Antwerp (Vijfde Havendok)","MAC_W_029","Macroplastics (> 5 mm)","Water",7749,NA,144,45.0662,0.005815744,NA,NA,1,"1899-12-31 10:55:00","1899-12-31 11:00:00",NA,"MAC_W_029_82",NA,"Polystyreen",NA,41.46,28.34,41.46,558,"WHITE","Styrofoam","Port of Antwerp","Spotsampling","Vijfde Havendok","Port of Antwerp",1.46294989414255,19.371818620357,0.565139707145493,"Non-filaments","SC5","opaque","WHITE/CREAM","WHITE/CREAM","foams","foams","polystyrene",5,NA,NA
"308",32153,32153,"AW_21_01","2021-06-15","Port of Antwerp (Vijfde Havendok)","MAC_W_029","Macroplastics (> 5 mm)","Water",7749,NA,144,45.0662,0.005815744,NA,NA,1,"1899-12-31 10:55:00","1899-12-31 11:00:00",NA,"MAC_W_029_83",NA,"Polystyreen",NA,55.08,21.83,55.08,507,"WHITE","Styrofoam","Port of Antwerp","Spotsampling","Vijfde Havendok","Port of Antwerp",2.52313330279432,8.65194081336238,0.24951100539896,"Non-filaments","SC6","opaque","WHITE/CREAM","WHITE/CREAM","foams","foams","polystyrene",5,NA,NA
"309",32154,32154,"AW_21_01","2021-06-15","Port of Antwerp (Vijfde Havendok)","MAC_W_029","Macroplastics (> 5 mm)","Water",7749,NA,144,45.0662,0.005815744,NA,NA,1,"1899-12-31 10:55:00","1899-12-31 11:00:00",NA,"MAC_W_029_84",NA,"Polystyreen",NA,37.96,32.31,37.96,439,"WHITE","Styrofoam","Port of Antwerp","Spotsampling","Vijfde Havendok","Port of Antwerp",1.17486846177654,27.5009510010537,0.785264801870671,"Non-filaments","SC5","opaque","WHITE/CREAM","WHITE/CREAM","foams","foams","polystyrene",5,NA,NA
"310",32155,32155,"AW_21_01","2021-06-15","Port of Antwerp (Vijfde Havendok)","MAC_W_029","Macroplastics (> 5 mm)","Water",7749,NA,144,45.0662,0.005815744,NA,NA,1,"1899-12-31 10:55:00","1899-12-31 11:00:00",NA,"MAC_W_029_85",NA,"Polystyreen",NA,43.22,26.04,43.22,372,"WHITE","Styrofoam","Port of Antwerp","Spotsampling","Vijfde Havendok","Port of Antwerp",1.65975422427035,15.6890698750578,0.467664415764464,"Non-filaments","SC5","opaque","WHITE/CREAM","WHITE/CREAM","foams","foams","polystyrene",5,NA,NA
"311",32156,32156,"AW_21_01","2021-06-15","Port of Antwerp (Vijfde Havendok)","MAC_W_029","Macroplastics (> 5 mm)","Water",7749,NA,144,45.0662,0.005815744,NA,NA,1,"1899-12-31 10:55:00","1899-12-31 11:00:00",NA,"MAC_W_029_86",NA,"Polystyreen",NA,47.9,31.77,47.9,380,"WHITE","Styrofoam","Port of Antwerp","Spotsampling","Vijfde Havendok","Port of Antwerp",1.50771167768335,21.0716680584551,0.540160163566648,"Non-filaments","SC5","opaque","WHITE/CREAM","WHITE/CREAM","foams","foams","polystyrene",5,NA,NA
"312",32157,32157,"AW_21_01","2021-06-15","Port of Antwerp (Vijfde Havendok)","MAC_W_029","Macroplastics (> 5 mm)","Water",7749,NA,144,45.0662,0.005815744,NA,NA,1,"1899-12-31 10:55:00","1899-12-31 11:00:00",NA,"MAC_W_029_87",NA,"Polystyreen",NA,39.27,22.94,39.27,212,"WHITE","Styrofoam","Port of Antwerp","Spotsampling","Vijfde Havendok","Port of Antwerp",1.71185701830863,13.4006518971225,0.446476668007612,"Non-filaments","SC5","opaque","WHITE/CREAM","WHITE/CREAM","foams","foams","polystyrene",5,NA,NA
"313",32158,32158,"AW_21_01","2021-06-15","Port of Antwerp (Vijfde Havendok)","MAC_W_029","Macroplastics (> 5 mm)","Water",7749,NA,144,45.0662,0.005815744,NA,NA,1,"1899-12-31 10:55:00","1899-12-31 11:00:00",NA,"MAC_W_029_88",NA,"Polystyreen",NA,39.815,12.98,39.815,112,"WHITE","Styrofoam","Port of Antwerp","Spotsampling","Vijfde Havendok","Port of Antwerp",3.06741140215716,4.23158106241366,0.18614096394233,"Non-filaments","SC5","opaque","WHITE/CREAM","WHITE/CREAM","foams","foams","polystyrene",5,NA,NA
"314",32159,32159,"AW_21_01","2021-06-15","Port of Antwerp (Vijfde Havendok)","MAC_W_029","Macroplastics (> 5 mm)","Water",7749,NA,144,45.0662,0.005815744,NA,NA,1,"1899-12-31 10:55:00","1899-12-31 11:00:00",NA,"MAC_W_029_89",NA,"Polystyreen",NA,32.615,14.61,32.615,110,"WHITE","Styrofoam","Port of Antwerp","Spotsampling","Vijfde Havendok","Port of Antwerp",2.23237508555784,6.54459911083857,0.299812164357599,"Non-filaments","SC5","opaque","WHITE/CREAM","WHITE/CREAM","foams","foams","polystyrene",5,NA,NA
"315",32160,32160,"AW_21_01","2021-06-15","Port of Antwerp (Vijfde Havendok)","MAC_W_029","Macroplastics (> 5 mm)","Water",7749,NA,144,45.0662,0.005815744,NA,NA,1,"1899-12-31 10:55:00","1899-12-31 11:00:00",NA,"MAC_W_029_9",NA,"Polyether urethane-polypropylene oxide - methylene",74.56,36.66,24.835,36.66,307,"YELLOW","Foam","Port of Antwerp","Spotsampling","Vijfde Havendok","Port of Antwerp",1.47614254076908,16.8242560010911,0.557580472497098,"Non-filaments","SC5","opaque","YELLOW","YELLOW","foams","foams","polyether urethane-polypropylene oxide - methylene",5,NA,NA
"316",32161,32161,"AW_21_01","2021-06-15","Port of Antwerp (Vijfde Havendok)","MAC_W_029","Macroplastics (> 5 mm)","Water",7749,NA,144,45.0662,0.005815744,NA,NA,1,"1899-12-31 10:55:00","1899-12-31 11:00:00",NA,"MAC_W_029_90",NA,"Polystyreen",NA,31.82,19.67,31.82,232,"WHITE","Styrofoam","Port of Antwerp","Spotsampling","Vijfde Havendok","Port of Antwerp",1.6176919166243,12.1592991829038,0.486022390204603,"Non-filaments","SC5","opaque","WHITE/CREAM","WHITE/CREAM","foams","foams","polystyrene",5,NA,NA
"317",32162,32162,"AW_21_01","2021-06-15","Port of Antwerp (Vijfde Havendok)","MAC_W_029","Macroplastics (> 5 mm)","Water",7749,NA,144,45.0662,0.005815744,NA,NA,1,"1899-12-31 10:55:00","1899-12-31 11:00:00",NA,"MAC_W_029_91",NA,"Polystyreen",NA,23.005,26.545,26.545,181,"WHITE","Styrofoam","Port of Antwerp","Spotsampling","Vijfde Havendok","Port of Antwerp",0.866641552081371,30.6297337535318,1.2394834666047,"Non-filaments","SC5","opaque","WHITE/CREAM","WHITE/CREAM","foams","foams","polystyrene",5,NA,NA
"318",32163,32163,"AW_21_01","2021-06-15","Port of Antwerp (Vijfde Havendok)","MAC_W_029","Macroplastics (> 5 mm)","Water",7749,NA,144,45.0662,0.005815744,NA,NA,1,"1899-12-31 10:55:00","1899-12-31 11:00:00",NA,"MAC_W_029_92",NA,"Polystyreen",NA,27.99,16.37,27.99,60,"WHITE","Styrofoam","Port of Antwerp","Spotsampling","Vijfde Havendok","Port of Antwerp",1.70983506414172,9.57402286530904,0.447268869149564,"Non-filaments","SC5","opaque","WHITE/CREAM","WHITE/CREAM","foams","foams","polystyrene",5,NA,NA
"319",32164,32164,"AW_21_01","2021-06-15","Port of Antwerp (Vijfde Havendok)","MAC_W_029","Macroplastics (> 5 mm)","Water",7749,NA,144,45.0662,0.005815744,NA,NA,1,"1899-12-31 10:55:00","1899-12-31 11:00:00",NA,"MAC_W_029_93",NA,"Polystyreen",NA,24.32,17.495,24.32,106,"WHITE","Styrofoam","Port of Antwerp","Spotsampling","Vijfde Havendok","Port of Antwerp",1.39011146041726,12.5853217516447,0.610134474007523,"Non-filaments","SC5","opaque","WHITE/CREAM","WHITE/CREAM","foams","foams","polystyrene",5,NA,NA
"320",32165,32165,"AW_21_01","2021-06-15","Port of Antwerp (Vijfde Havendok)","MAC_W_029","Macroplastics (> 5 mm)","Water",7749,NA,144,45.0662,0.005815744,NA,NA,1,"1899-12-31 10:55:00","1899-12-31 11:00:00",NA,"MAC_W_029_94",NA,"Polystyreen",NA,23.24,18.29,23.24,80,"WHITE","Styrofoam","Port of Antwerp","Spotsampling","Vijfde Havendok","Port of Antwerp",1.27063969382176,14.3943244406196,0.698178342129882,"Non-filaments","SC5","opaque","WHITE/CREAM","WHITE/CREAM","foams","foams","polystyrene",5,NA,NA
"321",32166,32166,"AW_21_01","2021-06-15","Port of Antwerp (Vijfde Havendok)","MAC_W_029","Macroplastics (> 5 mm)","Water",7749,NA,144,45.0662,0.005815744,NA,NA,1,"1899-12-31 10:55:00","1899-12-31 11:00:00",NA,"MAC_W_029_95",NA,"Polystyreen",NA,23.78,11.94,23.78,72,"WHITE","Styrofoam","Port of Antwerp","Spotsampling","Vijfde Havendok","Port of Antwerp",1.99162479061977,5.99510513036165,0.355785885268131,"Non-filaments","SC5","opaque","WHITE/CREAM","WHITE/CREAM","foams","foams","polystyrene",5,NA,NA
"322",32167,32167,"AW_21_01","2021-06-15","Port of Antwerp (Vijfde Havendok)","MAC_W_029","Macroplastics (> 5 mm)","Water",7749,NA,144,45.0662,0.005815744,NA,NA,1,"1899-12-31 10:55:00","1899-12-31 11:00:00",NA,"MAC_W_029_96",NA,"Polystyreen",NA,25.77,14.13,25.77,127,"WHITE","Styrofoam","Port of Antwerp","Spotsampling","Vijfde Havendok","Port of Antwerp",1.82377919320594,7.74764842840512,0.406014566497334,"Non-filaments","SC5","opaque","WHITE/CREAM","WHITE/CREAM","foams","foams","polystyrene",5,NA,NA
"323",32168,32168,"AW_21_01","2021-06-15","Port of Antwerp (Vijfde Havendok)","MAC_W_029","Macroplastics (> 5 mm)","Water",7749,NA,144,45.0662,0.005815744,NA,NA,1,"1899-12-31 10:55:00","1899-12-31 11:00:00",NA,"MAC_W_029_97",NA,"Polystyreen",NA,32.255,9.03,32.255,41,"WHITE","Styrofoam","Port of Antwerp","Spotsampling","Vijfde Havendok","Port of Antwerp",3.57198228128461,2.52800806076577,0.148127623799842,"Non-filaments","SC5","opaque","WHITE/CREAM","WHITE/CREAM","foams","foams","polystyrene",5,NA,NA
"324",32169,32169,"AW_21_01","2021-06-15","Port of Antwerp (Vijfde Havendok)","MAC_W_029","Macroplastics (> 5 mm)","Water",7749,NA,144,45.0662,0.005815744,NA,NA,1,"1899-12-31 10:55:00","1899-12-31 11:00:00",NA,"MAC_W_029_98",NA,"Polystyreen",NA,21.32,11.895,21.32,42,"WHITE","Styrofoam","Port of Antwerp","Spotsampling","Vijfde Havendok","Port of Antwerp",1.79234972677596,6.63653963414634,0.416740654084778,"Non-filaments","SC5","opaque","WHITE/CREAM","WHITE/CREAM","foams","foams","polystyrene",5,NA,NA
"325",32170,32170,"AW_21_01","2021-06-15","Port of Antwerp (Vijfde Havendok)","MAC_W_029","Macroplastics (> 5 mm)","Water",7749,NA,144,45.0662,0.005815744,NA,NA,1,"1899-12-31 10:55:00","1899-12-31 11:00:00",NA,"MAC_W_029_99",NA,"Polystyreen",NA,28.035,17.945,28.035,76,"WHITE","Styrofoam","Port of Antwerp","Spotsampling","Vijfde Havendok","Port of Antwerp",1.56227361382001,11.4864642411272,0.512111293491194,"Non-filaments","SC5","opaque","WHITE/CREAM","WHITE/CREAM","foams","foams","polystyrene",5,NA,NA
"326",32171,32171,"SH_20_01a","2020-10-15","River Scheldt (Doel)","MAC_W_030","Macroplastics (> 5 mm)","Water",25016,NA,1,0.111,0.00000443725,NA,NA,1,"1899-12-31 17:55:00","1899-12-31 18:05:00",NA,"MAC_W_030_1",NA,"Polypropyleen",NA,111,NA,111,11.1,"ORANGE","ND","River Scheldt","Spotsampling","Doel","River Scheldt (Downstream)",NA,NA,NA,NA,"SC7","opaque","ORANGE","ORANGE/RED/PURPLE/PINK","Undefined micro-litter items","Undefined micro-litter items","polypropylene",10,NA,NA
"327",32172,32172,"SH_20_01a","2020-10-15","River Scheldt (Antwerpen)","MAC_W_031","Macroplastics (> 5 mm)","Water",18806,NA,0,0,0,NA,NA,1,"1899-12-31 13:23:00","1899-12-31 13:30:00",NA,NA,NA,NA,NA,NA,NA,NA,NA,NA,NA,"River Scheldt","Spotsampling","Antwerp","River Scheldt (Upstream)",NA,NA,NA,NA,NA,NA,NA,"UNDEFINED",NA,NA,NA,7,NA,NA
"328",32173,32173,"AW_21_02","2021-06-16","Port of Antwerp (Doeldok)","MAC_W_032","Macroplastics (> 5 mm)","Water",24368,NA,2,0.01163,0.000000477275,NA,NA,1,"1899-12-31 11:05:00","1899-12-31 11:15:00",NA,"MAC_W_032_1",NA,"Polypropyleen",87.94,20.85,9.33,20.85,11,"WHITE","Foil","Port of Antwerp","Spotsampling","Doeldok","Port of Antwerp",2.23472668810289,4.1750071942446,0.299339050435996,"Non-filaments","SC5","opaque","WHITE/CREAM","WHITE/CREAM","films","films","polypropylene",10,NA,NA
"329",32174,32174,"AW_21_02","2021-06-16","Port of Antwerp (Doeldok)","MAC_W_032","Macroplastics (> 5 mm)","Water",24368,NA,2,0.01163,0.000000477275,NA,NA,1,"1899-12-31 11:05:00","1899-12-31 11:15:00",NA,"MAC_W_032_10",NA,"Polyethyleen",93.29,3.495,2.66,3.495,24,"WHITE","Pellet","Port of Antwerp","Spotsampling","Doeldok","Port of Antwerp",1.31390977443609,2.0244921316166,0.6639749345843,"Non-filaments","SC3","opaque","WHITE/CREAM","WHITE/CREAM","pellets","pellets","polyethylene",10,NA,NA
"330",32175,32175,"AW_21_02","2021-06-16","Port of Antwerp (Doeldok)","MAC_W_032","Macroplastics (> 5 mm)","Water",24368,NA,2,0.01163,0.000000477275,NA,NA,1,"1899-12-31 11:05:00","1899-12-31 11:15:00",NA,"MAC_W_032_11",NA,"Polypropyleen",87.76,4.175,1.095,4.175,16,"WHITE","Pellet","Port of Antwerp","Spotsampling","Doeldok","Port of Antwerp",3.81278538812785,0.287191616766467,0.134318693564542,"Non-filaments","SC3","opaque","WHITE/CREAM","WHITE/CREAM","pellets","pellets","polypropylene",10,NA,NA
"331",32176,32176,"AW_21_02","2021-06-16","Port of Antwerp (Doeldok)","MAC_W_032","Macroplastics (> 5 mm)","Water",24368,NA,2,0.01163,0.000000477275,NA,NA,1,"1899-12-31 11:05:00","1899-12-31 11:15:00",NA,"MAC_W_032_12",NA,"Polyethyleen",77.3,3.755,3.39,3.755,24,"WHITE","Pellet","Port of Antwerp","Spotsampling","Doeldok","Port of Antwerp",1.10766961651917,3.0604793608522,0.857797221730762,"Non-filaments","SC3","opaque","WHITE/CREAM","WHITE/CREAM","pellets","pellets","polyethylene",10,NA,NA
"332",32177,32177,"AW_21_02","2021-06-16","Port of Antwerp (Doeldok)","MAC_W_032","Macroplastics (> 5 mm)","Water",24368,NA,2,0.01163,0.000000477275,NA,NA,1,"1899-12-31 11:05:00","1899-12-31 11:15:00",NA,"MAC_W_032_13",NA,"Polyethyleen",92.71,3.115,0.63,3.115,12,"WHITE","Pellet","Port of Antwerp","Spotsampling","Doeldok","Port of Antwerp",4.94444444444444,0.127415730337079,0.0909544072039922,"Non-filaments","SC3","opaque","WHITE/CREAM","WHITE/CREAM","pellets","pellets","polyethylene",10,NA,NA
"333",32178,32178,"AW_21_02","2021-06-16","Port of Antwerp (Doeldok)","MAC_W_032","Macroplastics (> 5 mm)","Water",24368,NA,2,0.01163,0.000000477275,NA,NA,1,"1899-12-31 11:05:00","1899-12-31 11:15:00",NA,"MAC_W_032_14",NA,"Polyethyleen",91.44,4.05,2.84,4.05,26,"WHITE","Pellet","Port of Antwerp","Spotsampling","Doeldok","Port of Antwerp",1.42605633802817,1.99150617283951,0.587212071936611,"Non-filaments","SC3","opaque","WHITE/CREAM","WHITE/CREAM","pellets","pellets","polyethylene",10,NA,NA
"334",32179,32179,"AW_21_02","2021-06-16","Port of Antwerp (Doeldok)","MAC_W_032","Macroplastics (> 5 mm)","Water",24368,NA,2,0.01163,0.000000477275,NA,NA,1,"1899-12-31 11:05:00","1899-12-31 11:15:00",NA,"MAC_W_032_15",NA,"Polyethyleen",89.39,3.865,1.76,3.865,19,"WHITE","Pellet","Port of Antwerp","Spotsampling","Doeldok","Port of Antwerp",2.19602272727273,0.801448900388098,0.307287401069431,"Non-filaments","SC3","opaque","WHITE/CREAM","WHITE/CREAM","pellets","pellets","polyethylene",10,NA,NA
"335",32180,32180,"AW_21_02","2021-06-16","Port of Antwerp (Doeldok)","MAC_W_032","Macroplastics (> 5 mm)","Water",24368,NA,2,0.01163,0.000000477275,NA,NA,1,"1899-12-31 11:05:00","1899-12-31 11:15:00",NA,"MAC_W_032_16",NA,"Polypropyleen",87.66,3.375,2.72,3.375,25,"WHITE","Pellet","Port of Antwerp","Spotsampling","Doeldok","Port of Antwerp",1.24080882352941,2.19211851851852,0.723506921674926,"Non-filaments","SC3","opaque","WHITE/CREAM","WHITE/CREAM","pellets","pellets","polypropylene",10,NA,NA
"336",32181,32181,"AW_21_02","2021-06-16","Port of Antwerp (Doeldok)","MAC_W_032","Macroplastics (> 5 mm)","Water",24368,NA,2,0.01163,0.000000477275,NA,NA,1,"1899-12-31 11:05:00","1899-12-31 11:15:00",NA,"MAC_W_032_17",NA,"Polypropyleen",83.28,4.72,2.97,4.72,22,"WHITE","Pellet","Port of Antwerp","Spotsampling","Doeldok","Port of Antwerp",1.58922558922559,1.86883474576271,0.499139197026143,"Non-filaments","SC3","opaque","WHITE/CREAM","WHITE/CREAM","pellets","pellets","polypropylene",10,NA,NA
"337",32182,32182,"AW_21_02","2021-06-16","Port of Antwerp (Doeldok)","MAC_W_032","Macroplastics (> 5 mm)","Water",24368,NA,2,0.01163,0.000000477275,NA,NA,1,"1899-12-31 11:05:00","1899-12-31 11:15:00",NA,"MAC_W_032_18",NA,"Polyethyleen",92.28,3.95,3.04,3.95,26,"WHITE","Pellet","Port of Antwerp","Spotsampling","Doeldok","Port of Antwerp",1.29934210526316,2.33964556962025,0.675172479718129,"Non-filaments","SC3","opaque","WHITE/CREAM","WHITE/CREAM","pellets","pellets","polyethylene",10,NA,NA
"338",32183,32183,"AW_21_02","2021-06-16","Port of Antwerp (Doeldok)","MAC_W_032","Macroplastics (> 5 mm)","Water",24368,NA,2,0.01163,0.000000477275,NA,NA,1,"1899-12-31 11:05:00","1899-12-31 11:15:00",NA,"MAC_W_032_19",NA,"Polyethyleen",93.82,4.21,1.85,4.21,27,"WHITE","Pellet","Port of Antwerp","Spotsampling","Doeldok","Port of Antwerp",2.27567567567568,0.812945368171021,0.291295951572969,"Non-filaments","SC3","opaque","WHITE/CREAM","WHITE/CREAM","pellets","pellets","polyethylene",10,NA,NA
"339",32184,32184,"AW_21_02","2021-06-16","Port of Antwerp (Doeldok)","MAC_W_032","Macroplastics (> 5 mm)","Water",24368,NA,2,0.01163,0.000000477275,NA,NA,1,"1899-12-31 11:05:00","1899-12-31 11:15:00",NA,"MAC_W_032_2",NA,"Polystyreen",89.48,8.52,5.86,8.52,0.63,"WHITE","Styrofoam","Port of Antwerp","Spotsampling","Doeldok","Port of Antwerp",1.45392491467577,4.03046948356808,0.570409870289049,"Non-filaments","SC4","opaque","WHITE/CREAM","WHITE/CREAM","foams","foams","polystyrene",10,NA,NA
"340",32185,32185,"AW_21_02","2021-06-16","Port of Antwerp (Doeldok)","MAC_W_032","Macroplastics (> 5 mm)","Water",24368,NA,2,0.01163,0.000000477275,NA,NA,1,"1899-12-31 11:05:00","1899-12-31 11:15:00",NA,"MAC_W_032_20",NA,"Polyethyleen",91.29,3.805,2.78,3.805,31,"WHITE","Pellet","Port of Antwerp","Spotsampling","Doeldok","Port of Antwerp",1.36870503597122,2.03111695137976,0.624503968085512,"Non-filaments","SC3","opaque","WHITE/CREAM","WHITE/CREAM","pellets","pellets","polyethylene",10,NA,NA
"341",32186,32186,"AW_21_02","2021-06-16","Port of Antwerp (Doeldok)","MAC_W_032","Macroplastics (> 5 mm)","Water",24368,NA,2,0.01163,0.000000477275,NA,NA,1,"1899-12-31 11:05:00","1899-12-31 11:15:00",NA,"MAC_W_032_21",NA,"Polyethyleen",80.36,2.84,1.78,2.84,24,"WHITE","Pellet","Port of Antwerp","Spotsampling","Doeldok","Port of Antwerp",1.59550561797753,1.1156338028169,0.496195125315823,"Non-filaments","SC3","opaque","WHITE/CREAM","WHITE/CREAM","pellets","pellets","polyethylene",10,NA,NA
"342",32187,32187,"AW_21_02","2021-06-16","Port of Antwerp (Doeldok)","MAC_W_032","Macroplastics (> 5 mm)","Water",24368,NA,2,0.01163,0.000000477275,NA,NA,1,"1899-12-31 11:05:00","1899-12-31 11:15:00",NA,"MAC_W_032_3",NA,"Polyethyleen",91.41,4.59,2.42,4.59,38,"BLACK","Pellet","Port of Antwerp","Spotsampling","Doeldok","Port of Antwerp",1.89669421487603,1.27590413943355,0.382828287495121,"Non-filaments","SC3","opaque","BLACK/GREY","BLACK/GREY","pellets","pellets","polyethylene",10,NA,NA
"343",32188,32188,"AW_21_02","2021-06-16","Port of Antwerp (Doeldok)","MAC_W_032","Macroplastics (> 5 mm)","Water",24368,NA,2,0.01163,0.000000477275,NA,NA,1,"1899-12-31 11:05:00","1899-12-31 11:15:00",NA,"MAC_W_032_4",NA,"Polyethyleen",84.58,4.82,3.87,4.82,44,"WHITE","Pellet","Port of Antwerp","Spotsampling","Doeldok","Port of Antwerp",1.24547803617571,3.10724066390042,0.719442169722546,"Non-filaments","SC3","opaque","WHITE/CREAM","WHITE/CREAM","pellets","pellets","polyethylene",10,NA,NA
"344",32189,32189,"AW_21_02","2021-06-16","Port of Antwerp (Doeldok)","MAC_W_032","Macroplastics (> 5 mm)","Water",24368,NA,2,0.01163,0.000000477275,NA,NA,1,"1899-12-31 11:05:00","1899-12-31 11:15:00",NA,"MAC_W_032_5",NA,"Polyethyleen",93.23,4.45,2.64,4.45,34,"WHITE","Pellet","Port of Antwerp","Spotsampling","Doeldok","Port of Antwerp",1.68560606060606,1.56620224719101,0.45694704570627,"Non-filaments","SC3","opaque","WHITE/CREAM","WHITE/CREAM","pellets","pellets","polyethylene",10,NA,NA
"345",32190,32190,"AW_21_02","2021-06-16","Port of Antwerp (Doeldok)","MAC_W_032","Macroplastics (> 5 mm)","Water",24368,NA,2,0.01163,0.000000477275,NA,NA,1,"1899-12-31 11:05:00","1899-12-31 11:15:00",NA,"MAC_W_032_6",NA,"Polyethyleen",78.38,4.615,2.088,4.615,31,"WHITE","Pellet","Port of Antwerp","Spotsampling","Doeldok","Port of Antwerp",2.21024904214559,0.944689924160347,0.304325387340494,"Non-filaments","SC3","opaque","WHITE/CREAM","WHITE/CREAM","pellets","pellets","polyethylene",10,NA,NA
"346",32191,32191,"AW_21_02","2021-06-16","Port of Antwerp (Doeldok)","MAC_W_032","Macroplastics (> 5 mm)","Water",24368,NA,2,0.01163,0.000000477275,NA,NA,1,"1899-12-31 11:05:00","1899-12-31 11:15:00",NA,"MAC_W_032_7",NA,"Polyethyleen",88.33,4.32,2.98,4.32,22,"WHITE","Pellet","Port of Antwerp","Spotsampling","Doeldok","Port of Antwerp",1.4496644295302,2.05564814814815,0.572926322472012,"Non-filaments","SC3","opaque","WHITE/CREAM","WHITE/CREAM","pellets","pellets","polyethylene",10,NA,NA
"347",32192,32192,"AW_21_02","2021-06-16","Port of Antwerp (Doeldok)","MAC_W_032","Macroplastics (> 5 mm)","Water",24368,NA,2,0.01163,0.000000477275,NA,NA,1,"1899-12-31 11:05:00","1899-12-31 11:15:00",NA,"MAC_W_032_8",NA,"Polyethyleen",92.3,4.305,2.695,4.305,26,"WHITE","Pellet","Port of Antwerp","Spotsampling","Doeldok","Port of Antwerp",1.5974025974026,1.68711382113821,0.495311510464852,"Non-filaments","SC3","opaque","WHITE/CREAM","WHITE/CREAM","pellets","pellets","polyethylene",10,NA,NA
"348",32193,32193,"AW_21_02","2021-06-16","Port of Antwerp (Doeldok)","MAC_W_032","Macroplastics (> 5 mm)","Water",24368,NA,2,0.01163,0.000000477275,NA,NA,1,"1899-12-31 11:05:00","1899-12-31 11:15:00",NA,"MAC_W_032_9",NA,"Polyethyleen",91.22,3.975,2.88,3.975,29,"WHITE","Pellet","Port of Antwerp","Spotsampling","Doeldok","Port of Antwerp",1.38020833333333,2.08664150943396,0.616712899061101,"Non-filaments","SC3","opaque","WHITE/CREAM","WHITE/CREAM","pellets","pellets","polyethylene",10,NA,NA
"349",32194,32194,"NSP_21_01","2021-05-17","North Sea Port (Grootdok)","MAC_W_033","Macroplastics (> 5 mm)","Water",40405.5,NA,0,0,0,NA,NA,1,"1899-12-31 10:57:00","1899-12-31 11:17:00",NA,"MAC_W_033_1",NA,"Polyethyleen",72.86,4.46,NA,4.46,4.7,"BLACK","Pellet","North Sea Port","Spotsampling","Grootdok","North Sea Port",NA,NA,NA,NA,"SC3","opaque","BLACK/GREY","BLACK/GREY","pellets","pellets","polyethylene",20,NA,NA
"350",32195,32195,"NSP_21_01","2021-05-17","North Sea Port (Grootdok)","MAC_W_033","Macroplastics (> 5 mm)","Water",40405.5,NA,0,0,0,NA,NA,1,"1899-12-31 10:57:00","1899-12-31 11:17:00",NA,"MAC_W_033_2",NA,"Polyethyleen",95.07,4.025,NA,4.025,5,"WHITE","Pellet","North Sea Port","Spotsampling","Grootdok","North Sea Port",NA,NA,NA,NA,"SC3","opaque","WHITE/CREAM","WHITE/CREAM","pellets","pellets","polyethylene",20,NA,NA
"351",32196,32196,"NSP_21_01","2021-05-17","North Sea Port (Grootdok)","MAC_W_033","Macroplastics (> 5 mm)","Water",40405.5,NA,0,0,0,NA,NA,1,"1899-12-31 10:57:00","1899-12-31 11:17:00",NA,"MAC_W_033_3",NA,"Polystyreen",69.1,3.225,NA,3.225,0.09,"WHITE","Styrofoam","North Sea Port","Spotsampling","Grootdok","North Sea Port",NA,NA,NA,NA,"SC3","opaque","WHITE/CREAM","WHITE/CREAM","foams","foams","polystyrene",20,NA,NA
"352",32197,32197,"NSP_21_01","2021-05-17","North Sea Port (Ringvaart)","MAC_W_034","Macroplastics (> 5 mm)","Water",20898,NA,2,34.45305771,0.001648629,NA,NA,1,"1899-12-31 13:12:00","1899-12-31 13:21:00",NA,"MAC_W_034_1",NA,"Polybutadiene",74.31,152.74,NA,152.74,70.3,"TRANSPARENT","Foil","North Sea Port","Spotsampling","Ringvaart","North Sea Port",NA,NA,NA,NA,"SC7","transparent/translucent","COLOURLESS","COLOURLESS","films","films","polybutadiene",9,NA,NA
"353",32198,32198,"NSP_21_01","2021-05-17","North Sea Port (Ringvaart)","MAC_W_034","Macroplastics (> 5 mm)","Water",20898,NA,2,34.45305771,0.001648629,NA,NA,1,"1899-12-31 13:12:00","1899-12-31 13:21:00",NA,"MAC_W_034_2",NA,"Polypropyleen",94.39,24.925,NA,24.925,1.7,"WHITE","Foil","North Sea Port","Spotsampling","Ringvaart","North Sea Port",NA,NA,NA,NA,"SC5","opaque","WHITE/CREAM","WHITE/CREAM","films","films","polypropylene",9,NA,NA
"354",32199,32199,"NSP_21_01","2021-05-17","North Sea Port (Ringvaart)","MAC_W_034","Macroplastics (> 5 mm)","Water",20898,NA,2,34.45305771,0.001648629,NA,NA,1,"1899-12-31 13:12:00","1899-12-31 13:21:00",NA,"MAC_W_034_3",NA,"Polyethyleen",93.4,4.15,NA,4.15,2.2,"WHITE","Pellet","North Sea Port","Spotsampling","Ringvaart","North Sea Port",NA,NA,NA,NA,"SC3","opaque","WHITE/CREAM","WHITE/CREAM","pellets","pellets","polyethylene",9,NA,NA
"355",32200,32200,"NSP_21_01","2021-05-17","North Sea Port (Ringvaart)","MAC_W_034","Macroplastics (> 5 mm)","Water",20898,NA,2,34.45305771,0.001648629,NA,NA,1,"1899-12-31 13:12:00","1899-12-31 13:21:00",NA,"MAC_W_034_4",NA,"Polypropyleen",84.78,4.45,NA,4.45,3.2,"WHITE","Pellet","North Sea Port","Spotsampling","Ringvaart","North Sea Port",NA,NA,NA,NA,"SC3","opaque","WHITE/CREAM","WHITE/CREAM","pellets","pellets","polypropylene",9,NA,NA
"356",32201,32201,"NSP_21_01","2021-05-17","North Sea Port (Ringvaart)","MAC_W_034","Macroplastics (> 5 mm)","Water",20898,NA,2,34.45305771,0.001648629,NA,NA,1,"1899-12-31 13:12:00","1899-12-31 13:21:00",NA,"MAC_W_034_5",NA,"Polyethyleen",80.8,4.365,NA,4.365,2.6,"WHITE","Pellet","North Sea Port","Spotsampling","Ringvaart","North Sea Port",NA,NA,NA,NA,"SC3","opaque","WHITE/CREAM","WHITE/CREAM","pellets","pellets","polyethylene",9,NA,NA
"357",32202,32202,"NSP_21_01","2021-05-17","North Sea Port (Ringvaart)","MAC_W_034","Macroplastics (> 5 mm)","Water",20898,NA,2,34.45305771,0.001648629,NA,NA,1,"1899-12-31 13:12:00","1899-12-31 13:21:00",NA,"MAC_W_034_6",NA,"Polyethyleen",79.76,4.005,NA,4.005,1.4,"WHITE","Pellet","North Sea Port","Spotsampling","Ringvaart","North Sea Port",NA,NA,NA,NA,"SC3","opaque","WHITE/CREAM","WHITE/CREAM","pellets","pellets","polyethylene",9,NA,NA
"358",32203,32203,"NSP_21_01","2021-05-17","North Sea Port (Ringvaart)","MAC_W_034","Macroplastics (> 5 mm)","Water",20898,NA,2,34.45305771,0.001648629,NA,NA,1,"1899-12-31 13:12:00","1899-12-31 13:21:00",NA,"MAC_W_034_7",NA,"Polyethyleen",83.23,3.705,NA,3.705,2.5,"WHITE","Pellet","North Sea Port","Spotsampling","Ringvaart","North Sea Port",NA,NA,NA,NA,"SC3","opaque","WHITE/CREAM","WHITE/CREAM","pellets","pellets","polyethylene",9,NA,NA
"359",32204,32204,"NSP_21_01","2021-05-17","North Sea Port (Sifferdok)","MAC_W_035","Macroplastics (> 5 mm)","Water",27526.5,NA,33,232.3804334,0.008442062,NA,NA,1,"1899-12-31 14:47:00","1899-12-31 14:57:00",NA,"MAC_W_035_1",NA,"Polyethyleen",97.71,128.43,NA,128.43,167,"TRANSPARENT","Bubble wrap","North Sea Port","Spotsampling","Sifferdok","North Sea Port",NA,NA,NA,NA,"SC7","transparent/translucent","COLOURLESS","COLOURLESS","J67","J67","polyethylene",10,NA,NA
"360",32205,32205,"NSP_21_01","2021-05-17","North Sea Port (Sifferdok)","MAC_W_035","Macroplastics (> 5 mm)","Water",27526.5,NA,33,232.3804334,0.008442062,NA,NA,1,"1899-12-31 14:47:00","1899-12-31 14:57:00",NA,"MAC_W_035_10",NA,"Polypropyleen",55.15,15.63,NA,15.63,0.084,"WHITE","Foil","North Sea Port","Spotsampling","Sifferdok","North Sea Port",NA,NA,NA,NA,"SC5","opaque","WHITE/CREAM","WHITE/CREAM","films","films","polypropylene",10,NA,NA
"361",32206,32206,"NSP_21_01","2021-05-17","North Sea Port (Sifferdok)","MAC_W_035","Macroplastics (> 5 mm)","Water",27526.5,NA,33,232.3804334,0.008442062,NA,NA,1,"1899-12-31 14:47:00","1899-12-31 14:57:00",NA,"MAC_W_035_11",NA,"Polypropyleen",72.68,53.505,NA,53.505,2.6,"TRANSPARENT","Foil","North Sea Port","Spotsampling","Sifferdok","North Sea Port",NA,NA,NA,NA,"SC6","transparent/translucent","COLOURLESS","COLOURLESS","films","films","polypropylene",10,NA,NA
"362",32207,32207,"NSP_21_01","2021-05-17","North Sea Port (Sifferdok)","MAC_W_035","Macroplastics (> 5 mm)","Water",27526.5,NA,33,232.3804334,0.008442062,NA,NA,1,"1899-12-31 14:47:00","1899-12-31 14:57:00",NA,"MAC_W_035_12",NA,"Polyethyleen",94.77,128.39,NA,128.39,338.8,"WHITE","Hard plastic","North Sea Port","Spotsampling","Sifferdok","North Sea Port",NA,NA,NA,NA,"SC7","opaque","WHITE/CREAM","WHITE/CREAM","fragments","fragments","polyethylene",10,NA,NA
"363",32208,32208,"NSP_21_01","2021-05-17","North Sea Port (Sifferdok)","MAC_W_035","Macroplastics (> 5 mm)","Water",27526.5,NA,33,232.3804334,0.008442062,NA,NA,1,"1899-12-31 14:47:00","1899-12-31 14:57:00",NA,"MAC_W_035_13",NA,"Polypropyleen",78.67,39.605,NA,39.605,3.4,"TRANSPARENT","Foil","North Sea Port","Spotsampling","Sifferdok","North Sea Port",NA,NA,NA,NA,"SC5","transparent/translucent","COLOURLESS","COLOURLESS","films","films","polypropylene",10,NA,NA
"364",32209,32209,"NSP_21_01","2021-05-17","North Sea Port (Sifferdok)","MAC_W_035","Macroplastics (> 5 mm)","Water",27526.5,NA,33,232.3804334,0.008442062,NA,NA,1,"1899-12-31 14:47:00","1899-12-31 14:57:00",NA,"MAC_W_035_14",NA,"Polypropyleen",87.65,24.03,NA,24.03,0.8,"TRANSPARENT","Foil","North Sea Port","Spotsampling","Sifferdok","North Sea Port",NA,NA,NA,NA,"SC5","transparent/translucent","COLOURLESS","COLOURLESS","films","films","polypropylene",10,NA,NA
"365",32210,32210,"NSP_21_01","2021-05-17","North Sea Port (Sifferdok)","MAC_W_035","Macroplastics (> 5 mm)","Water",27526.5,NA,33,232.3804334,0.008442062,NA,NA,1,"1899-12-31 14:47:00","1899-12-31 14:57:00",NA,"MAC_W_035_15",NA,"Polypropyleen",79.9,35.84,NA,35.84,1.5,"TRANSPARENT","Foil","North Sea Port","Spotsampling","Sifferdok","North Sea Port",NA,NA,NA,NA,"SC5","transparent/translucent","COLOURLESS","COLOURLESS","films","films","polypropylene",10,NA,NA
"366",32211,32211,"NSP_21_01","2021-05-17","North Sea Port (Sifferdok)","MAC_W_035","Macroplastics (> 5 mm)","Water",27526.5,NA,33,232.3804334,0.008442062,NA,NA,1,"1899-12-31 14:47:00","1899-12-31 14:57:00",NA,"MAC_W_035_16",NA,"Polypropyleen",84.54,36.06,NA,36.06,1.1,"TRANSPARENT","Foil","North Sea Port","Spotsampling","Sifferdok","North Sea Port",NA,NA,NA,NA,"SC5","transparent/translucent","COLOURLESS","COLOURLESS","films","films","polypropylene",10,NA,NA
"367",32212,32212,"NSP_21_01","2021-05-17","North Sea Port (Sifferdok)","MAC_W_035","Macroplastics (> 5 mm)","Water",27526.5,NA,33,232.3804334,0.008442062,NA,NA,1,"1899-12-31 14:47:00","1899-12-31 14:57:00",NA,"MAC_W_035_17",NA,"Polypropyleen",89.55,25.77,NA,25.77,0.9,"TRANSPARENT","Foil","North Sea Port","Spotsampling","Sifferdok","North Sea Port",NA,NA,NA,NA,"SC5","transparent/translucent","COLOURLESS","COLOURLESS","films","films","polypropylene",10,NA,NA
"368",32213,32213,"NSP_21_01","2021-05-17","North Sea Port (Sifferdok)","MAC_W_035","Macroplastics (> 5 mm)","Water",27526.5,NA,33,232.3804334,0.008442062,NA,NA,1,"1899-12-31 14:47:00","1899-12-31 14:57:00",NA,"MAC_W_035_18",NA,"Polypropyleen",91.23,23.485,NA,23.485,0.7,"TRANSPARENT","Foil","North Sea Port","Spotsampling","Sifferdok","North Sea Port",NA,NA,NA,NA,"SC5","transparent/translucent","COLOURLESS","COLOURLESS","films","films","polypropylene",10,NA,NA
"369",32214,32214,"NSP_21_01","2021-05-17","North Sea Port (Sifferdok)","MAC_W_035","Macroplastics (> 5 mm)","Water",27526.5,NA,33,232.3804334,0.008442062,NA,NA,1,"1899-12-31 14:47:00","1899-12-31 14:57:00",NA,"MAC_W_035_19",NA,"Polypropyleen",94.32,23.125,NA,23.125,1.6,"TRANSPARENT","Foil","North Sea Port","Spotsampling","Sifferdok","North Sea Port",NA,NA,NA,NA,"SC5","transparent/translucent","COLOURLESS","COLOURLESS","films","films","polypropylene",10,NA,NA
"370",32215,32215,"NSP_21_01","2021-05-17","North Sea Port (Sifferdok)","MAC_W_035","Macroplastics (> 5 mm)","Water",27526.5,NA,33,232.3804334,0.008442062,NA,NA,1,"1899-12-31 14:47:00","1899-12-31 14:57:00",NA,"MAC_W_035_2",NA,"Polypropyleen",94.61,76.38,NA,76.38,9.4,"WHITE","Foil","North Sea Port","Spotsampling","Sifferdok","North Sea Port",NA,NA,NA,NA,"SC6","opaque","WHITE/CREAM","WHITE/CREAM","films","films","polypropylene",10,NA,NA
"371",32216,32216,"NSP_21_01","2021-05-17","North Sea Port (Sifferdok)","MAC_W_035","Macroplastics (> 5 mm)","Water",27526.5,NA,33,232.3804334,0.008442062,NA,NA,1,"1899-12-31 14:47:00","1899-12-31 14:57:00",NA,"MAC_W_035_20",NA,"Polypropyleen",78.44,26.91,NA,26.91,0.7,"TRANSPARENT","Foil","North Sea Port","Spotsampling","Sifferdok","North Sea Port",NA,NA,NA,NA,"SC5","transparent/translucent","COLOURLESS","COLOURLESS","films","films","polypropylene",10,NA,NA
"372",32217,32217,"NSP_21_01","2021-05-17","North Sea Port (Sifferdok)","MAC_W_035","Macroplastics (> 5 mm)","Water",27526.5,NA,33,232.3804334,0.008442062,NA,NA,1,"1899-12-31 14:47:00","1899-12-31 14:57:00",NA,"MAC_W_035_21",NA,"Polypropyleen",83.44,17.09,NA,17.09,0.065,"TRANSPARENT","Foil","North Sea Port","Spotsampling","Sifferdok","North Sea Port",NA,NA,NA,NA,"SC5","transparent/translucent","COLOURLESS","COLOURLESS","films","films","polypropylene",10,NA,NA
"373",32218,32218,"NSP_21_01","2021-05-17","North Sea Port (Sifferdok)","MAC_W_035","Macroplastics (> 5 mm)","Water",27526.5,NA,33,232.3804334,0.008442062,NA,NA,1,"1899-12-31 14:47:00","1899-12-31 14:57:00",NA,"MAC_W_035_22",NA,"Polypropyleen",88.61,13.045,NA,13.045,0.053,"TRANSPARENT","Foil","North Sea Port","Spotsampling","Sifferdok","North Sea Port",NA,NA,NA,NA,"SC4","transparent/translucent","COLOURLESS","COLOURLESS","films","films","polypropylene",10,NA,NA
"374",32219,32219,"NSP_21_01","2021-05-17","North Sea Port (Sifferdok)","MAC_W_035","Macroplastics (> 5 mm)","Water",27526.5,NA,33,232.3804334,0.008442062,NA,NA,1,"1899-12-31 14:47:00","1899-12-31 14:57:00",NA,"MAC_W_035_23",NA,"Polypropyleen",96.75,72.8,NA,72.8,20.5,"WHITE","Hard plastic","North Sea Port","Spotsampling","Sifferdok","North Sea Port",NA,NA,NA,NA,"SC6","opaque","WHITE/CREAM","WHITE/CREAM","fragments","fragments","polypropylene",10,NA,NA
"375",32220,32220,"NSP_21_01","2021-05-17","North Sea Port (Sifferdok)","MAC_W_035","Macroplastics (> 5 mm)","Water",27526.5,NA,33,232.3804334,0.008442062,NA,NA,1,"1899-12-31 14:47:00","1899-12-31 14:57:00",NA,"MAC_W_035_24",NA,"Polyethyleen",94.85,52.26,NA,52.26,4.7,"WHITE","Foil","North Sea Port","Spotsampling","Sifferdok","North Sea Port",NA,NA,NA,NA,"SC6","opaque","WHITE/CREAM","WHITE/CREAM","films","films","polyethylene",10,NA,NA
"376",32221,32221,"NSP_21_01","2021-05-17","North Sea Port (Sifferdok)","MAC_W_035","Macroplastics (> 5 mm)","Water",27526.5,NA,33,232.3804334,0.008442062,NA,NA,1,"1899-12-31 14:47:00","1899-12-31 14:57:00",NA,"MAC_W_035_25",NA,"Polyethyleen",92.34,48.99,NA,48.99,2.4,"WHITE","Foil","North Sea Port","Spotsampling","Sifferdok","North Sea Port",NA,NA,NA,NA,"SC5","opaque","WHITE/CREAM","WHITE/CREAM","films","films","polyethylene",10,NA,NA
"377",32222,32222,"NSP_21_01","2021-05-17","North Sea Port (Sifferdok)","MAC_W_035","Macroplastics (> 5 mm)","Water",27526.5,NA,33,232.3804334,0.008442062,NA,NA,1,"1899-12-31 14:47:00","1899-12-31 14:57:00",NA,"MAC_W_035_26",NA,"Polyethyleen",95.22,26.57,NA,26.57,3.5,"WHITE","Foil","North Sea Port","Spotsampling","Sifferdok","North Sea Port",NA,NA,NA,NA,"SC5","opaque","WHITE/CREAM","WHITE/CREAM","films","films","polyethylene",10,NA,NA
"378",32223,32223,"NSP_21_01","2021-05-17","North Sea Port (Sifferdok)","MAC_W_035","Macroplastics (> 5 mm)","Water",27526.5,NA,33,232.3804334,0.008442062,NA,NA,1,"1899-12-31 14:47:00","1899-12-31 14:57:00",NA,"MAC_W_035_27",NA,"Polyethyleen",88.69,24.265,NA,24.265,2.3,"WHITE","Foil","North Sea Port","Spotsampling","Sifferdok","North Sea Port",NA,NA,NA,NA,"SC5","opaque","WHITE/CREAM","WHITE/CREAM","films","films","polyethylene",10,NA,NA
"379",32224,32224,"NSP_21_01","2021-05-17","North Sea Port (Sifferdok)","MAC_W_035","Macroplastics (> 5 mm)","Water",27526.5,NA,33,232.3804334,0.008442062,NA,NA,1,"1899-12-31 14:47:00","1899-12-31 14:57:00",NA,"MAC_W_035_28",NA,"Polyurethaan",59.47,114.94,NA,114.94,6.1,"GREY","Fiber","North Sea Port","Spotsampling","Sifferdok","North Sea Port",NA,NA,NA,NA,"SC7","opaque","BLACK/GREY","BLACK/GREY","filaments","filaments","polyurethane",10,NA,NA
"380",32225,32225,"NSP_21_01","2021-05-17","North Sea Port (Sifferdok)","MAC_W_035","Macroplastics (> 5 mm)","Water",27526.5,NA,33,232.3804334,0.008442062,NA,NA,1,"1899-12-31 14:47:00","1899-12-31 14:57:00",NA,"MAC_W_035_29",NA,"Polypropyleen",93.36,133.95,NA,133.95,1.5,"BLACK","Fiber","North Sea Port","Spotsampling","Sifferdok","North Sea Port",NA,NA,NA,NA,"SC7","opaque","BLACK/GREY","BLACK/GREY","filaments","filaments","polypropylene",10,NA,NA
"381",32226,32226,"NSP_21_01","2021-05-17","North Sea Port (Sifferdok)","MAC_W_035","Macroplastics (> 5 mm)","Water",27526.5,NA,33,232.3804334,0.008442062,NA,NA,1,"1899-12-31 14:47:00","1899-12-31 14:57:00",NA,"MAC_W_035_3",NA,"Polypropyleen",95.96,109.54,NA,109.54,8.4,"TRANSPARENT","Foil","North Sea Port","Spotsampling","Sifferdok","North Sea Port",NA,NA,NA,NA,"SC7","transparent/translucent","COLOURLESS","COLOURLESS","films","films","polypropylene",10,NA,NA
"382",32227,32227,"NSP_21_01","2021-05-17","North Sea Port (Sifferdok)","MAC_W_035","Macroplastics (> 5 mm)","Water",27526.5,NA,33,232.3804334,0.008442062,NA,NA,1,"1899-12-31 14:47:00","1899-12-31 14:57:00",NA,"MAC_W_035_30",NA,"Polypropyleen",82.42,19.22,NA,19.22,0.4,"GREY","Fiber","North Sea Port","Spotsampling","Sifferdok","North Sea Port",NA,NA,NA,NA,"SC5","opaque","BLACK/GREY","BLACK/GREY","filaments","filaments","polypropylene",10,NA,NA
"383",32228,32228,"NSP_21_01","2021-05-17","North Sea Port (Sifferdok)","MAC_W_035","Macroplastics (> 5 mm)","Water",27526.5,NA,33,232.3804334,0.008442062,NA,NA,1,"1899-12-31 14:47:00","1899-12-31 14:57:00",NA,"MAC_W_035_31",NA,"Polypropyleen",93.5,95.345,NA,95.345,17.1,"WHITE","Foil","North Sea Port","Spotsampling","Sifferdok","North Sea Port",NA,NA,NA,NA,"SC6","opaque","WHITE/CREAM","WHITE/CREAM","films","films","polypropylene",10,NA,NA
"384",32229,32229,"NSP_21_01","2021-05-17","North Sea Port (Sifferdok)","MAC_W_035","Macroplastics (> 5 mm)","Water",27526.5,NA,33,232.3804334,0.008442062,NA,NA,1,"1899-12-31 14:47:00","1899-12-31 14:57:00",NA,"MAC_W_035_32",NA,"Polypropyleen",97.44,76.76,NA,76.76,10.3,"WHITE","Foil","North Sea Port","Spotsampling","Sifferdok","North Sea Port",NA,NA,NA,NA,"SC6","opaque","WHITE/CREAM","WHITE/CREAM","films","films","polypropylene",10,NA,NA
"385",32230,32230,"NSP_21_01","2021-05-17","North Sea Port (Sifferdok)","MAC_W_035","Macroplastics (> 5 mm)","Water",27526.5,NA,33,232.3804334,0.008442062,NA,NA,1,"1899-12-31 14:47:00","1899-12-31 14:57:00",NA,"MAC_W_035_33",NA,"Polypropyleen",96.45,86.81,NA,86.81,12.2,"WHITE","Foil","North Sea Port","Spotsampling","Sifferdok","North Sea Port",NA,NA,NA,NA,"SC6","opaque","WHITE/CREAM","WHITE/CREAM","films","films","polypropylene",10,NA,NA
"386",32231,32231,"NSP_21_01","2021-05-17","North Sea Port (Sifferdok)","MAC_W_035","Macroplastics (> 5 mm)","Water",27526.5,NA,33,232.3804334,0.008442062,NA,NA,1,"1899-12-31 14:47:00","1899-12-31 14:57:00",NA,"MAC_W_035_4",NA,"Polyethyleen",95.97,67.2,NA,67.2,9.8,"TRANSPARENT","Foil","North Sea Port","Spotsampling","Sifferdok","North Sea Port",NA,NA,NA,NA,"SC6","transparent/translucent","COLOURLESS","COLOURLESS","films","films","polyethylene",10,NA,NA
"387",32232,32232,"NSP_21_01","2021-05-17","North Sea Port (Sifferdok)","MAC_W_035","Macroplastics (> 5 mm)","Water",27526.5,NA,33,232.3804334,0.008442062,NA,NA,1,"1899-12-31 14:47:00","1899-12-31 14:57:00",NA,"MAC_W_035_5",NA,"Polyethyleen",93.41,47.885,NA,47.885,6.4,"BLACK AND WHITE","Foil","North Sea Port","Spotsampling","Sifferdok","North Sea Port",NA,NA,NA,NA,"SC5","opaque","MULTICOLOUR","MULTICOLOUR","films","films","polyethylene",10,NA,NA
"388",32233,32233,"NSP_21_01","2021-05-17","North Sea Port (Sifferdok)","MAC_W_035","Macroplastics (> 5 mm)","Water",27526.5,NA,33,232.3804334,0.008442062,NA,NA,1,"1899-12-31 14:47:00","1899-12-31 14:57:00",NA,"MAC_W_035_6",NA,"Polyethyleen",95.16,24.2,NA,24.2,2.4,"GREEN","Foil","North Sea Port","Spotsampling","Sifferdok","North Sea Port",NA,NA,NA,NA,"SC5","opaque","GREEN","BLUE/GREEN","films","films","polyethylene",10,NA,NA
"389",32234,32234,"NSP_21_01","2021-05-17","North Sea Port (Sifferdok)","MAC_W_035","Macroplastics (> 5 mm)","Water",27526.5,NA,33,232.3804334,0.008442062,NA,NA,1,"1899-12-31 14:47:00","1899-12-31 14:57:00",NA,"MAC_W_035_7",NA,"Polypropyleen",68.01,51.78,NA,51.78,2.3,"WHITE","Foil","North Sea Port","Spotsampling","Sifferdok","North Sea Port",NA,NA,NA,NA,"SC6","opaque","WHITE/CREAM","WHITE/CREAM","films","films","polypropylene",10,NA,NA
"390",32235,32235,"NSP_21_01","2021-05-17","North Sea Port (Sifferdok)","MAC_W_035","Macroplastics (> 5 mm)","Water",27526.5,NA,33,232.3804334,0.008442062,NA,NA,1,"1899-12-31 14:47:00","1899-12-31 14:57:00",NA,"MAC_W_035_8",NA,"Polypropyleen",79.32,35.43,NA,35.43,0.6,"WHITE","Foil","North Sea Port","Spotsampling","Sifferdok","North Sea Port",NA,NA,NA,NA,"SC5","opaque","WHITE/CREAM","WHITE/CREAM","films","films","polypropylene",10,NA,NA
"391",32236,32236,"NSP_21_01","2021-05-17","North Sea Port (Sifferdok)","MAC_W_035","Macroplastics (> 5 mm)","Water",27526.5,NA,33,232.3804334,0.008442062,NA,NA,1,"1899-12-31 14:47:00","1899-12-31 14:57:00",NA,"MAC_W_035_9",NA,"Polypropyleen",77.25,22.88,NA,22.88,0.06,"WHITE","Foil","North Sea Port","Spotsampling","Sifferdok","North Sea Port",NA,NA,NA,NA,"SC5","opaque","WHITE/CREAM","WHITE/CREAM","films","films","polypropylene",10,NA,NA
"392",32237,32237,"OS_20_04","2020-11-17","Port of Oostende (A)","MAC_W_036","Macroplastics (> 5 mm)","Water",32022,NA,0,0,0,NA,NA,1,"1899-12-31 09:39:00","1899-12-31 09:47:00",NA,NA,NA,NA,NA,NA,NA,NA,NA,NA,NA,"Port of Oostende","Spotsampling","Ostend (A)","Port of Ostend",NA,NA,NA,NA,NA,NA,NA,"UNDEFINED",NA,NA,NA,8,NA,NA
"393",32238,32238,"OS_20_04","2020-11-17","Port of Oostende (B)","MAC_W_037","Macroplastics (> 5 mm)","Water",19764,NA,0,0,0,NA,NA,1,"1899-12-31 11:00:00","1899-12-31 11:07:00",NA,NA,NA,NA,NA,NA,NA,NA,NA,NA,NA,"Port of Oostende","Spotsampling","Ostend (B)","Port of Ostend",NA,NA,NA,NA,NA,NA,NA,"UNDEFINED",NA,NA,NA,7,NA,NA
"394",32239,32239,"OS_20_04","2020-11-17","Port of Oostende (C)","MAC_W_038","Macroplastics (> 5 mm)","Water",26393,NA,1,0.3,0.0000113669,NA,NA,1,"1899-12-31 12:00:00","1899-12-31 12:08:00",NA,"MAC_W_038_1",NA,"Polypropyleen",NA,300,NA,300,30,"TRANSPARENT","ND","Port of Oostende","Spotsampling","Ostend (C)","Port of Ostend",NA,NA,NA,NA,"SC7","transparent/translucent","COLOURLESS","COLOURLESS","Undefined micro-litter items","Undefined micro-litter items","polypropylene",8,NA,NA
"395",32240,32240,"NSP_21_02","2021-05-18","North Sea Port (Mercatordok)","MAC_W_039","Macroplastics (> 5 mm)","Water",18225,NA,0,0,0,NA,NA,1,"1899-12-31 10:25:00","1899-12-31 10:30:00",NA,"MAC_W_039_1",NA,"Polypropyleen",72.08,4.11,2.16,4.11,NA,"WHITE","Pellet","North Sea Port","Spotsampling","Mercatordok","North Sea Port",1.90277777777778,1.13518248175182,0.380993787326477,"Non-filaments","SC3","opaque","WHITE/CREAM","WHITE/CREAM","pellets","pellets","polypropylene",5,NA,NA
"396",32241,32241,"NSP_21_02","2021-05-18","North Sea Port (Mercatordok)","MAC_W_039","Macroplastics (> 5 mm)","Water",18225,NA,0,0,0,NA,NA,1,"1899-12-31 10:25:00","1899-12-31 10:30:00",NA,"MAC_W_039_2",NA,"Polyethyleen",89.62,4.11,2.945,4.11,NA,"WHITE","Pellet","North Sea Port","Spotsampling","Mercatordok","North Sea Port",1.3955857385399,2.11022506082725,0.606548057016215,"Non-filaments","SC3","opaque","WHITE/CREAM","WHITE/CREAM","pellets","pellets","polyethylene",5,NA,NA
"397",32242,32242,"NSP_21_02","2021-05-18","North Sea Port (Insteekdok Zelzate)","MAC_W_040","Macroplastics (> 5 mm)","Water",37057.5,NA,0,0,0,NA,NA,1,"1899-12-31 12:19:00","1899-12-31 12:29:00",NA,"MAC_W_040_1",NA,"Polyethyleen",91.57,4.8,2.49,4.8,NA,"WHITE","Pellet","North Sea Port","Spotsampling","Insteekdok","North Sea Port",1.92771084337349,1.2916875,0.373626063794906,"Non-filaments","SC3","opaque","WHITE/CREAM","WHITE/CREAM","pellets","pellets","polyethylene",10,NA,NA
"398",32243,32243,"NSP_21_02","2021-05-18","North Sea Port (Kluizendok)","MAC_W_041","Macroplastics (> 5 mm)","Water",16591.5,NA,0,0,0,NA,NA,1,"1899-12-31 14:16:00","1899-12-31 14:26:00",NA,NA,NA,NA,NA,NA,NA,NA,NA,NA,NA,"North Sea Port","Spotsampling","Kluizendok","North Sea Port",NA,NA,NA,NA,NA,NA,NA,"UNDEFINED",NA,NA,NA,10,NA,NA
"399",32244,32244,"NP_20_04","2020-11-18","Port of Nieuwpoort (A)","MAC_W_042","Macroplastics (> 5 mm)","Water",20925,NA,0,0,0,NA,NA,1,"1899-12-31 10:02:00","1899-12-31 10:08:00",NA,NA,NA,NA,NA,NA,NA,NA,NA,NA,NA,"Port of Nieuwpoort","Spotsampling","Nieuwpoort (A)","Port of Nieuwpoort",NA,NA,NA,NA,NA,NA,NA,"UNDEFINED",NA,NA,NA,6,NA,NA
"400",32245,32245,"NP_20_04","2020-11-18","Port of Nieuwpoort (B)","MAC_W_043","Macroplastics (> 5 mm)","Water",21330,NA,2,0.107,0.00000501641,NA,NA,1,"1899-12-31 11:28:00","1899-12-31 11:34:00",NA,"MAC_W_043_1",NA,"Polyethyleen",NA,71,NA,71,7.1,"WHITE","ND","Port of Nieuwpoort","Spotsampling","Nieuwpoort (B)","Port of Nieuwpoort",NA,NA,NA,NA,"SC6","opaque","WHITE/CREAM","WHITE/CREAM","Undefined micro-litter items","Undefined micro-litter items","polyethylene",6,NA,NA
"401",32246,32246,"NP_20_04","2020-11-18","Port of Nieuwpoort (B)","MAC_W_043","Macroplastics (> 5 mm)","Water",21330,NA,2,0.107,0.00000501641,NA,NA,1,"1899-12-31 11:28:00","1899-12-31 11:34:00",NA,"MAC_W_043_2",NA,"Polypropyleen",NA,36,NA,36,3.6,"TRANSPARENT","ND","Port of Nieuwpoort","Spotsampling","Nieuwpoort (B)","Port of Nieuwpoort",NA,NA,NA,NA,"SC5","transparent/translucent","COLOURLESS","COLOURLESS","Undefined micro-litter items","Undefined micro-litter items","polypropylene",6,NA,NA
"402",32247,32247,"NP_20_04","2020-11-18","Port of Nieuwpoort (C)","MAC_W_044","Macroplastics (> 5 mm)","Water",24003,NA,0,0,0,NA,NA,1,"1899-12-31 11:57:00","1899-12-31 12:03:00",NA,NA,NA,NA,NA,NA,NA,NA,NA,NA,NA,"Port of Nieuwpoort","Spotsampling","Nieuwpoort (C)","Port of Nieuwpoort",NA,NA,NA,NA,NA,NA,NA,"UNDEFINED",NA,NA,NA,6,NA,NA
"403",32248,32248,"AW_20_01","2020-11-19","Port of Antwerp (Kanaaldok)","MAC_W_045","Macroplastics (> 5 mm)","Water",29862,NA,0,0,0,NA,NA,1,"1899-12-31 10:53:00","1899-12-31 11:02:00",NA,NA,NA,NA,NA,NA,NA,NA,NA,NA,NA,"Port of Antwerp","Spotsampling","Kanaaldok","Port of Antwerp",NA,NA,NA,NA,NA,NA,NA,"UNDEFINED",NA,NA,NA,9,NA,NA
"404",32249,32249,"AW_20_01","2020-11-19","Port of Antwerp (Schelde Rijn kanaal)","MAC_W_046","Macroplastics (> 5 mm)","Water",29309,NA,0,0,0,NA,NA,1,"1899-12-31 13:08:00","1899-12-31 13:17:00",NA,NA,NA,NA,NA,NA,NA,NA,NA,NA,NA,"Port of Antwerp","Spotsampling","Schelde Rijn kanaal","Port of Antwerp",NA,NA,NA,NA,NA,NA,NA,"UNDEFINED",NA,NA,NA,9,NA,NA
"405",32250,32250,"SH_21_03a","2021-04-20","River Scheldt (Wintam)","MAC_W_047","Macroplastics (> 5 mm)","Water",13365,NA,1,0.0005,0.0000000374111,NA,NA,1,"1899-12-31 19:11:00","1899-12-31 19:16:00",NA,"MAC_W_047_1",NA,"Polypropyleen",93.82,94.667,NA,94.667,0.05,"BLACK","Fiber","River Scheldt","Spotsampling","Wintam","River Scheldt (Upstream)",NA,NA,NA,NA,"SC6","opaque","BLACK/GREY","BLACK/GREY","filaments","filaments","polypropylene",5,NA,NA
"406",32251,32251,"SH_21_03a","2021-04-21","River Scheldt (Doel)","MAC_W_048","Macroplastics (> 5 mm)","Water",7925,NA,0,0,0,NA,NA,1,"1899-12-31 19:05:00","1899-12-31 19:15:00",NA,NA,NA,NA,NA,NA,NA,NA,NA,NA,NA,"River Scheldt","Spotsampling","Doel","River Scheldt (Downstream)",NA,NA,NA,NA,NA,NA,NA,"UNDEFINED",NA,NA,NA,10,NA,NA
"407",32252,32252,"SH_21_03a","2021-04-21","River Scheldt (Antwerpen)","MAC_W_049","Macroplastics (> 5 mm)","Water",31604,NA,27,0.85184,0.000026954,NA,NA,1,"1899-12-31 07:19:00","1899-12-31 07:30:00",NA,"MAC_W_049_1",NA,"Polypropyleen",96.82,69.78,25.745,69.78,522,"WHITE","Hard plastic","River Scheldt","Spotsampling","Antwerp","River Scheldt (Upstream)",2.71042920955525,9.49849562912009,0.224100536671842,"Non-filaments","SC6","opaque","WHITE/CREAM","WHITE/CREAM","fragments","fragments","polypropylene",11,NA,NA
"408",32253,32253,"SH_21_03a","2021-04-21","River Scheldt (Antwerpen)","MAC_W_049","Macroplastics (> 5 mm)","Water",31604,NA,27,0.85184,0.000026954,NA,NA,1,"1899-12-31 07:19:00","1899-12-31 07:30:00",NA,"MAC_W_049_10",NA,"Polypropyleen",76.97,19.19,13.99,19.19,5,"TRANSPARENT","Foil","River Scheldt","Spotsampling","Antwerp","River Scheldt (Upstream)",1.37169406719085,10.1990672225117,0.622463814273915,"Non-filaments","SC5","transparent/translucent","COLOURLESS","COLOURLESS","films","films","polypropylene",11,NA,NA
"409",32254,32254,"SH_21_03a","2021-04-21","River Scheldt (Antwerpen)","MAC_W_049","Macroplastics (> 5 mm)","Water",31604,NA,27,0.85184,0.000026954,NA,NA,1,"1899-12-31 07:19:00","1899-12-31 07:30:00",NA,"MAC_W_049_11",NA,"Polypropyleen",97.37,8.155,6.925,8.155,0.69,"TRANSPARENT","Foil","River Scheldt","Spotsampling","Antwerp","River Scheldt (Upstream)",1.17761732851986,5.88051808706315,0.78251688697704,"Non-filaments","SC4","transparent/translucent","COLOURLESS","COLOURLESS","films","films","polypropylene",11,NA,NA
"410",32255,32255,"SH_21_03a","2021-04-21","River Scheldt (Antwerpen)","MAC_W_049","Macroplastics (> 5 mm)","Water",31604,NA,27,0.85184,0.000026954,NA,NA,1,"1899-12-31 07:19:00","1899-12-31 07:30:00",NA,"MAC_W_049_12",NA,"Polyethyleen",95.41,16.54,6.085,16.54,0.8,"TRANSPARENT","Foil","River Scheldt","Spotsampling","Antwerp","River Scheldt (Upstream)",2.71815940838127,2.23864721886336,0.223145234274896,"Non-filaments","SC5","transparent/translucent","COLOURLESS","COLOURLESS","films","films","polyethylene",11,NA,NA
"411",32256,32256,"SH_21_03a","2021-04-21","River Scheldt (Antwerpen)","MAC_W_049","Macroplastics (> 5 mm)","Water",31604,NA,27,0.85184,0.000026954,NA,NA,1,"1899-12-31 07:19:00","1899-12-31 07:30:00",NA,"MAC_W_049_13",NA,"Polypropyleen",96.49,16.42,9.24,16.42,21,"WHITE","Hard plastic","River Scheldt","Spotsampling","Antwerp","River Scheldt (Upstream)",1.77705627705628,5.19961023142509,0.422131953604359,"Non-filaments","SC5","opaque","WHITE/CREAM","WHITE/CREAM","fragments","fragments","polypropylene",11,NA,NA
"412",32257,32257,"SH_21_03a","2021-04-21","River Scheldt (Antwerpen)","MAC_W_049","Macroplastics (> 5 mm)","Water",31604,NA,27,0.85184,0.000026954,NA,NA,1,"1899-12-31 07:19:00","1899-12-31 07:30:00",NA,"MAC_W_049_14",NA,"Polyethyleen",92.34,8.45,8.09,8.45,0.85,"TRANSPARENT","Foil","River Scheldt","Spotsampling","Antwerp","River Scheldt (Upstream)",1.04449938195303,7.74533727810651,0.936780234900078,"Non-filaments","SC4","transparent/translucent","COLOURLESS","COLOURLESS","films","films","polyethylene",11,NA,NA
"413",32258,32258,"SH_21_03a","2021-04-21","River Scheldt (Antwerpen)","MAC_W_049","Macroplastics (> 5 mm)","Water",31604,NA,27,0.85184,0.000026954,NA,NA,1,"1899-12-31 07:19:00","1899-12-31 07:30:00",NA,"MAC_W_049_15",NA,"Polyethyleen",95,7.905,4.015,7.905,0.72,"WHITE","Foil","River Scheldt","Spotsampling","Antwerp","River Scheldt (Upstream)",1.96886674968867,2.03924414927261,0.361972446427624,"Non-filaments","SC4","opaque","WHITE/CREAM","WHITE/CREAM","films","films","polyethylene",11,NA,NA
"414",32259,32259,"SH_21_03a","2021-04-21","River Scheldt (Antwerpen)","MAC_W_049","Macroplastics (> 5 mm)","Water",31604,NA,27,0.85184,0.000026954,NA,NA,1,"1899-12-31 07:19:00","1899-12-31 07:30:00",NA,"MAC_W_049_16",NA,"Polypropyleen",84.11,6.47,5.19,6.47,0.6,"WHITE","Foil","River Scheldt","Spotsampling","Antwerp","River Scheldt (Upstream)",1.24662813102119,4.16323029366306,0.718446801686418,"Non-filaments","SC4","opaque","WHITE/CREAM","WHITE/CREAM","films","films","polypropylene",11,NA,NA
"415",32260,32260,"SH_21_03a","2021-04-21","River Scheldt (Antwerpen)","MAC_W_049","Macroplastics (> 5 mm)","Water",31604,NA,27,0.85184,0.000026954,NA,NA,1,"1899-12-31 07:19:00","1899-12-31 07:30:00",NA,"MAC_W_049_17",NA,"Polyethyleen",94.83,14.59,2.45,14.59,0.58,"WHITE","Fiber","River Scheldt","Spotsampling","Antwerp","River Scheldt (Upstream)",5.95510204081633,0.411411925976696,0.0688123181654214,"Non-filaments","SC4","opaque","WHITE/CREAM","WHITE/CREAM","filaments","filaments","polyethylene",11,NA,NA
"416",32261,32261,"SH_21_03a","2021-04-21","River Scheldt (Antwerpen)","MAC_W_049","Macroplastics (> 5 mm)","Water",31604,NA,27,0.85184,0.000026954,NA,NA,1,"1899-12-31 07:19:00","1899-12-31 07:30:00",NA,"MAC_W_049_18",NA,"Polyethyleen",94.28,10.6,2.2,10.6,13,"GREEN","Hard plastic","River Scheldt","Spotsampling","Antwerp","River Scheldt (Upstream)",4.81818181818182,0.456603773584906,0.0945529805227099,"Non-filaments","SC4","opaque","GREEN","BLUE/GREEN","fragments","fragments","polyethylene",11,NA,NA
"417",32262,32262,"SH_21_03a","2021-04-21","River Scheldt (Antwerpen)","MAC_W_049","Macroplastics (> 5 mm)","Water",31604,NA,27,0.85184,0.000026954,NA,NA,1,"1899-12-31 07:19:00","1899-12-31 07:30:00",NA,"MAC_W_049_19",NA,"Polyethyleen",81.06,4.75,1.585,4.75,0.5,"BLUE","Pellet","River Scheldt","Spotsampling","Antwerp","River Scheldt (Upstream)",2.99684542586751,0.52888947368421,0.192754038243994,"Non-filaments","SC3","opaque","BLUE","BLUE/GREEN","pellets","pellets","polyethylene",11,NA,NA
"418",32263,32263,"SH_21_03a","2021-04-21","River Scheldt (Antwerpen)","MAC_W_049","Macroplastics (> 5 mm)","Water",31604,NA,27,0.85184,0.000026954,NA,NA,1,"1899-12-31 07:19:00","1899-12-31 07:30:00",NA,"MAC_W_049_2",NA,"Polypropyleen",84.6,72.29,45.48,72.29,55,"TRANSPARENT","Foil","River Scheldt","Spotsampling","Antwerp","River Scheldt (Upstream)",1.58948988566403,28.6129533822105,0.499014708758647,"Non-filaments","SC6","transparent/translucent","COLOURLESS","COLOURLESS","films","films","polypropylene",11,NA,NA
"419",32264,32264,"SH_21_03a","2021-04-21","River Scheldt (Antwerpen)","MAC_W_049","Macroplastics (> 5 mm)","Water",31604,NA,27,0.85184,0.000026954,NA,NA,1,"1899-12-31 07:19:00","1899-12-31 07:30:00",NA,"MAC_W_049_20",NA,"Polyethyleen",94.03,4.545,2.255,4.545,0.55,"YELLOW","Pellet","River Scheldt","Spotsampling","Antwerp","River Scheldt (Upstream)",2.01552106430155,1.11881738173817,0.349477313047343,"Non-filaments","SC3","opaque","YELLOW","YELLOW","pellets","pellets","polyethylene",11,NA,NA
"420",32265,32265,"SH_21_03a","2021-04-21","River Scheldt (Antwerpen)","MAC_W_049","Macroplastics (> 5 mm)","Water",31604,NA,27,0.85184,0.000026954,NA,NA,1,"1899-12-31 07:19:00","1899-12-31 07:30:00",NA,"MAC_W_049_21",NA,"Polyethyleen",92.1,3.68,2.69,3.68,0.6,"WHITE","Pellet","River Scheldt","Spotsampling","Antwerp","River Scheldt (Upstream)",1.36802973977695,1.96633152173913,0.624966433023362,"Non-filaments","SC3","opaque","WHITE/CREAM","WHITE/CREAM","pellets","pellets","polyethylene",11,NA,NA
"421",32266,32266,"SH_21_03a","2021-04-21","River Scheldt (Antwerpen)","MAC_W_049","Macroplastics (> 5 mm)","Water",31604,NA,27,0.85184,0.000026954,NA,NA,1,"1899-12-31 07:19:00","1899-12-31 07:30:00",NA,"MAC_W_049_22",NA,"Polyethyleen",85.42,3.74,1.99,3.74,0.51,"TRANSPARENT","Pellet","River Scheldt","Spotsampling","Antwerp","River Scheldt (Upstream)",1.87939698492462,1.05885026737968,0.388125530667892,"Non-filaments","SC3","transparent/translucent","COLOURLESS","COLOURLESS","pellets","pellets","polyethylene",11,NA,NA
"422",32267,32267,"SH_21_03a","2021-04-21","River Scheldt (Antwerpen)","MAC_W_049","Macroplastics (> 5 mm)","Water",31604,NA,27,0.85184,0.000026954,NA,NA,1,"1899-12-31 07:19:00","1899-12-31 07:30:00",NA,"MAC_W_049_23",NA,"Styrene-acrylonitrile copolymer",79.42,4.19,2.11,4.19,0.68,"GREEN","Pellet","River Scheldt","Spotsampling","Antwerp","River Scheldt (Upstream)",1.98578199052133,1.06255369928401,0.35735729203237,"Non-filaments","SC3","opaque","GREEN","BLUE/GREEN","pellets","pellets","acrylonitrile butadiene styrene",11,NA,NA
"423",32268,32268,"SH_21_03a","2021-04-21","River Scheldt (Antwerpen)","MAC_W_049","Macroplastics (> 5 mm)","Water",31604,NA,27,0.85184,0.000026954,NA,NA,1,"1899-12-31 07:19:00","1899-12-31 07:30:00",NA,"MAC_W_049_24",NA,"Polyethyleen",91.76,2.805,2.45,2.805,0.82,"GREEN","Pellet","River Scheldt","Spotsampling","Antwerp","River Scheldt (Upstream)",1.14489795918367,2.13992869875223,0.816300059506469,"Non-filaments","SC3","opaque","GREEN","BLUE/GREEN","pellets","pellets","polyethylene",11,NA,NA
"424",32269,32269,"SH_21_03a","2021-04-21","River Scheldt (Antwerpen)","MAC_W_049","Macroplastics (> 5 mm)","Water",31604,NA,27,0.85184,0.000026954,NA,NA,1,"1899-12-31 07:19:00","1899-12-31 07:30:00",NA,"MAC_W_049_25",NA,"Polypropyleen",95.25,62.355,0.345,62.355,4,"WHITE","Fiber","River Scheldt","Spotsampling","Antwerp","River Scheldt (Upstream)",180.739130434783,0.00190882848207842,0.00041154915778864,"Non-filaments","SC6","opaque","WHITE/CREAM","WHITE/CREAM","filaments","filaments","polypropylene",11,NA,NA
"425",32270,32270,"SH_21_03a","2021-04-21","River Scheldt (Antwerpen)","MAC_W_049","Macroplastics (> 5 mm)","Water",31604,NA,27,0.85184,0.000026954,NA,NA,1,"1899-12-31 07:19:00","1899-12-31 07:30:00",NA,"MAC_W_049_26",NA,"Polypropyleen",95.6,46.405,0.3,46.405,4,"WHITE","Fiber","River Scheldt","Spotsampling","Antwerp","River Scheldt (Upstream)",154.683333333333,0.00193944618036849,0.00051979813454352,"Non-filaments","SC5","opaque","WHITE/CREAM","WHITE/CREAM","filaments","filaments","polypropylene",11,NA,NA
"426",32271,32271,"SH_21_03a","2021-04-21","River Scheldt (Antwerpen)","MAC_W_049","Macroplastics (> 5 mm)","Water",31604,NA,27,0.85184,0.000026954,NA,NA,1,"1899-12-31 07:19:00","1899-12-31 07:30:00",NA,"MAC_W_049_27",NA,"Polypropyleen",91.69,28.41,0.23,28.41,0.6,"BLUE","Fiber","River Scheldt","Spotsampling","Antwerp","River Scheldt (Upstream)",123.521739130435,0.00186202041534671,0.000728425101987546,"Non-filaments","SC5","opaque","BLUE","BLUE/GREEN","filaments","filaments","polypropylene",11,NA,NA
"427",32272,32272,"SH_21_03a","2021-04-21","River Scheldt (Antwerpen)","MAC_W_049","Macroplastics (> 5 mm)","Water",31604,NA,27,0.85184,0.000026954,NA,NA,1,"1899-12-31 07:19:00","1899-12-31 07:30:00",NA,"MAC_W_049_28",NA,"Polyethyleen",91.31,14.835,0.24,14.835,0.86,"GREEN","Fiber","River Scheldt","Spotsampling","Antwerp","River Scheldt (Upstream)",61.8125,0.00388270980788675,0.00205771648371735,"Non-filaments","SC4","opaque","GREEN","BLUE/GREEN","filaments","filaments","polyethylene",11,NA,NA
"428",32273,32273,"SH_21_03a","2021-04-21","River Scheldt (Antwerpen)","MAC_W_049","Macroplastics (> 5 mm)","Water",31604,NA,27,0.85184,0.000026954,NA,NA,1,"1899-12-31 07:19:00","1899-12-31 07:30:00",NA,"MAC_W_049_29",NA,"Polypropyleen",91.34,11.17,0.61,11.17,0.95,"TRANSPARENT","Foil","River Scheldt","Spotsampling","Antwerp","River Scheldt (Upstream)",18.3114754098361,0.0333124440465533,0.0127618898796293,"Non-filaments","SC4","transparent/translucent","COLOURLESS","COLOURLESS","films","films","polypropylene",11,NA,NA
"429",32274,32274,"SH_21_03a","2021-04-21","River Scheldt (Antwerpen)","MAC_W_049","Macroplastics (> 5 mm)","Water",31604,NA,27,0.85184,0.000026954,NA,NA,1,"1899-12-31 07:19:00","1899-12-31 07:30:00",NA,"MAC_W_049_3",NA,"Polypropyleen",93.52,25.95,15.18,25.95,4,"TRANSPARENT","Foil","River Scheldt","Spotsampling","Antwerp","River Scheldt (Upstream)",1.70948616600791,8.8798612716763,0.447405804363426,"Non-filaments","SC5","transparent/translucent","COLOURLESS","COLOURLESS","films","films","polypropylene",11,NA,NA
"430",32275,32275,"SH_21_03a","2021-04-21","River Scheldt (Antwerpen)","MAC_W_049","Macroplastics (> 5 mm)","Water",31604,NA,27,0.85184,0.000026954,NA,NA,1,"1899-12-31 07:19:00","1899-12-31 07:30:00",NA,"MAC_W_049_30",NA,"Polypropyleen",96.31,12.33,1.34,12.33,0.86,"TRANSPARENT","Foil","River Scheldt","Spotsampling","Antwerp","River Scheldt (Upstream)",9.20149253731343,0.145628548256286,0.0358271764509002,"Non-filaments","SC4","transparent/translucent","COLOURLESS","COLOURLESS","films","films","polypropylene",11,NA,NA
"431",32276,32276,"SH_21_03a","2021-04-21","River Scheldt (Antwerpen)","MAC_W_049","Macroplastics (> 5 mm)","Water",31604,NA,27,0.85184,0.000026954,NA,NA,1,"1899-12-31 07:19:00","1899-12-31 07:30:00",NA,"MAC_W_049_31",NA,"Polyethyleen",92.68,12.25,1.58,12.25,0.6,"TRANSPARENT","Foil","River Scheldt","Spotsampling","Antwerp","River Scheldt (Upstream)",7.75316455696202,0.203787755102041,0.0463213808563567,"Non-filaments","SC4","transparent/translucent","COLOURLESS","COLOURLESS","films","films","polyethylene",11,NA,NA
"432",32277,32277,"SH_21_03a","2021-04-21","River Scheldt (Antwerpen)","MAC_W_049","Macroplastics (> 5 mm)","Water",31604,NA,27,0.85184,0.000026954,NA,NA,1,"1899-12-31 07:19:00","1899-12-31 07:30:00",NA,"MAC_W_049_32",NA,"Polypropyleen",90.77,11.95,2.025,11.95,0.67,"TRANSPARENT","Foil","River Scheldt","Spotsampling","Antwerp","River Scheldt (Upstream)",5.90123456790123,0.343148535564854,0.0697566608537841,"Non-filaments","SC4","transparent/translucent","COLOURLESS","COLOURLESS","films","films","polypropylene",11,NA,NA
"433",32278,32278,"SH_21_03a","2021-04-21","River Scheldt (Antwerpen)","MAC_W_049","Macroplastics (> 5 mm)","Water",31604,NA,27,0.85184,0.000026954,NA,NA,1,"1899-12-31 07:19:00","1899-12-31 07:30:00",NA,"MAC_W_049_33",NA,"Polypropyleen",91.29,17.39,0.255,17.39,0.7,"TRANSPARENT","Foil","River Scheldt","Spotsampling","Antwerp","River Scheldt (Upstream)",68.1960784313726,0.0037392179413456,0.00177566444074654,"Non-filaments","SC5","transparent/translucent","COLOURLESS","COLOURLESS","films","films","polypropylene",11,NA,NA
"434",32279,32279,"SH_21_03a","2021-04-21","River Scheldt (Antwerpen)","MAC_W_049","Macroplastics (> 5 mm)","Water",31604,NA,27,0.85184,0.000026954,NA,NA,1,"1899-12-31 07:19:00","1899-12-31 07:30:00",NA,"MAC_W_049_4",NA,"Polypropyleen",95.03,44.835,18.23,44.835,11,"TRANSPARENT","Foil","River Scheldt","Spotsampling","Antwerp","River Scheldt (Upstream)",2.45940756993966,7.41235418757667,0.25927117855739,"Non-filaments","SC5","transparent/translucent","COLOURLESS","COLOURLESS","films","films","polypropylene",11,NA,NA
"435",32280,32280,"SH_21_03a","2021-04-21","River Scheldt (Antwerpen)","MAC_W_049","Macroplastics (> 5 mm)","Water",31604,NA,27,0.85184,0.000026954,NA,NA,1,"1899-12-31 07:19:00","1899-12-31 07:30:00",NA,"MAC_W_049_5",NA,"Polyethyleen",95.31,48.78,8.33,48.78,4,"TRANSPARENT","Foil","River Scheldt","Spotsampling","Antwerp","River Scheldt (Upstream)",5.85594237695078,1.42248667486675,0.070567512384718,"Non-filaments","SC5","transparent/translucent","COLOURLESS","COLOURLESS","films","films","polyethylene",11,NA,NA
"436",32281,32281,"SH_21_03a","2021-04-21","River Scheldt (Antwerpen)","MAC_W_049","Macroplastics (> 5 mm)","Water",31604,NA,27,0.85184,0.000026954,NA,NA,1,"1899-12-31 07:19:00","1899-12-31 07:30:00",NA,"MAC_W_049_6",NA,"Polypropyleen",67.57,21.04,17.355,21.04,10,"WHITE","Foil","River Scheldt","Spotsampling","Antwerp","River Scheldt (Upstream)",1.21233074042063,14.3154004277567,0.749149206395368,"Non-filaments","SC5","opaque","WHITE/CREAM","WHITE/CREAM","films","films","polypropylene",11,NA,NA
"437",32282,32282,"SH_21_03a","2021-04-21","River Scheldt (Antwerpen)","MAC_W_049","Macroplastics (> 5 mm)","Water",31604,NA,27,0.85184,0.000026954,NA,NA,1,"1899-12-31 07:19:00","1899-12-31 07:30:00",NA,"MAC_W_049_7",NA,"Polypropyleen",83,15.82,11.725,15.82,0.6,"WHITE","Foil","River Scheldt","Spotsampling","Antwerp","River Scheldt (Upstream)",1.34925373134328,8.6899889380531,0.638057118630466,"Non-filaments","SC5","opaque","WHITE/CREAM","WHITE/CREAM","films","films","polypropylene",11,NA,NA
"438",32283,32283,"SH_21_03a","2021-04-21","River Scheldt (Antwerpen)","MAC_W_049","Macroplastics (> 5 mm)","Water",31604,NA,27,0.85184,0.000026954,NA,NA,1,"1899-12-31 07:19:00","1899-12-31 07:30:00",NA,"MAC_W_049_8",NA,"Polyethyleen",93.12,9.115,7.21,9.115,0.76,"WHITE","Foil","River Scheldt","Spotsampling","Antwerp","River Scheldt (Upstream)",1.26421636615811,5.70313768513439,0.703506132560777,"Non-filaments","SC4","opaque","WHITE/CREAM","WHITE/CREAM","films","films","polyethylene",11,NA,NA
"439",32284,32284,"SH_21_03a","2021-04-21","River Scheldt (Antwerpen)","MAC_W_049","Macroplastics (> 5 mm)","Water",31604,NA,27,0.85184,0.000026954,NA,NA,1,"1899-12-31 07:19:00","1899-12-31 07:30:00",NA,"MAC_W_049_9",NA,"Ethylene-vinyl-acetate",88.37,17.75,8.76,17.75,188,"GREY","Hard plastic","River Scheldt","Spotsampling","Antwerp","River Scheldt (Upstream)",2.02625570776256,4.32324507042254,0.346703817129584,"Non-filaments","SC5","opaque","BLACK/GREY","BLACK/GREY","fragments","fragments","ethylene-vinyl-acetate",11,NA,NA
"440",32285,32285,"NP_20_01","2020-09-22","Port of Nieuwpoort (A)","MAC_W_054","Macroplastics (> 5 mm)","Water",16173,NA,1,0.02,0.00000123663,NA,NA,1,"1899-12-31 10:54:00","1899-12-31 11:00:00",NA,"MAC_W_054_74",NA,"Polypropyleen",NA,20,NA,20,2,"WHITE AND GREEN","Sticker ('Bollo')","Port of Nieuwpoort","Spotsampling","Nieuwpoort (A)","Port of Nieuwpoort",NA,NA,NA,NA,"SC5","opaque","MULTICOLOUR","MULTICOLOUR","films","films","polypropylene",6,NA,NA
"441",32286,32286,"NP_20_01","2020-09-22","Port of Nieuwpoort (B)","MAC_W_055","Macroplastics (> 5 mm)","Water",16821,NA,0,0.015,0.000000891742,NA,NA,1,"1899-12-31 13:00:00","1899-12-31 13:07:00",NA,NA,NA,NA,NA,NA,NA,NA,NA,NA,NA,"Port of Nieuwpoort","Spotsampling","Nieuwpoort (B)","Port of Nieuwpoort",NA,NA,NA,NA,NA,NA,NA,"UNDEFINED",NA,NA,NA,7,NA,NA
"442",32287,32287,"NP_20_01","2020-09-22","Port of Nieuwpoort (C)","MAC_W_056","Macroplastics (> 5 mm)","Water",25043,NA,1,0.012,0.000000479185,NA,NA,1,"1899-12-31 11:10:00","1899-12-31 11:17:00",NA,"MAC_W_056_1",NA,"Polystyreen",NA,12,NA,12,1.2,"BROWN","ND","Port of Nieuwpoort","Spotsampling","Nieuwpoort (C)","Port of Nieuwpoort",NA,NA,NA,NA,"SC4","opaque","BROWN","BROWN","Undefined micro-litter items","Undefined micro-litter items","polystyrene",7,NA,NA
"443",32288,32288,"OS_20_03","2020-09-24","Port of Oostende (A)","MAC_W_064","Macroplastics (> 5 mm)","Water",26879,NA,2,0.05,0.00000186022,NA,NA,1,"1899-12-31 09:54:00","1899-12-31 09:59:00",NA,"MAC_W_064_1",NA,"Polyethyleen",NA,23,NA,23,2.3,"GREEN","ND","Port of Oostende","Spotsampling","Ostend (A)","Port of Ostend",NA,NA,NA,NA,"SC5","opaque","GREEN","BLUE/GREEN","Undefined micro-litter items","Undefined micro-litter items","polyethylene",5,NA,NA
"444",32289,32289,"OS_20_03","2020-09-24","Port of Oostende (A)","MAC_W_064","Macroplastics (> 5 mm)","Water",26879,NA,2,0.05,0.00000186022,NA,NA,1,"1899-12-31 09:54:00","1899-12-31 09:59:00",NA,"MAC_W_064_2",NA,"Ethylene-vinyl-acetate",NA,27,NA,27,2.7,"TRANSPARENT","ND","Port of Oostende","Spotsampling","Ostend (A)","Port of Ostend",NA,NA,NA,NA,"SC5","transparent/translucent","COLOURLESS","COLOURLESS","Undefined micro-litter items","Undefined micro-litter items","ethylene-vinyl-acetate",5,NA,NA
"445",32290,32290,"OS_20_03","2020-09-24","Port of Oostende (A)","MAC_W_064","Macroplastics (> 5 mm)","Water",26879,NA,2,0.05,0.00000186022,NA,NA,1,"1899-12-31 09:54:00","1899-12-31 09:59:00",NA,"MAC_W_064_3",NA,"Polypropyleen",NA,80,NA,80,8,"TRANSPARENT","ND","Port of Oostende","Spotsampling","Ostend (A)","Port of Ostend",NA,NA,NA,NA,"SC6","transparent/translucent","COLOURLESS","COLOURLESS","Undefined micro-litter items","Undefined micro-litter items","polypropylene",5,NA,NA
"446",32291,32291,"OS_20_03","2020-09-24","Port of Oostende (A)","MAC_W_064","Macroplastics (> 5 mm)","Water",26879,NA,2,0.05,0.00000186022,NA,NA,1,"1899-12-31 09:54:00","1899-12-31 09:59:00",NA,"MAC_W_064_4",NA,"Polypropyleen",NA,72,NA,72,7.2,"WHITE AND BLUE AND SILVER","Packaging wash product ('Calgon')","Port of Oostende","Spotsampling","Ostend (A)","Port of Ostend",NA,NA,NA,NA,"SC6","opaque","MULTICOLOUR","MULTICOLOUR","J9","J9","polypropylene",5,NA,NA
"447",32292,32292,"OS_20_03","2020-09-24","Port of Oostende (B)","MAC_W_065","Macroplastics (> 5 mm)","Water",18968,NA,3,0.164,0.00000864637,NA,NA,1,"1899-12-31 11:16:00","1899-12-31 11:21:00",NA,"MAC_W_065_1",NA,"Polypropyleen",NA,80,NA,80,80,"TRANSPARENT","ND","Port of Oostende","Spotsampling","Ostend (B)","Port of Ostend",NA,NA,NA,NA,"SC6","transparent/translucent","COLOURLESS","COLOURLESS","Undefined micro-litter items","Undefined micro-litter items","polypropylene",5,NA,NA
"448",32293,32293,"OS_20_03","2020-09-24","Port of Oostende (B)","MAC_W_065","Macroplastics (> 5 mm)","Water",18968,NA,3,0.164,0.00000864637,NA,NA,1,"1899-12-31 11:16:00","1899-12-31 11:21:00",NA,"MAC_W_065_2",NA,"Polypropyleen",NA,72,NA,72,72,"WHITE AND BLUE AND SILVER","Packaging wash product ('Calgon')","Port of Oostende","Spotsampling","Ostend (B)","Port of Ostend",NA,NA,NA,NA,"SC6","opaque","MULTICOLOUR","MULTICOLOUR","J9","J9","polypropylene",5,NA,NA
"449",32294,32294,"OS_20_03","2020-09-24","Port of Oostende (C)","MAC_W_066","Macroplastics (> 5 mm)","Water",19238,NA,0,0,0,NA,NA,1,"1899-12-31 10:16:00","1899-12-31 10:21:00",NA,NA,NA,NA,NA,NA,NA,NA,NA,NA,NA,"Port of Oostende","Spotsampling","Ostend (C)","Port of Ostend",NA,NA,NA,NA,NA,NA,NA,"UNDEFINED",NA,NA,NA,5,NA,NA
"450",32295,32295,"SH_21_01a","2021-01-27","River Scheldt (Doel)","MAC_W_067","Macroplastics (> 5 mm)","Water",9855,NA,0,0,0,NA,NA,1,"1899-12-31 06:49:00","1899-12-31 06:57:00",NA,NA,NA,NA,NA,NA,NA,NA,NA,NA,NA,"River Scheldt","Spotsampling","Doel","River Scheldt (Downstream)",NA,NA,NA,NA,NA,NA,NA,"UNDEFINED",NA,NA,NA,8,NA,NA
"451",32296,32296,"SH_21_01a","2021-01-27","River Scheldt (Antwerpen)","MAC_W_068","Macroplastics (> 5 mm)","Water",14621,NA,1,0.167,0.0000114223,NA,NA,1,"1899-12-31 11:03:00","1899-12-31 11:09:00",NA,"MAC_W_068_1",NA,"Polypropyleen",92.96,22.73,NA,22.73,16.7,"BLUE","Hard plastic","River Scheldt","Spotsampling","Antwerp","River Scheldt (Upstream)",NA,NA,NA,NA,"SC5","opaque","BLUE","BLUE/GREEN","fragments","fragments","polypropylene",6,NA,NA
"452",32297,32297,"OS_21_03","2021-04-27","Port of Oostende (A)","MAC_W_074","Macroplastics (> 5 mm)","Water",37247,NA,0,0,0,NA,NA,1,"1899-12-31 09:35:00","1899-12-31 09:40:00",NA,NA,NA,NA,NA,NA,NA,NA,NA,NA,NA,"Port of Oostende","Spotsampling","Ostend (A)","Port of Ostend",NA,NA,NA,NA,NA,NA,NA,"UNDEFINED",NA,NA,NA,5,NA,NA
"453",32298,32298,"OS_21_03","2021-04-27","Port of Oostende (B)","MAC_W_075","Macroplastics (> 5 mm)","Water",16160,NA,0,0,0,NA,NA,1,"1899-12-31 10:00:00","1899-12-31 10:10:00",NA,"MAC_W_075_1",NA,"Polypropyleen",90.39,4.515,NA,4.515,3.1,"YELLOW","Pellet","Port of Oostende","Spotsampling","Ostend (B)","Port of Ostend",NA,NA,NA,NA,"SC3","opaque","YELLOW","YELLOW","pellets","pellets","polypropylene",10,NA,NA
"454",32299,32299,"OS_21_03","2021-04-27","Port of Oostende (C)","MAC_W_076","Macroplastics (> 5 mm)","Water",29187,NA,0,0,0,NA,NA,1,"1899-12-31 10:53:00","1899-12-31 11:01:00",NA,NA,NA,NA,NA,NA,NA,NA,NA,NA,NA,"Port of Oostende","Spotsampling","Ostend (C)","Port of Ostend",NA,NA,NA,NA,NA,NA,NA,"UNDEFINED",NA,NA,NA,8,NA,NA
"455",32300,32300,"NP_21_02","2021-04-28","Port of Nieuwpoort (A)","MAC_W_077","Macroplastics (> 5 mm)","Water",4010,NA,0,0,0,NA,NA,1,"1899-12-31 10:09:00","1899-12-31 10:14:00",NA,NA,NA,NA,NA,NA,NA,NA,NA,NA,NA,"Port of Nieuwpoort","Spotsampling","Nieuwpoort (A)","Port of Nieuwpoort",NA,NA,NA,NA,NA,NA,NA,"UNDEFINED",NA,NA,NA,5,NA,NA
"456",32301,32301,"NP_21_02","2021-04-28","Port of Nieuwpoort (B)","MAC_W_078","Macroplastics (> 5 mm)","Water",16821,NA,0,0,0,NA,NA,1,"1899-12-31 11:12:00","1899-12-31 11:17:00",NA,NA,NA,NA,NA,NA,NA,NA,NA,NA,NA,"Port of Nieuwpoort","Spotsampling","Nieuwpoort (B)","Port of Nieuwpoort",NA,NA,NA,NA,NA,NA,NA,"UNDEFINED",NA,NA,NA,5,NA,NA
"457",32302,32302,"NP_21_02","2021-04-28","Port of Nieuwpoort (C)","MAC_W_079","Macroplastics (> 5 mm)","Water",21587,NA,0,0,0,NA,NA,1,"1899-12-31 11:38:00","1899-12-31 11:43:00",NA,NA,NA,NA,NA,NA,NA,NA,NA,NA,NA,"Port of Nieuwpoort","Spotsampling","Nieuwpoort (C)","Port of Nieuwpoort",NA,NA,NA,NA,NA,NA,NA,"UNDEFINED",NA,NA,NA,5,NA,NA
"458",32303,32303,"NP_21_03a","2021-06-28","Port of Nieuwpoort (A)","MAC_W_080","Macroplastics (> 5 mm)","Water",33629,NA,0,0,0,NA,NA,1,"1899-12-31 11:40:00","1899-12-31 11:50:00",NA,NA,NA,NA,NA,NA,NA,NA,NA,NA,NA,"Port of Nieuwpoort","Spotsampling","Nieuwpoort (A)","Port of Nieuwpoort",NA,NA,NA,NA,NA,NA,NA,"UNDEFINED",NA,NA,NA,10,NA,NA
"459",32304,32304,"NP_21_03a","2021-06-28","Port of Nieuwpoort (B)","MAC_W_081","Macroplastics (> 5 mm)","Water",23220,NA,2,0.00134,0.0000000000000577089,NA,NA,1,"1899-12-31 12:02:00","1899-12-31 12:12:00",NA,"MAC_W_081_1",NA,"Polyethyleen",94.74,15.655,8.855,15.655,0.54,"TRANSPARENT","Foil","Port of Nieuwpoort","Spotsampling","Nieuwpoort (B)","Port of Nieuwpoort",1.76792772444946,5.00868891727883,0.425405636970481,"Non-filaments","SC5","transparent/translucent","COLOURLESS","COLOURLESS","films","films","polyethylene",10,NA,NA
"460",32305,32305,"NP_21_03a","2021-06-28","Port of Nieuwpoort (B)","MAC_W_081","Macroplastics (> 5 mm)","Water",23220,NA,2,0.00134,0.0000000000000577089,NA,NA,1,"1899-12-31 12:02:00","1899-12-31 12:12:00",NA,"MAC_W_081_2",NA,"Polypropyleen",89.69,9.82,4.92,9.82,0.8,"TRANSPARENT","Foil","Port of Nieuwpoort","Spotsampling","Nieuwpoort (B)","Port of Nieuwpoort",1.99593495934959,2.46501018329939,0.354634042364768,"Non-filaments","SC4","transparent/translucent","COLOURLESS","COLOURLESS","films","films","polypropylene",10,NA,NA
"461",32306,32306,"NP_21_03a","2021-06-28","Port of Nieuwpoort (C)","MAC_W_082","Macroplastics (> 5 mm)","Water",36018,NA,1,0.007,0.000000194347,NA,NA,1,"1899-12-31 09:38:00","1899-12-31 09:48:00",NA,"MAC_W_082_1",NA,"Polyethyleen",95.78,8.28,6.955,8.28,7,"TRANSPARENT","Foil","Port of Nieuwpoort","Spotsampling","Nieuwpoort (C)","Port of Nieuwpoort",1.19051042415528,5.84203200483092,0.76983950992105,"Non-filaments","SC4","transparent/translucent","COLOURLESS","COLOURLESS","films","films","polyethylene",10,NA,NA
"462",32307,32307,"OS_21_04","2021-06-30","Port of Oostende (A)","MAC_W_090","Macroplastics (> 5 mm)","Water",36180,NA,4,7.858,0.000217192,NA,NA,1,"1899-12-31 09:55:00","1899-12-31 10:05:00",NA,"MAC_W_090_1",NA,"Polyethyleen",97.84,53.115,NA,53.115,84.9,"BLACK","Ring","Port of Oostende","Spotsampling","Ostend (A)","Port of Ostend",NA,NA,NA,NA,"SC6","opaque","BLACK/GREY","BLACK/GREY","J24","J24","polyethylene",10,NA,NA
"463",32308,32308,"OS_21_04","2021-06-30","Port of Oostende (A)","MAC_W_090","Macroplastics (> 5 mm)","Water",36180,NA,4,7.858,0.000217192,NA,NA,1,"1899-12-31 09:55:00","1899-12-31 10:05:00",NA,"MAC_W_090_2",NA,"Polypropyleen",79.12,78.84,NA,78.84,6.4,"TRANSPARENT","Foil","Port of Oostende","Spotsampling","Ostend (A)","Port of Ostend",NA,NA,NA,NA,"SC6","transparent/translucent","COLOURLESS","COLOURLESS","films","films","polypropylene",10,NA,NA
"464",32309,32309,"OS_21_04","2021-06-30","Port of Oostende (A)","MAC_W_090","Macroplastics (> 5 mm)","Water",36180,NA,4,7.858,0.000217192,NA,NA,1,"1899-12-31 09:55:00","1899-12-31 10:05:00",NA,"MAC_W_090_3",NA,"Polyethyleen",95.53,21.235,NA,21.235,1.6,"TRANSPARENT","Foil","Port of Oostende","Spotsampling","Ostend (A)","Port of Ostend",NA,NA,NA,NA,"SC5","transparent/translucent","COLOURLESS","COLOURLESS","films","films","polyethylene",10,NA,NA
"465",32310,32310,"OS_21_04","2021-06-30","Port of Oostende (A)","MAC_W_090","Macroplastics (> 5 mm)","Water",36180,NA,4,7.858,0.000217192,NA,NA,1,"1899-12-31 09:55:00","1899-12-31 10:05:00",NA,"MAC_W_090_4",NA,"Polystyreen",93.1,61.28,NA,61.28,692.9,"WHITE","Styrofoam","Port of Oostende","Spotsampling","Ostend (A)","Port of Ostend",NA,NA,NA,NA,"SC6","opaque","WHITE/CREAM","WHITE/CREAM","foams","foams","polystyrene",10,NA,NA
"466",32311,32311,"OS_21_04","2021-06-30","Port of Oostende (B)","MAC_W_091","Macroplastics (> 5 mm)","Water",19548,NA,1,0.054,0.00000276243,NA,NA,1,"1899-12-31 10:08:00","1899-12-31 10:15:00",NA,"MAC_W_091_1",NA,"Polypropyleen",95.26,57.2,NA,57.2,5.4,"TRANSPARENT","Foil","Port of Oostende","Spotsampling","Ostend (B)","Port of Ostend",NA,NA,NA,NA,"SC6","transparent/translucent","COLOURLESS","COLOURLESS","films","films","polypropylene",7,NA,NA
"467",32312,32312,"OS_21_04","2021-06-30","Port of Oostende (C)","MAC_W_092","Macroplastics (> 5 mm)","Water",31887,NA,0,0,0,NA,NA,1,"1899-12-31 11:05:00","1899-12-31 11:15:00",NA,NA,NA,NA,NA,NA,NA,NA,NA,NA,NA,"Port of Oostende","Spotsampling","Ostend (C)","Port of Ostend",NA,NA,NA,NA,NA,NA,NA,"UNDEFINED",NA,NA,NA,10,NA,NA
"468",32313,32313,"SH_21_04","2021-08-24","River Scheldt (Temse)","MAC_W_100","Macroplastics (> 5 mm)","Water",24826.5,NA,0,NA,0,NA,NA,1,"1899-12-31 08:28:00","1899-12-31 08:38:00",NA,NA,NA,NA,NA,NA,NA,NA,NA,NA,NA,"River Scheldt","Spotsampling","Temse","River Scheldt (Upstream)",NA,NA,NA,NA,NA,NA,NA,"UNDEFINED",NA,NA,NA,10,NA,NA
"469",32314,32314,"SH_21_05","2021-08-25","River Scheldt (Wintam)","MAC_W_101","Macroplastics (> 5 mm)","Water",30172.5,NA,0,NA,0,NA,NA,1,"1899-12-31 09:25:00","1899-12-31 09:35:00",NA,NA,NA,NA,NA,NA,NA,NA,NA,NA,NA,"River Scheldt","Spotsampling","Wintam","River Scheldt (Upstream)",NA,NA,NA,NA,NA,NA,NA,"UNDEFINED",NA,NA,NA,10,NA,NA
"470",32315,32315,"SH_21_07","2021-11-23","River Scheldt (Temse)","MAC_W_108","Macroplastics (> 5 mm)","Water",20560.5,NA,12,NA,0.000583643393886336,NA,NA,1,"1899-12-31 09:11:00","1899-12-31 09:21:00",NA,"MAC_W_108_1",NA,"Polypropyleen",96.95,133.23,NA,133.23,211,"TRANSP","FOIL","River Scheldt","Spotsampling","Temse","River Scheldt (Upstream)",NA,NA,NA,NA,"SC7","transparent/translucent","COLOURLESS","COLOURLESS","films","films","polypropylene",10,NA,NA
"471",32316,32316,"SH_21_07","2021-11-23","River Scheldt (Temse)","MAC_W_108","Macroplastics (> 5 mm)","Water",20560.5,NA,12,NA,0.000583643393886336,NA,NA,1,"1899-12-31 09:11:00","1899-12-31 09:21:00",NA,"MAC_W_108_10",NA,"ND",NA,NA,NA,NA,NA,NA,"PELLET","River Scheldt","Spotsampling","Temse","River Scheldt (Upstream)",NA,NA,NA,NA,"SC3",NA,NA,"UNDEFINED","pellets","pellets","undefined plastic",10,NA,NA
"472",32317,32317,"SH_21_07","2021-11-23","River Scheldt (Temse)","MAC_W_108","Macroplastics (> 5 mm)","Water",20560.5,NA,12,NA,0.000583643393886336,NA,NA,1,"1899-12-31 09:11:00","1899-12-31 09:21:00",NA,"MAC_W_108_11",NA,"ND",NA,NA,NA,NA,NA,NA,"PELLET","River Scheldt","Spotsampling","Temse","River Scheldt (Upstream)",NA,NA,NA,NA,"SC3",NA,NA,"UNDEFINED","pellets","pellets","undefined plastic",10,NA,NA
"473",32318,32318,"SH_21_07","2021-11-23","River Scheldt (Temse)","MAC_W_108","Macroplastics (> 5 mm)","Water",20560.5,NA,12,NA,0.000583643393886336,NA,NA,1,"1899-12-31 09:11:00","1899-12-31 09:21:00",NA,"MAC_W_108_12",NA,"ND",NA,NA,NA,NA,NA,NA,"PELLET","River Scheldt","Spotsampling","Temse","River Scheldt (Upstream)",NA,NA,NA,NA,"SC3",NA,NA,"UNDEFINED","pellets","pellets","undefined plastic",10,NA,NA
"474",32319,32319,"SH_21_07","2021-11-23","River Scheldt (Temse)","MAC_W_108","Macroplastics (> 5 mm)","Water",20560.5,NA,12,NA,0.000583643393886336,NA,NA,1,"1899-12-31 09:11:00","1899-12-31 09:21:00",NA,"MAC_W_108_2",NA,"Polypropyleen",94.11,90.55,NA,90.55,2547,"YELLOW","HARD BLASTIC","River Scheldt","Spotsampling","Temse","River Scheldt (Upstream)",NA,NA,NA,NA,"SC6","opaque","YELLOW","YELLOW","fragments","fragments","polypropylene",10,NA,NA
"475",32320,32320,"SH_21_07","2021-11-23","River Scheldt (Temse)","MAC_W_108","Macroplastics (> 5 mm)","Water",20560.5,NA,12,NA,0.000583643393886336,NA,NA,1,"1899-12-31 09:11:00","1899-12-31 09:21:00",NA,"MAC_W_108_3",NA,"Polypropyleen",74.79,18.745,NA,18.745,43,"TRANSP","HARD BLASTIC","River Scheldt","Spotsampling","Temse","River Scheldt (Upstream)",NA,NA,NA,NA,"SC5","transparent/translucent","COLOURLESS","COLOURLESS","fragments","fragments","polypropylene",10,NA,NA
"476",32321,32321,"SH_21_07","2021-11-23","River Scheldt (Temse)","MAC_W_108","Macroplastics (> 5 mm)","Water",20560.5,NA,12,NA,0.000583643393886336,NA,NA,1,"1899-12-31 09:11:00","1899-12-31 09:21:00",NA,"MAC_W_108_4",NA,"Polyethyleen",91.47,10.61,NA,10.61,19,"BLUE","HARD BLASTIC","River Scheldt","Spotsampling","Temse","River Scheldt (Upstream)",NA,NA,NA,NA,"SC4","opaque","BLUE","BLUE/GREEN","fragments","fragments","polyethylene",10,NA,NA
"477",32322,32322,"SH_21_07","2021-11-23","River Scheldt (Temse)","MAC_W_108","Macroplastics (> 5 mm)","Water",20560.5,NA,12,NA,0.000583643393886336,NA,NA,1,"1899-12-31 09:11:00","1899-12-31 09:21:00",NA,"MAC_W_108_5",NA,"ND",NA,NA,NA,NA,NA,NA,"PELLET","River Scheldt","Spotsampling","Temse","River Scheldt (Upstream)",NA,NA,NA,NA,"SC3",NA,NA,"UNDEFINED","pellets","pellets","undefined plastic",10,NA,NA
"478",32323,32323,"SH_21_07","2021-11-23","River Scheldt (Temse)","MAC_W_108","Macroplastics (> 5 mm)","Water",20560.5,NA,12,NA,0.000583643393886336,NA,NA,1,"1899-12-31 09:11:00","1899-12-31 09:21:00",NA,"MAC_W_108_6",NA,"ND",NA,NA,NA,NA,NA,NA,"PELLET","River Scheldt","Spotsampling","Temse","River Scheldt (Upstream)",NA,NA,NA,NA,"SC3",NA,NA,"UNDEFINED","pellets","pellets","undefined plastic",10,NA,NA
"479",32324,32324,"SH_21_07","2021-11-23","River Scheldt (Temse)","MAC_W_108","Macroplastics (> 5 mm)","Water",20560.5,NA,12,NA,0.000583643393886336,NA,NA,1,"1899-12-31 09:11:00","1899-12-31 09:21:00",NA,"MAC_W_108_7",NA,"ND",NA,NA,NA,NA,NA,NA,"PELLET","River Scheldt","Spotsampling","Temse","River Scheldt (Upstream)",NA,NA,NA,NA,"SC3",NA,NA,"UNDEFINED","pellets","pellets","undefined plastic",10,NA,NA
"480",32325,32325,"SH_21_07","2021-11-23","River Scheldt (Temse)","MAC_W_108","Macroplastics (> 5 mm)","Water",20560.5,NA,12,NA,0.000583643393886336,NA,NA,1,"1899-12-31 09:11:00","1899-12-31 09:21:00",NA,"MAC_W_108_8",NA,"ND",NA,NA,NA,NA,NA,NA,"PELLET","River Scheldt","Spotsampling","Temse","River Scheldt (Upstream)",NA,NA,NA,NA,"SC3",NA,NA,"UNDEFINED","pellets","pellets","undefined plastic",10,NA,NA
"481",32326,32326,"SH_21_07","2021-11-23","River Scheldt (Temse)","MAC_W_108","Macroplastics (> 5 mm)","Water",20560.5,NA,12,NA,0.000583643393886336,NA,NA,1,"1899-12-31 09:11:00","1899-12-31 09:21:00",NA,"MAC_W_108_9",NA,"ND",NA,NA,NA,NA,NA,NA,"PELLET","River Scheldt","Spotsampling","Temse","River Scheldt (Upstream)",NA,NA,NA,NA,"SC3",NA,NA,"UNDEFINED","pellets","pellets","undefined plastic",10,NA,NA
"482",32327,32327,"SH_21_08","2021-11-24","River Scheldt (Wintam)","MAC_W_109","Macroplastics (> 5 mm)","Water",28390.5,NA,0,NA,0,NA,NA,1,"1899-12-31 08:28:00","1899-12-31 08:38:00",NA,NA,NA,NA,NA,NA,NA,NA,NA,NA,NA,"River Scheldt","Spotsampling","Wintam","River Scheldt (Upstream)",NA,NA,NA,NA,NA,NA,NA,"UNDEFINED",NA,NA,NA,10,NA,NA
"483",32328,32328,"OS_22_01","2022-01-18","Port of Oostende (A)","MAC_W_116","Macroplastics (> 5 mm)","Water",27945,NA,3,NA,0.000107353730542136,NA,NA,1,"1899-12-31 13:10:00","1899-12-31 13:17:00",NA,"MAC_W_116_1",NA,"Polypropyleen",99.07,69.95,NA,69.95,136,"TRANSPARENT","FOIL","Port of Oostende","Spotsampling","Ostend (A)","Port of Ostend",NA,NA,NA,NA,"SC6","transparent/translucent","COLOURLESS","COLOURLESS","films","films","polypropylene",7,NA,NA
"484",32329,32329,"OS_22_01","2022-01-18","Port of Oostende (A)","MAC_W_116","Macroplastics (> 5 mm)","Water",27945,NA,3,NA,0.000107353730542136,NA,NA,1,"1899-12-31 13:10:00","1899-12-31 13:17:00",NA,"MAC_W_116_2",NA,"Polyethyleen",99.17,11.39,NA,11.39,NA,"TRANSPARENT","FOIL","Port of Oostende","Spotsampling","Ostend (A)","Port of Ostend",NA,NA,NA,NA,"SC4","transparent/translucent","COLOURLESS","COLOURLESS","films","films","polyethylene",7,NA,NA
"485",32330,32330,"OS_22_01","2022-01-18","Port of Oostende (A)","MAC_W_116","Macroplastics (> 5 mm)","Water",27945,NA,3,NA,0.000107353730542136,NA,NA,1,"1899-12-31 13:10:00","1899-12-31 13:17:00",NA,"MAC_W_116_3",NA,"Polypropyleen",80.82,40.305,NA,40.305,7,"GREEN","FIBER","Port of Oostende","Spotsampling","Ostend (A)","Port of Ostend",NA,NA,NA,NA,"SC5","opaque","GREEN","BLUE/GREEN","filaments","filaments","polypropylene",7,NA,NA
"486",32331,32331,"OS_22_01","2022-01-18","Port of Oostende (B)","MAC_W_117","Macroplastics (> 5 mm)","Water",27783,NA,0,0,0,NA,NA,1,"1899-12-31 13:43:00","1899-12-31 13:51:00",NA,NA,NA,NA,NA,NA,NA,NA,NA,NA,NA,"Port of Oostende","Spotsampling","Ostend (B)","Port of Ostend",NA,NA,NA,NA,NA,NA,NA,"UNDEFINED",NA,NA,NA,8,NA,NA
"487",32332,32332,"OS_22_01","2022-01-18","Port of Oostende (C)","MAC_W_118","Macroplastics (> 5 mm)","Water",24219,NA,2,NA,0.0000825797927247203,NA,NA,1,"1899-12-31 14:03:00","1899-12-31 14:10:00",NA,"MAC_W_118_1",NA,"Polypropyleen",88.56,33.14,NA,33.14,NA,"YELLOW","FOIL","Port of Oostende","Spotsampling","Ostend (C)","Port of Ostend",NA,NA,NA,NA,"SC5","opaque","YELLOW","YELLOW","films","films","polypropylene",7,NA,NA
"488",32333,32333,"OS_22_01","2022-01-18","Port of Oostende (C)","MAC_W_118","Macroplastics (> 5 mm)","Water",24219,NA,2,NA,0.0000825797927247203,NA,NA,1,"1899-12-31 14:03:00","1899-12-31 14:10:00",NA,"MAC_W_118_2",NA,"Polypropyleen",96.48,19.02,NA,19.02,NA,"WHITE","FOIL","Port of Oostende","Spotsampling","Ostend (C)","Port of Ostend",NA,NA,NA,NA,"SC5","opaque","WHITE/CREAM","WHITE/CREAM","films","films","polypropylene",7,NA,NA
"489",32334,32334,"AW_22_01","2022-03-31","Port of Antwerp (Kanaaldok)","MAC_W_119","Macroplastics (> 5 mm)","Water",41040,NA,0,0,0,NA,NA,1,"1899-12-31 11:23:00","1899-12-31 11:35:00",NA,NA,NA,NA,NA,NA,NA,NA,NA,NA,NA,"Port of Antwerp","Spotsampling","Kanaaldok","Port of Antwerp",NA,NA,NA,NA,NA,NA,NA,"UNDEFINED",NA,NA,NA,12,NA,NA
"490",32335,32335,"AW_22_01","2022-03-31","Port of Antwerp (Schelde Rijn kanaal)","MAC_W_120","Macroplastics (> 5 mm)","Water",37003.5,NA,2,NA,0.000054048941316362,NA,NA,1,"1899-12-31 12:15:00","1899-12-31 12:27:00",NA,"MAC_W_120_1",NA,NA,NA,NA,NA,NA,NA,NA,"PELLET","Port of Antwerp","Spotsampling","Schelde Rijn kanaal","Port of Antwerp",NA,NA,NA,NA,"SC3",NA,NA,"UNDEFINED","pellets","pellets","undefined plastic",12,NA,NA
"491",32336,32336,"AW_22_01","2022-03-31","Port of Antwerp (Schelde Rijn kanaal)","MAC_W_120","Macroplastics (> 5 mm)","Water",37003.5,NA,2,NA,0.000054048941316362,NA,NA,1,"1899-12-31 12:15:00","1899-12-31 12:27:00",NA,"MAC_W_120_2",NA,NA,NA,NA,NA,NA,NA,NA,"PELLET","Port of Antwerp","Spotsampling","Schelde Rijn kanaal","Port of Antwerp",NA,NA,NA,NA,"SC3",NA,NA,"UNDEFINED","pellets","pellets","undefined plastic",12,NA,NA
"492",32337,32337,"AW_22_02","2022-04-20","Port of Antwerp (Vijfde Havendok)","MAC_W_121","Macroplastics (> 5 mm)","Water",35748,NA,1,NA,0.0000279735929282757,NA,NA,1,"1899-12-31 11:58:00","1899-12-31 12:08:00",NA,"MAC_W_121_1",NA,"ND",NA,NA,NA,NA,NA,NA,"PELLET","Port of Antwerp","Spotsampling","Vijfde Havendok","Port of Antwerp",NA,NA,NA,NA,"SC3",NA,NA,"UNDEFINED","pellets","pellets","undefined plastic",10,NA,NA
"493",32338,32338,"SH_22_03","2022-04-05","River Scheldt (Wintam)","MAC_W_122","Macroplastics (> 5 mm)","Water",31023,NA,1,NA,0.0000322341488572994,NA,NA,1,"1899-12-31 21:24:00","1899-12-31 21:34:00",NA,"MAC_W_122_1",NA,"Polyethyleen",98.35,25.57,NA,25.57,NA,"TRANSP","FOIL","River Scheldt","Spotsampling","Wintam","River Scheldt (Upstream)",NA,NA,NA,NA,"SC5","transparent/translucent","COLOURLESS","COLOURLESS","films","films","polyethylene",10,NA,NA
"494",32339,32339,"SH_22_01","2022-01-11","River Scheldt (Wintam)","MAC_W_123","Macroplastics (> 5 mm)","Water",41566.5,NA,91,NA,0.00218926298822369,NA,NA,1,"1899-12-31 20:17:00","1899-12-31 20:27:00",NA,"MAC_W_123_1",NA,"PBMA",86.05,84.05,NA,84.05,317,"WHITE","FOIL","River Scheldt","Spotsampling","Wintam","River Scheldt (Upstream)",NA,NA,NA,NA,"SC6","opaque","WHITE/CREAM","WHITE/CREAM","films","films","polymethylacrylate",10,NA,NA
"495",32340,32340,"SH_22_01","2022-01-11","River Scheldt (Wintam)","MAC_W_123","Macroplastics (> 5 mm)","Water",41566.5,NA,91,NA,0.00218926298822369,NA,NA,1,"1899-12-31 20:17:00","1899-12-31 20:27:00",NA,"MAC_W_123_10",NA,"Polypropyleen",94.41,22.79,NA,22.79,186,"WHITE","HARD PLASTIC","River Scheldt","Spotsampling","Wintam","River Scheldt (Upstream)",NA,NA,NA,NA,"SC5","opaque","WHITE/CREAM","WHITE/CREAM","fragments","fragments","polypropylene",10,NA,NA
"496",32341,32341,"SH_22_01","2022-01-11","River Scheldt (Wintam)","MAC_W_123","Macroplastics (> 5 mm)","Water",41566.5,NA,91,NA,0.00218926298822369,NA,NA,1,"1899-12-31 20:17:00","1899-12-31 20:27:00",NA,"MAC_W_123_11",NA,"Polyethyleen",97.89,12.495,NA,12.495,519,"BLACK","HARD PLASTIC","River Scheldt","Spotsampling","Wintam","River Scheldt (Upstream)",NA,NA,NA,NA,"SC4","opaque","BLACK/GREY","BLACK/GREY","fragments","fragments","polyethylene",10,NA,NA
"497",32342,32342,"SH_22_01","2022-01-11","River Scheldt (Wintam)","MAC_W_123","Macroplastics (> 5 mm)","Water",41566.5,NA,91,NA,0.00218926298822369,NA,NA,1,"1899-12-31 20:17:00","1899-12-31 20:27:00",NA,"MAC_W_123_12",NA,"Polypropyleen",97.39,20.59,NA,20.59,130,"RED","HARD PLASTIC","River Scheldt","Spotsampling","Wintam","River Scheldt (Upstream)",NA,NA,NA,NA,"SC5","opaque","RED","ORANGE/RED/PURPLE/PINK","fragments","fragments","polypropylene",10,NA,NA
"498",32343,32343,"SH_22_01","2022-01-11","River Scheldt (Wintam)","MAC_W_123","Macroplastics (> 5 mm)","Water",41566.5,NA,91,NA,0.00218926298822369,NA,NA,1,"1899-12-31 20:17:00","1899-12-31 20:27:00",NA,"MAC_W_123_13",NA,"Polypropyleen",87.62,13.73,NA,13.73,97,"WHITE","HARD PLASTIC","River Scheldt","Spotsampling","Wintam","River Scheldt (Upstream)",NA,NA,NA,NA,"SC4","opaque","WHITE/CREAM","WHITE/CREAM","fragments","fragments","polypropylene",10,NA,NA
"499",32344,32344,"SH_22_01","2022-01-11","River Scheldt (Wintam)","MAC_W_123","Macroplastics (> 5 mm)","Water",41566.5,NA,91,NA,0.00218926298822369,NA,NA,1,"1899-12-31 20:17:00","1899-12-31 20:27:00",NA,"MAC_W_123_14",NA,"Polyethyleen",98.89,12.83,NA,12.83,122,"WHITE","HARD PLASTIC","River Scheldt","Spotsampling","Wintam","River Scheldt (Upstream)",NA,NA,NA,NA,"SC4","opaque","WHITE/CREAM","WHITE/CREAM","fragments","fragments","polyethylene",10,NA,NA
"500",32345,32345,"SH_22_01","2022-01-11","River Scheldt (Wintam)","MAC_W_123","Macroplastics (> 5 mm)","Water",41566.5,NA,91,NA,0.00218926298822369,NA,NA,1,"1899-12-31 20:17:00","1899-12-31 20:27:00",NA,"MAC_W_123_15",NA,"Polyethyleen",82.93,18.47,NA,18.47,52,"GREEN","HARD PLASTIC","River Scheldt","Spotsampling","Wintam","River Scheldt (Upstream)",NA,NA,NA,NA,"SC5","opaque","GREEN","BLUE/GREEN","fragments","fragments","polyethylene",10,NA,NA
"501",32346,32346,"SH_22_01","2022-01-11","River Scheldt (Wintam)","MAC_W_123","Macroplastics (> 5 mm)","Water",41566.5,NA,91,NA,0.00218926298822369,NA,NA,1,"1899-12-31 20:17:00","1899-12-31 20:27:00",NA,"MAC_W_123_16",NA,"Polypropyleen",92.88,27.73,NA,27.73,NA,"GREEN","FIBER","River Scheldt","Spotsampling","Wintam","River Scheldt (Upstream)",NA,NA,NA,NA,"SC5","opaque","GREEN","BLUE/GREEN","filaments","filaments","polypropylene",10,NA,NA
"502",32347,32347,"SH_22_01","2022-01-11","River Scheldt (Wintam)","MAC_W_123","Macroplastics (> 5 mm)","Water",41566.5,NA,91,NA,0.00218926298822369,NA,NA,1,"1899-12-31 20:17:00","1899-12-31 20:27:00",NA,"MAC_W_123_17",NA,"Polyethyleen",91.32,14.925,NA,14.925,11,"GREEN","FIBER","River Scheldt","Spotsampling","Wintam","River Scheldt (Upstream)",NA,NA,NA,NA,"SC4","opaque","GREEN","BLUE/GREEN","filaments","filaments","polyethylene",10,NA,NA
"503",32348,32348,"SH_22_01","2022-01-11","River Scheldt (Wintam)","MAC_W_123","Macroplastics (> 5 mm)","Water",41566.5,NA,91,NA,0.00218926298822369,NA,NA,1,"1899-12-31 20:17:00","1899-12-31 20:27:00",NA,"MAC_W_123_18",NA,"ND",NA,NA,NA,NA,NA,NA,"PELLET","River Scheldt","Spotsampling","Wintam","River Scheldt (Upstream)",NA,NA,NA,NA,"SC3",NA,NA,"UNDEFINED","pellets","pellets","undefined plastic",10,NA,NA
"504",32349,32349,"SH_22_01","2022-01-11","River Scheldt (Wintam)","MAC_W_123","Macroplastics (> 5 mm)","Water",41566.5,NA,91,NA,0.00218926298822369,NA,NA,1,"1899-12-31 20:17:00","1899-12-31 20:27:00",NA,"MAC_W_123_19",NA,"ND",NA,NA,NA,NA,NA,NA,"PELLET","River Scheldt","Spotsampling","Wintam","River Scheldt (Upstream)",NA,NA,NA,NA,"SC3",NA,NA,"UNDEFINED","pellets","pellets","undefined plastic",10,NA,NA
"505",32350,32350,"SH_22_01","2022-01-11","River Scheldt (Wintam)","MAC_W_123","Macroplastics (> 5 mm)","Water",41566.5,NA,91,NA,0.00218926298822369,NA,NA,1,"1899-12-31 20:17:00","1899-12-31 20:27:00",NA,"MAC_W_123_2",NA,"Polyamide",82.03,102.89,NA,102.89,161,"BLUE","FOIL","River Scheldt","Spotsampling","Wintam","River Scheldt (Upstream)",NA,NA,NA,NA,"SC7","opaque","BLUE","BLUE/GREEN","films","films","polyamide (nylon)",10,NA,NA
"506",32351,32351,"SH_22_01","2022-01-11","River Scheldt (Wintam)","MAC_W_123","Macroplastics (> 5 mm)","Water",41566.5,NA,91,NA,0.00218926298822369,NA,NA,1,"1899-12-31 20:17:00","1899-12-31 20:27:00",NA,"MAC_W_123_20",NA,"ND",NA,NA,NA,NA,NA,NA,"PELLET","River Scheldt","Spotsampling","Wintam","River Scheldt (Upstream)",NA,NA,NA,NA,"SC3",NA,NA,"UNDEFINED","pellets","pellets","undefined plastic",10,NA,NA
"507",32352,32352,"SH_22_01","2022-01-11","River Scheldt (Wintam)","MAC_W_123","Macroplastics (> 5 mm)","Water",41566.5,NA,91,NA,0.00218926298822369,NA,NA,1,"1899-12-31 20:17:00","1899-12-31 20:27:00",NA,"MAC_W_123_21",NA,"ND",NA,NA,NA,NA,NA,NA,"PELLET","River Scheldt","Spotsampling","Wintam","River Scheldt (Upstream)",NA,NA,NA,NA,"SC3",NA,NA,"UNDEFINED","pellets","pellets","undefined plastic",10,NA,NA
"508",32353,32353,"SH_22_01","2022-01-11","River Scheldt (Wintam)","MAC_W_123","Macroplastics (> 5 mm)","Water",41566.5,NA,91,NA,0.00218926298822369,NA,NA,1,"1899-12-31 20:17:00","1899-12-31 20:27:00",NA,"MAC_W_123_22",NA,"ND",NA,NA,NA,NA,NA,NA,"PELLET","River Scheldt","Spotsampling","Wintam","River Scheldt (Upstream)",NA,NA,NA,NA,"SC3",NA,NA,"UNDEFINED","pellets","pellets","undefined plastic",10,NA,NA
"509",32354,32354,"SH_22_01","2022-01-11","River Scheldt (Wintam)","MAC_W_123","Macroplastics (> 5 mm)","Water",41566.5,NA,91,NA,0.00218926298822369,NA,NA,1,"1899-12-31 20:17:00","1899-12-31 20:27:00",NA,"MAC_W_123_23",NA,"ND",NA,NA,NA,NA,NA,NA,"PELLET","River Scheldt","Spotsampling","Wintam","River Scheldt (Upstream)",NA,NA,NA,NA,"SC3",NA,NA,"UNDEFINED","pellets","pellets","undefined plastic",10,NA,NA
"510",32355,32355,"SH_22_01","2022-01-11","River Scheldt (Wintam)","MAC_W_123","Macroplastics (> 5 mm)","Water",41566.5,NA,91,NA,0.00218926298822369,NA,NA,1,"1899-12-31 20:17:00","1899-12-31 20:27:00",NA,"MAC_W_123_24",NA,"ND",NA,NA,NA,NA,NA,NA,"PELLET","River Scheldt","Spotsampling","Wintam","River Scheldt (Upstream)",NA,NA,NA,NA,"SC3",NA,NA,"UNDEFINED","pellets","pellets","undefined plastic",10,NA,NA
"511",32356,32356,"SH_22_01","2022-01-11","River Scheldt (Wintam)","MAC_W_123","Macroplastics (> 5 mm)","Water",41566.5,NA,91,NA,0.00218926298822369,NA,NA,1,"1899-12-31 20:17:00","1899-12-31 20:27:00",NA,"MAC_W_123_25",NA,"ND",NA,NA,NA,NA,NA,NA,"PELLET","River Scheldt","Spotsampling","Wintam","River Scheldt (Upstream)",NA,NA,NA,NA,"SC3",NA,NA,"UNDEFINED","pellets","pellets","undefined plastic",10,NA,NA
"512",32357,32357,"SH_22_01","2022-01-11","River Scheldt (Wintam)","MAC_W_123","Macroplastics (> 5 mm)","Water",41566.5,NA,91,NA,0.00218926298822369,NA,NA,1,"1899-12-31 20:17:00","1899-12-31 20:27:00",NA,"MAC_W_123_26",NA,"ND",NA,NA,NA,NA,NA,NA,"PELLET","River Scheldt","Spotsampling","Wintam","River Scheldt (Upstream)",NA,NA,NA,NA,"SC3",NA,NA,"UNDEFINED","pellets","pellets","undefined plastic",10,NA,NA
"513",32358,32358,"SH_22_01","2022-01-11","River Scheldt (Wintam)","MAC_W_123","Macroplastics (> 5 mm)","Water",41566.5,NA,91,NA,0.00218926298822369,NA,NA,1,"1899-12-31 20:17:00","1899-12-31 20:27:00",NA,"MAC_W_123_27",NA,"ND",NA,NA,NA,NA,NA,NA,"PELLET","River Scheldt","Spotsampling","Wintam","River Scheldt (Upstream)",NA,NA,NA,NA,"SC3",NA,NA,"UNDEFINED","pellets","pellets","undefined plastic",10,NA,NA
"514",32359,32359,"SH_22_01","2022-01-11","River Scheldt (Wintam)","MAC_W_123","Macroplastics (> 5 mm)","Water",41566.5,NA,91,NA,0.00218926298822369,NA,NA,1,"1899-12-31 20:17:00","1899-12-31 20:27:00",NA,"MAC_W_123_28",NA,"ND",NA,NA,NA,NA,NA,NA,"PELLET","River Scheldt","Spotsampling","Wintam","River Scheldt (Upstream)",NA,NA,NA,NA,"SC3",NA,NA,"UNDEFINED","pellets","pellets","undefined plastic",10,NA,NA
"515",32360,32360,"SH_22_01","2022-01-11","River Scheldt (Wintam)","MAC_W_123","Macroplastics (> 5 mm)","Water",41566.5,NA,91,NA,0.00218926298822369,NA,NA,1,"1899-12-31 20:17:00","1899-12-31 20:27:00",NA,"MAC_W_123_29",NA,"ND",NA,NA,NA,NA,NA,NA,"PELLET","River Scheldt","Spotsampling","Wintam","River Scheldt (Upstream)",NA,NA,NA,NA,"SC3",NA,NA,"UNDEFINED","pellets","pellets","undefined plastic",10,NA,NA
"516",32361,32361,"SH_22_01","2022-01-11","River Scheldt (Wintam)","MAC_W_123","Macroplastics (> 5 mm)","Water",41566.5,NA,91,NA,0.00218926298822369,NA,NA,1,"1899-12-31 20:17:00","1899-12-31 20:27:00",NA,"MAC_W_123_3",NA,"PMA",87.06,54.59,NA,54.59,77,"WHITE","FOIL","River Scheldt","Spotsampling","Wintam","River Scheldt (Upstream)",NA,NA,NA,NA,"SC6","opaque","WHITE/CREAM","WHITE/CREAM","films","films","polymethylacrylate",10,NA,NA
"517",32362,32362,"SH_22_01","2022-01-11","River Scheldt (Wintam)","MAC_W_123","Macroplastics (> 5 mm)","Water",41566.5,NA,91,NA,0.00218926298822369,NA,NA,1,"1899-12-31 20:17:00","1899-12-31 20:27:00",NA,"MAC_W_123_30",NA,"ND",NA,NA,NA,NA,NA,NA,"PELLET","River Scheldt","Spotsampling","Wintam","River Scheldt (Upstream)",NA,NA,NA,NA,"SC3",NA,NA,"UNDEFINED","pellets","pellets","undefined plastic",10,NA,NA
"518",32363,32363,"SH_22_01","2022-01-11","River Scheldt (Wintam)","MAC_W_123","Macroplastics (> 5 mm)","Water",41566.5,NA,91,NA,0.00218926298822369,NA,NA,1,"1899-12-31 20:17:00","1899-12-31 20:27:00",NA,"MAC_W_123_31",NA,"ND",NA,NA,NA,NA,NA,NA,"PELLET","River Scheldt","Spotsampling","Wintam","River Scheldt (Upstream)",NA,NA,NA,NA,"SC3",NA,NA,"UNDEFINED","pellets","pellets","undefined plastic",10,NA,NA
"519",32364,32364,"SH_22_01","2022-01-11","River Scheldt (Wintam)","MAC_W_123","Macroplastics (> 5 mm)","Water",41566.5,NA,91,NA,0.00218926298822369,NA,NA,1,"1899-12-31 20:17:00","1899-12-31 20:27:00",NA,"MAC_W_123_32",NA,"ND",NA,NA,NA,NA,NA,NA,"PELLET","River Scheldt","Spotsampling","Wintam","River Scheldt (Upstream)",NA,NA,NA,NA,"SC3",NA,NA,"UNDEFINED","pellets","pellets","undefined plastic",10,NA,NA
"520",32365,32365,"SH_22_01","2022-01-11","River Scheldt (Wintam)","MAC_W_123","Macroplastics (> 5 mm)","Water",41566.5,NA,91,NA,0.00218926298822369,NA,NA,1,"1899-12-31 20:17:00","1899-12-31 20:27:00",NA,"MAC_W_123_33",NA,"ND",NA,NA,NA,NA,NA,NA,"PELLET","River Scheldt","Spotsampling","Wintam","River Scheldt (Upstream)",NA,NA,NA,NA,"SC3",NA,NA,"UNDEFINED","pellets","pellets","undefined plastic",10,NA,NA
"521",32366,32366,"SH_22_01","2022-01-11","River Scheldt (Wintam)","MAC_W_123","Macroplastics (> 5 mm)","Water",41566.5,NA,91,NA,0.00218926298822369,NA,NA,1,"1899-12-31 20:17:00","1899-12-31 20:27:00",NA,"MAC_W_123_34",NA,"ND",NA,NA,NA,NA,NA,NA,"PELLET","River Scheldt","Spotsampling","Wintam","River Scheldt (Upstream)",NA,NA,NA,NA,"SC3",NA,NA,"UNDEFINED","pellets","pellets","undefined plastic",10,NA,NA
"522",32367,32367,"SH_22_01","2022-01-11","River Scheldt (Wintam)","MAC_W_123","Macroplastics (> 5 mm)","Water",41566.5,NA,91,NA,0.00218926298822369,NA,NA,1,"1899-12-31 20:17:00","1899-12-31 20:27:00",NA,"MAC_W_123_35",NA,"ND",NA,NA,NA,NA,NA,NA,"PELLET","River Scheldt","Spotsampling","Wintam","River Scheldt (Upstream)",NA,NA,NA,NA,"SC3",NA,NA,"UNDEFINED","pellets","pellets","undefined plastic",10,NA,NA
"523",32368,32368,"SH_22_01","2022-01-11","River Scheldt (Wintam)","MAC_W_123","Macroplastics (> 5 mm)","Water",41566.5,NA,91,NA,0.00218926298822369,NA,NA,1,"1899-12-31 20:17:00","1899-12-31 20:27:00",NA,"MAC_W_123_36",NA,"ND",NA,NA,NA,NA,NA,NA,"PELLET","River Scheldt","Spotsampling","Wintam","River Scheldt (Upstream)",NA,NA,NA,NA,"SC3",NA,NA,"UNDEFINED","pellets","pellets","undefined plastic",10,NA,NA
"524",32369,32369,"SH_22_01","2022-01-11","River Scheldt (Wintam)","MAC_W_123","Macroplastics (> 5 mm)","Water",41566.5,NA,91,NA,0.00218926298822369,NA,NA,1,"1899-12-31 20:17:00","1899-12-31 20:27:00",NA,"MAC_W_123_37",NA,"ND",NA,NA,NA,NA,NA,NA,"PELLET","River Scheldt","Spotsampling","Wintam","River Scheldt (Upstream)",NA,NA,NA,NA,"SC3",NA,NA,"UNDEFINED","pellets","pellets","undefined plastic",10,NA,NA
"525",32370,32370,"SH_22_01","2022-01-11","River Scheldt (Wintam)","MAC_W_123","Macroplastics (> 5 mm)","Water",41566.5,NA,91,NA,0.00218926298822369,NA,NA,1,"1899-12-31 20:17:00","1899-12-31 20:27:00",NA,"MAC_W_123_38",NA,"ND",NA,NA,NA,NA,NA,NA,"PELLET","River Scheldt","Spotsampling","Wintam","River Scheldt (Upstream)",NA,NA,NA,NA,"SC3",NA,NA,"UNDEFINED","pellets","pellets","undefined plastic",10,NA,NA
"526",32371,32371,"SH_22_01","2022-01-11","River Scheldt (Wintam)","MAC_W_123","Macroplastics (> 5 mm)","Water",41566.5,NA,91,NA,0.00218926298822369,NA,NA,1,"1899-12-31 20:17:00","1899-12-31 20:27:00",NA,"MAC_W_123_39",NA,"ND",NA,NA,NA,NA,NA,NA,"PELLET","River Scheldt","Spotsampling","Wintam","River Scheldt (Upstream)",NA,NA,NA,NA,"SC3",NA,NA,"UNDEFINED","pellets","pellets","undefined plastic",10,NA,NA
"527",32372,32372,"SH_22_01","2022-01-11","River Scheldt (Wintam)","MAC_W_123","Macroplastics (> 5 mm)","Water",41566.5,NA,91,NA,0.00218926298822369,NA,NA,1,"1899-12-31 20:17:00","1899-12-31 20:27:00",NA,"MAC_W_123_4",NA,"Polyethyleen",94.19,24.855,NA,24.855,21,"TRANSP","FOIL","River Scheldt","Spotsampling","Wintam","River Scheldt (Upstream)",NA,NA,NA,NA,"SC5","transparent/translucent","COLOURLESS","COLOURLESS","films","films","polyethylene",10,NA,NA
"528",32373,32373,"SH_22_01","2022-01-11","River Scheldt (Wintam)","MAC_W_123","Macroplastics (> 5 mm)","Water",41566.5,NA,91,NA,0.00218926298822369,NA,NA,1,"1899-12-31 20:17:00","1899-12-31 20:27:00",NA,"MAC_W_123_40",NA,"ND",NA,NA,NA,NA,NA,NA,"PELLET","River Scheldt","Spotsampling","Wintam","River Scheldt (Upstream)",NA,NA,NA,NA,"SC3",NA,NA,"UNDEFINED","pellets","pellets","undefined plastic",10,NA,NA
"529",32374,32374,"SH_22_01","2022-01-11","River Scheldt (Wintam)","MAC_W_123","Macroplastics (> 5 mm)","Water",41566.5,NA,91,NA,0.00218926298822369,NA,NA,1,"1899-12-31 20:17:00","1899-12-31 20:27:00",NA,"MAC_W_123_41",NA,"ND",NA,NA,NA,NA,NA,NA,"PELLET","River Scheldt","Spotsampling","Wintam","River Scheldt (Upstream)",NA,NA,NA,NA,"SC3",NA,NA,"UNDEFINED","pellets","pellets","undefined plastic",10,NA,NA
"530",32375,32375,"SH_22_01","2022-01-11","River Scheldt (Wintam)","MAC_W_123","Macroplastics (> 5 mm)","Water",41566.5,NA,91,NA,0.00218926298822369,NA,NA,1,"1899-12-31 20:17:00","1899-12-31 20:27:00",NA,"MAC_W_123_42",NA,"ND",NA,NA,NA,NA,NA,NA,"PELLET","River Scheldt","Spotsampling","Wintam","River Scheldt (Upstream)",NA,NA,NA,NA,"SC3",NA,NA,"UNDEFINED","pellets","pellets","undefined plastic",10,NA,NA
"531",32376,32376,"SH_22_01","2022-01-11","River Scheldt (Wintam)","MAC_W_123","Macroplastics (> 5 mm)","Water",41566.5,NA,91,NA,0.00218926298822369,NA,NA,1,"1899-12-31 20:17:00","1899-12-31 20:27:00",NA,"MAC_W_123_43",NA,"ND",NA,NA,NA,NA,NA,NA,"PELLET","River Scheldt","Spotsampling","Wintam","River Scheldt (Upstream)",NA,NA,NA,NA,"SC3",NA,NA,"UNDEFINED","pellets","pellets","undefined plastic",10,NA,NA
"532",32377,32377,"SH_22_01","2022-01-11","River Scheldt (Wintam)","MAC_W_123","Macroplastics (> 5 mm)","Water",41566.5,NA,91,NA,0.00218926298822369,NA,NA,1,"1899-12-31 20:17:00","1899-12-31 20:27:00",NA,"MAC_W_123_44",NA,"ND",NA,NA,NA,NA,NA,NA,"PELLET","River Scheldt","Spotsampling","Wintam","River Scheldt (Upstream)",NA,NA,NA,NA,"SC3",NA,NA,"UNDEFINED","pellets","pellets","undefined plastic",10,NA,NA
"533",32378,32378,"SH_22_01","2022-01-11","River Scheldt (Wintam)","MAC_W_123","Macroplastics (> 5 mm)","Water",41566.5,NA,91,NA,0.00218926298822369,NA,NA,1,"1899-12-31 20:17:00","1899-12-31 20:27:00",NA,"MAC_W_123_45",NA,"ND",NA,NA,NA,NA,NA,NA,"PELLET","River Scheldt","Spotsampling","Wintam","River Scheldt (Upstream)",NA,NA,NA,NA,"SC3",NA,NA,"UNDEFINED","pellets","pellets","undefined plastic",10,NA,NA
"534",32379,32379,"SH_22_01","2022-01-11","River Scheldt (Wintam)","MAC_W_123","Macroplastics (> 5 mm)","Water",41566.5,NA,91,NA,0.00218926298822369,NA,NA,1,"1899-12-31 20:17:00","1899-12-31 20:27:00",NA,"MAC_W_123_46",NA,"ND",NA,NA,NA,NA,NA,NA,"PELLET","River Scheldt","Spotsampling","Wintam","River Scheldt (Upstream)",NA,NA,NA,NA,"SC3",NA,NA,"UNDEFINED","pellets","pellets","undefined plastic",10,NA,NA
"535",32380,32380,"SH_22_01","2022-01-11","River Scheldt (Wintam)","MAC_W_123","Macroplastics (> 5 mm)","Water",41566.5,NA,91,NA,0.00218926298822369,NA,NA,1,"1899-12-31 20:17:00","1899-12-31 20:27:00",NA,"MAC_W_123_47",NA,"ND",NA,NA,NA,NA,NA,NA,"PELLET","River Scheldt","Spotsampling","Wintam","River Scheldt (Upstream)",NA,NA,NA,NA,"SC3",NA,NA,"UNDEFINED","pellets","pellets","undefined plastic",10,NA,NA
"536",32381,32381,"SH_22_01","2022-01-11","River Scheldt (Wintam)","MAC_W_123","Macroplastics (> 5 mm)","Water",41566.5,NA,91,NA,0.00218926298822369,NA,NA,1,"1899-12-31 20:17:00","1899-12-31 20:27:00",NA,"MAC_W_123_48",NA,"ND",NA,NA,NA,NA,NA,NA,"PELLET","River Scheldt","Spotsampling","Wintam","River Scheldt (Upstream)",NA,NA,NA,NA,"SC3",NA,NA,"UNDEFINED","pellets","pellets","undefined plastic",10,NA,NA
"537",32382,32382,"SH_22_01","2022-01-11","River Scheldt (Wintam)","MAC_W_123","Macroplastics (> 5 mm)","Water",41566.5,NA,91,NA,0.00218926298822369,NA,NA,1,"1899-12-31 20:17:00","1899-12-31 20:27:00",NA,"MAC_W_123_49",NA,"ND",NA,NA,NA,NA,NA,NA,"PELLET","River Scheldt","Spotsampling","Wintam","River Scheldt (Upstream)",NA,NA,NA,NA,"SC3",NA,NA,"UNDEFINED","pellets","pellets","undefined plastic",10,NA,NA
"538",32383,32383,"SH_22_01","2022-01-11","River Scheldt (Wintam)","MAC_W_123","Macroplastics (> 5 mm)","Water",41566.5,NA,91,NA,0.00218926298822369,NA,NA,1,"1899-12-31 20:17:00","1899-12-31 20:27:00",NA,"MAC_W_123_5",NA,"Polyamide",74.53,23.77,NA,23.77,NA,"SILVER","FOIL","River Scheldt","Spotsampling","Wintam","River Scheldt (Upstream)",NA,NA,NA,NA,"SC5","opaque","WHITE/CREAM","WHITE/CREAM","films","films","polyamide (nylon)",10,NA,NA
"539",32384,32384,"SH_22_01","2022-01-11","River Scheldt (Wintam)","MAC_W_123","Macroplastics (> 5 mm)","Water",41566.5,NA,91,NA,0.00218926298822369,NA,NA,1,"1899-12-31 20:17:00","1899-12-31 20:27:00",NA,"MAC_W_123_50",NA,"ND",NA,NA,NA,NA,NA,NA,"PELLET","River Scheldt","Spotsampling","Wintam","River Scheldt (Upstream)",NA,NA,NA,NA,"SC3",NA,NA,"UNDEFINED","pellets","pellets","undefined plastic",10,NA,NA
"540",32385,32385,"SH_22_01","2022-01-11","River Scheldt (Wintam)","MAC_W_123","Macroplastics (> 5 mm)","Water",41566.5,NA,91,NA,0.00218926298822369,NA,NA,1,"1899-12-31 20:17:00","1899-12-31 20:27:00",NA,"MAC_W_123_51",NA,"ND",NA,NA,NA,NA,NA,NA,"PELLET","River Scheldt","Spotsampling","Wintam","River Scheldt (Upstream)",NA,NA,NA,NA,"SC3",NA,NA,"UNDEFINED","pellets","pellets","undefined plastic",10,NA,NA
"541",32386,32386,"SH_22_01","2022-01-11","River Scheldt (Wintam)","MAC_W_123","Macroplastics (> 5 mm)","Water",41566.5,NA,91,NA,0.00218926298822369,NA,NA,1,"1899-12-31 20:17:00","1899-12-31 20:27:00",NA,"MAC_W_123_52",NA,"ND",NA,NA,NA,NA,NA,NA,"PELLET","River Scheldt","Spotsampling","Wintam","River Scheldt (Upstream)",NA,NA,NA,NA,"SC3",NA,NA,"UNDEFINED","pellets","pellets","undefined plastic",10,NA,NA
"542",32387,32387,"SH_22_01","2022-01-11","River Scheldt (Wintam)","MAC_W_123","Macroplastics (> 5 mm)","Water",41566.5,NA,91,NA,0.00218926298822369,NA,NA,1,"1899-12-31 20:17:00","1899-12-31 20:27:00",NA,"MAC_W_123_53",NA,"ND",NA,NA,NA,NA,NA,NA,"PELLET","River Scheldt","Spotsampling","Wintam","River Scheldt (Upstream)",NA,NA,NA,NA,"SC3",NA,NA,"UNDEFINED","pellets","pellets","undefined plastic",10,NA,NA
"543",32388,32388,"SH_22_01","2022-01-11","River Scheldt (Wintam)","MAC_W_123","Macroplastics (> 5 mm)","Water",41566.5,NA,91,NA,0.00218926298822369,NA,NA,1,"1899-12-31 20:17:00","1899-12-31 20:27:00",NA,"MAC_W_123_54",NA,"ND",NA,NA,NA,NA,NA,NA,"PELLET","River Scheldt","Spotsampling","Wintam","River Scheldt (Upstream)",NA,NA,NA,NA,"SC3",NA,NA,"UNDEFINED","pellets","pellets","undefined plastic",10,NA,NA
"544",32389,32389,"SH_22_01","2022-01-11","River Scheldt (Wintam)","MAC_W_123","Macroplastics (> 5 mm)","Water",41566.5,NA,91,NA,0.00218926298822369,NA,NA,1,"1899-12-31 20:17:00","1899-12-31 20:27:00",NA,"MAC_W_123_55",NA,"ND",NA,NA,NA,NA,NA,NA,"PELLET","River Scheldt","Spotsampling","Wintam","River Scheldt (Upstream)",NA,NA,NA,NA,"SC3",NA,NA,"UNDEFINED","pellets","pellets","undefined plastic",10,NA,NA
"545",32390,32390,"SH_22_01","2022-01-11","River Scheldt (Wintam)","MAC_W_123","Macroplastics (> 5 mm)","Water",41566.5,NA,91,NA,0.00218926298822369,NA,NA,1,"1899-12-31 20:17:00","1899-12-31 20:27:00",NA,"MAC_W_123_56",NA,"ND",NA,NA,NA,NA,NA,NA,"PELLET","River Scheldt","Spotsampling","Wintam","River Scheldt (Upstream)",NA,NA,NA,NA,"SC3",NA,NA,"UNDEFINED","pellets","pellets","undefined plastic",10,NA,NA
"546",32391,32391,"SH_22_01","2022-01-11","River Scheldt (Wintam)","MAC_W_123","Macroplastics (> 5 mm)","Water",41566.5,NA,91,NA,0.00218926298822369,NA,NA,1,"1899-12-31 20:17:00","1899-12-31 20:27:00",NA,"MAC_W_123_57",NA,"ND",NA,NA,NA,NA,NA,NA,"PELLET","River Scheldt","Spotsampling","Wintam","River Scheldt (Upstream)",NA,NA,NA,NA,"SC3",NA,NA,"UNDEFINED","pellets","pellets","undefined plastic",10,NA,NA
"547",32392,32392,"SH_22_01","2022-01-11","River Scheldt (Wintam)","MAC_W_123","Macroplastics (> 5 mm)","Water",41566.5,NA,91,NA,0.00218926298822369,NA,NA,1,"1899-12-31 20:17:00","1899-12-31 20:27:00",NA,"MAC_W_123_58",NA,"ND",NA,NA,NA,NA,NA,NA,"PELLET","River Scheldt","Spotsampling","Wintam","River Scheldt (Upstream)",NA,NA,NA,NA,"SC3",NA,NA,"UNDEFINED","pellets","pellets","undefined plastic",10,NA,NA
"548",32393,32393,"SH_22_01","2022-01-11","River Scheldt (Wintam)","MAC_W_123","Macroplastics (> 5 mm)","Water",41566.5,NA,91,NA,0.00218926298822369,NA,NA,1,"1899-12-31 20:17:00","1899-12-31 20:27:00",NA,"MAC_W_123_59",NA,"ND",NA,NA,NA,NA,NA,NA,"PELLET","River Scheldt","Spotsampling","Wintam","River Scheldt (Upstream)",NA,NA,NA,NA,"SC3",NA,NA,"UNDEFINED","pellets","pellets","undefined plastic",10,NA,NA
"549",32394,32394,"SH_22_01","2022-01-11","River Scheldt (Wintam)","MAC_W_123","Macroplastics (> 5 mm)","Water",41566.5,NA,91,NA,0.00218926298822369,NA,NA,1,"1899-12-31 20:17:00","1899-12-31 20:27:00",NA,"MAC_W_123_6",NA,"Polypropyleen",82.63,22.34,NA,22.34,NA,"TRANSP","FOIL","River Scheldt","Spotsampling","Wintam","River Scheldt (Upstream)",NA,NA,NA,NA,"SC5","transparent/translucent","COLOURLESS","COLOURLESS","films","films","polypropylene",10,NA,NA
"550",32395,32395,"SH_22_01","2022-01-11","River Scheldt (Wintam)","MAC_W_123","Macroplastics (> 5 mm)","Water",41566.5,NA,91,NA,0.00218926298822369,NA,NA,1,"1899-12-31 20:17:00","1899-12-31 20:27:00",NA,"MAC_W_123_60",NA,"ND",NA,NA,NA,NA,NA,NA,"PELLET","River Scheldt","Spotsampling","Wintam","River Scheldt (Upstream)",NA,NA,NA,NA,"SC3",NA,NA,"UNDEFINED","pellets","pellets","undefined plastic",10,NA,NA
"551",32396,32396,"SH_22_01","2022-01-11","River Scheldt (Wintam)","MAC_W_123","Macroplastics (> 5 mm)","Water",41566.5,NA,91,NA,0.00218926298822369,NA,NA,1,"1899-12-31 20:17:00","1899-12-31 20:27:00",NA,"MAC_W_123_61",NA,"ND",NA,NA,NA,NA,NA,NA,"PELLET","River Scheldt","Spotsampling","Wintam","River Scheldt (Upstream)",NA,NA,NA,NA,"SC3",NA,NA,"UNDEFINED","pellets","pellets","undefined plastic",10,NA,NA
"552",32397,32397,"SH_22_01","2022-01-11","River Scheldt (Wintam)","MAC_W_123","Macroplastics (> 5 mm)","Water",41566.5,NA,91,NA,0.00218926298822369,NA,NA,1,"1899-12-31 20:17:00","1899-12-31 20:27:00",NA,"MAC_W_123_62",NA,"ND",NA,NA,NA,NA,NA,NA,"PELLET","River Scheldt","Spotsampling","Wintam","River Scheldt (Upstream)",NA,NA,NA,NA,"SC3",NA,NA,"UNDEFINED","pellets","pellets","undefined plastic",10,NA,NA
"553",32398,32398,"SH_22_01","2022-01-11","River Scheldt (Wintam)","MAC_W_123","Macroplastics (> 5 mm)","Water",41566.5,NA,91,NA,0.00218926298822369,NA,NA,1,"1899-12-31 20:17:00","1899-12-31 20:27:00",NA,"MAC_W_123_63",NA,"ND",NA,NA,NA,NA,NA,NA,"PELLET","River Scheldt","Spotsampling","Wintam","River Scheldt (Upstream)",NA,NA,NA,NA,"SC3",NA,NA,"UNDEFINED","pellets","pellets","undefined plastic",10,NA,NA
"554",32399,32399,"SH_22_01","2022-01-11","River Scheldt (Wintam)","MAC_W_123","Macroplastics (> 5 mm)","Water",41566.5,NA,91,NA,0.00218926298822369,NA,NA,1,"1899-12-31 20:17:00","1899-12-31 20:27:00",NA,"MAC_W_123_64",NA,"ND",NA,NA,NA,NA,NA,NA,"PELLET","River Scheldt","Spotsampling","Wintam","River Scheldt (Upstream)",NA,NA,NA,NA,"SC3",NA,NA,"UNDEFINED","pellets","pellets","undefined plastic",10,NA,NA
"555",32400,32400,"SH_22_01","2022-01-11","River Scheldt (Wintam)","MAC_W_123","Macroplastics (> 5 mm)","Water",41566.5,NA,91,NA,0.00218926298822369,NA,NA,1,"1899-12-31 20:17:00","1899-12-31 20:27:00",NA,"MAC_W_123_65",NA,"ND",NA,NA,NA,NA,NA,NA,"PELLET","River Scheldt","Spotsampling","Wintam","River Scheldt (Upstream)",NA,NA,NA,NA,"SC3",NA,NA,"UNDEFINED","pellets","pellets","undefined plastic",10,NA,NA
"556",32401,32401,"SH_22_01","2022-01-11","River Scheldt (Wintam)","MAC_W_123","Macroplastics (> 5 mm)","Water",41566.5,NA,91,NA,0.00218926298822369,NA,NA,1,"1899-12-31 20:17:00","1899-12-31 20:27:00",NA,"MAC_W_123_66",NA,"ND",NA,NA,NA,NA,NA,NA,"PELLET","River Scheldt","Spotsampling","Wintam","River Scheldt (Upstream)",NA,NA,NA,NA,"SC3",NA,NA,"UNDEFINED","pellets","pellets","undefined plastic",10,NA,NA
"557",32402,32402,"SH_22_01","2022-01-11","River Scheldt (Wintam)","MAC_W_123","Macroplastics (> 5 mm)","Water",41566.5,NA,91,NA,0.00218926298822369,NA,NA,1,"1899-12-31 20:17:00","1899-12-31 20:27:00",NA,"MAC_W_123_67",NA,"ND",NA,NA,NA,NA,NA,NA,"PELLET","River Scheldt","Spotsampling","Wintam","River Scheldt (Upstream)",NA,NA,NA,NA,"SC3",NA,NA,"UNDEFINED","pellets","pellets","undefined plastic",10,NA,NA
"558",32403,32403,"SH_22_01","2022-01-11","River Scheldt (Wintam)","MAC_W_123","Macroplastics (> 5 mm)","Water",41566.5,NA,91,NA,0.00218926298822369,NA,NA,1,"1899-12-31 20:17:00","1899-12-31 20:27:00",NA,"MAC_W_123_68",NA,"ND",NA,NA,NA,NA,NA,NA,"PELLET","River Scheldt","Spotsampling","Wintam","River Scheldt (Upstream)",NA,NA,NA,NA,"SC3",NA,NA,"UNDEFINED","pellets","pellets","undefined plastic",10,NA,NA
"559",32404,32404,"SH_22_01","2022-01-11","River Scheldt (Wintam)","MAC_W_123","Macroplastics (> 5 mm)","Water",41566.5,NA,91,NA,0.00218926298822369,NA,NA,1,"1899-12-31 20:17:00","1899-12-31 20:27:00",NA,"MAC_W_123_69",NA,"ND",NA,NA,NA,NA,NA,NA,"PELLET","River Scheldt","Spotsampling","Wintam","River Scheldt (Upstream)",NA,NA,NA,NA,"SC3",NA,NA,"UNDEFINED","pellets","pellets","undefined plastic",10,NA,NA
"560",32405,32405,"SH_22_01","2022-01-11","River Scheldt (Wintam)","MAC_W_123","Macroplastics (> 5 mm)","Water",41566.5,NA,91,NA,0.00218926298822369,NA,NA,1,"1899-12-31 20:17:00","1899-12-31 20:27:00",NA,"MAC_W_123_7",NA,"Polyamide",98.21,179.565,NA,179.565,793,"BLACK","HARD PLASTIC","River Scheldt","Spotsampling","Wintam","River Scheldt (Upstream)",NA,NA,NA,NA,"SC7","opaque","BLACK/GREY","BLACK/GREY","fragments","fragments","polyamide (nylon)",10,NA,NA
"561",32406,32406,"SH_22_01","2022-01-11","River Scheldt (Wintam)","MAC_W_123","Macroplastics (> 5 mm)","Water",41566.5,NA,91,NA,0.00218926298822369,NA,NA,1,"1899-12-31 20:17:00","1899-12-31 20:27:00",NA,"MAC_W_123_70",NA,"ND",NA,NA,NA,NA,NA,NA,"PELLET","River Scheldt","Spotsampling","Wintam","River Scheldt (Upstream)",NA,NA,NA,NA,"SC3",NA,NA,"UNDEFINED","pellets","pellets","undefined plastic",10,NA,NA
"562",32407,32407,"SH_22_01","2022-01-11","River Scheldt (Wintam)","MAC_W_123","Macroplastics (> 5 mm)","Water",41566.5,NA,91,NA,0.00218926298822369,NA,NA,1,"1899-12-31 20:17:00","1899-12-31 20:27:00",NA,"MAC_W_123_71",NA,"ND",NA,NA,NA,NA,NA,NA,"PELLET","River Scheldt","Spotsampling","Wintam","River Scheldt (Upstream)",NA,NA,NA,NA,"SC3",NA,NA,"UNDEFINED","pellets","pellets","undefined plastic",10,NA,NA
"563",32408,32408,"SH_22_01","2022-01-11","River Scheldt (Wintam)","MAC_W_123","Macroplastics (> 5 mm)","Water",41566.5,NA,91,NA,0.00218926298822369,NA,NA,1,"1899-12-31 20:17:00","1899-12-31 20:27:00",NA,"MAC_W_123_72",NA,"ND",NA,NA,NA,NA,NA,NA,"PELLET","River Scheldt","Spotsampling","Wintam","River Scheldt (Upstream)",NA,NA,NA,NA,"SC3",NA,NA,"UNDEFINED","pellets","pellets","undefined plastic",10,NA,NA
"564",32409,32409,"SH_22_01","2022-01-11","River Scheldt (Wintam)","MAC_W_123","Macroplastics (> 5 mm)","Water",41566.5,NA,91,NA,0.00218926298822369,NA,NA,1,"1899-12-31 20:17:00","1899-12-31 20:27:00",NA,"MAC_W_123_73",NA,"ND",NA,NA,NA,NA,NA,NA,"PELLET","River Scheldt","Spotsampling","Wintam","River Scheldt (Upstream)",NA,NA,NA,NA,"SC3",NA,NA,"UNDEFINED","pellets","pellets","undefined plastic",10,NA,NA
"565",32410,32410,"SH_22_01","2022-01-11","River Scheldt (Wintam)","MAC_W_123","Macroplastics (> 5 mm)","Water",41566.5,NA,91,NA,0.00218926298822369,NA,NA,1,"1899-12-31 20:17:00","1899-12-31 20:27:00",NA,"MAC_W_123_74",NA,"ND",NA,NA,NA,NA,NA,NA,"PELLET","River Scheldt","Spotsampling","Wintam","River Scheldt (Upstream)",NA,NA,NA,NA,"SC3",NA,NA,"UNDEFINED","pellets","pellets","undefined plastic",10,NA,NA
"566",32411,32411,"SH_22_01","2022-01-11","River Scheldt (Wintam)","MAC_W_123","Macroplastics (> 5 mm)","Water",41566.5,NA,91,NA,0.00218926298822369,NA,NA,1,"1899-12-31 20:17:00","1899-12-31 20:27:00",NA,"MAC_W_123_75",NA,"ND",NA,NA,NA,NA,NA,NA,"PELLET","River Scheldt","Spotsampling","Wintam","River Scheldt (Upstream)",NA,NA,NA,NA,"SC3",NA,NA,"UNDEFINED","pellets","pellets","undefined plastic",10,NA,NA
"567",32412,32412,"SH_22_01","2022-01-11","River Scheldt (Wintam)","MAC_W_123","Macroplastics (> 5 mm)","Water",41566.5,NA,91,NA,0.00218926298822369,NA,NA,1,"1899-12-31 20:17:00","1899-12-31 20:27:00",NA,"MAC_W_123_76",NA,"ND",NA,NA,NA,NA,NA,NA,"PELLET","River Scheldt","Spotsampling","Wintam","River Scheldt (Upstream)",NA,NA,NA,NA,"SC3",NA,NA,"UNDEFINED","pellets","pellets","undefined plastic",10,NA,NA
"568",32413,32413,"SH_22_01","2022-01-11","River Scheldt (Wintam)","MAC_W_123","Macroplastics (> 5 mm)","Water",41566.5,NA,91,NA,0.00218926298822369,NA,NA,1,"1899-12-31 20:17:00","1899-12-31 20:27:00",NA,"MAC_W_123_77",NA,"ND",NA,NA,NA,NA,NA,NA,"PELLET","River Scheldt","Spotsampling","Wintam","River Scheldt (Upstream)",NA,NA,NA,NA,"SC3",NA,NA,"UNDEFINED","pellets","pellets","undefined plastic",10,NA,NA
"569",32414,32414,"SH_22_01","2022-01-11","River Scheldt (Wintam)","MAC_W_123","Macroplastics (> 5 mm)","Water",41566.5,NA,91,NA,0.00218926298822369,NA,NA,1,"1899-12-31 20:17:00","1899-12-31 20:27:00",NA,"MAC_W_123_78",NA,"ND",NA,NA,NA,NA,NA,NA,"PELLET","River Scheldt","Spotsampling","Wintam","River Scheldt (Upstream)",NA,NA,NA,NA,"SC3",NA,NA,"UNDEFINED","pellets","pellets","undefined plastic",10,NA,NA
"570",32415,32415,"SH_22_01","2022-01-11","River Scheldt (Wintam)","MAC_W_123","Macroplastics (> 5 mm)","Water",41566.5,NA,91,NA,0.00218926298822369,NA,NA,1,"1899-12-31 20:17:00","1899-12-31 20:27:00",NA,"MAC_W_123_79",NA,"ND",NA,NA,NA,NA,NA,NA,"PELLET","River Scheldt","Spotsampling","Wintam","River Scheldt (Upstream)",NA,NA,NA,NA,"SC3",NA,NA,"UNDEFINED","pellets","pellets","undefined plastic",10,NA,NA
"571",32416,32416,"SH_22_01","2022-01-11","River Scheldt (Wintam)","MAC_W_123","Macroplastics (> 5 mm)","Water",41566.5,NA,91,NA,0.00218926298822369,NA,NA,1,"1899-12-31 20:17:00","1899-12-31 20:27:00",NA,"MAC_W_123_8",NA,"Polyethyleen",98.94,26.16,NA,26.16,916,"TRANSP","HARD PLASTIC","River Scheldt","Spotsampling","Wintam","River Scheldt (Upstream)",NA,NA,NA,NA,"SC5","transparent/translucent","COLOURLESS","COLOURLESS","fragments","fragments","polyethylene",10,NA,NA
"572",32417,32417,"SH_22_01","2022-01-11","River Scheldt (Wintam)","MAC_W_123","Macroplastics (> 5 mm)","Water",41566.5,NA,91,NA,0.00218926298822369,NA,NA,1,"1899-12-31 20:17:00","1899-12-31 20:27:00",NA,"MAC_W_123_80",NA,"ND",NA,NA,NA,NA,NA,NA,"PELLET","River Scheldt","Spotsampling","Wintam","River Scheldt (Upstream)",NA,NA,NA,NA,"SC3",NA,NA,"UNDEFINED","pellets","pellets","undefined plastic",10,NA,NA
"573",32418,32418,"SH_22_01","2022-01-11","River Scheldt (Wintam)","MAC_W_123","Macroplastics (> 5 mm)","Water",41566.5,NA,91,NA,0.00218926298822369,NA,NA,1,"1899-12-31 20:17:00","1899-12-31 20:27:00",NA,"MAC_W_123_81",NA,"ND",NA,NA,NA,NA,NA,NA,"PELLET","River Scheldt","Spotsampling","Wintam","River Scheldt (Upstream)",NA,NA,NA,NA,"SC3",NA,NA,"UNDEFINED","pellets","pellets","undefined plastic",10,NA,NA
"574",32419,32419,"SH_22_01","2022-01-11","River Scheldt (Wintam)","MAC_W_123","Macroplastics (> 5 mm)","Water",41566.5,NA,91,NA,0.00218926298822369,NA,NA,1,"1899-12-31 20:17:00","1899-12-31 20:27:00",NA,"MAC_W_123_82",NA,"ND",NA,NA,NA,NA,NA,NA,"PELLET","River Scheldt","Spotsampling","Wintam","River Scheldt (Upstream)",NA,NA,NA,NA,"SC3",NA,NA,"UNDEFINED","pellets","pellets","undefined plastic",10,NA,NA
"575",32420,32420,"SH_22_01","2022-01-11","River Scheldt (Wintam)","MAC_W_123","Macroplastics (> 5 mm)","Water",41566.5,NA,91,NA,0.00218926298822369,NA,NA,1,"1899-12-31 20:17:00","1899-12-31 20:27:00",NA,"MAC_W_123_83",NA,"ND",NA,NA,NA,NA,NA,NA,"PELLET","River Scheldt","Spotsampling","Wintam","River Scheldt (Upstream)",NA,NA,NA,NA,"SC3",NA,NA,"UNDEFINED","pellets","pellets","undefined plastic",10,NA,NA
"576",32421,32421,"SH_22_01","2022-01-11","River Scheldt (Wintam)","MAC_W_123","Macroplastics (> 5 mm)","Water",41566.5,NA,91,NA,0.00218926298822369,NA,NA,1,"1899-12-31 20:17:00","1899-12-31 20:27:00",NA,"MAC_W_123_84",NA,"ND",NA,NA,NA,NA,NA,NA,"PELLET","River Scheldt","Spotsampling","Wintam","River Scheldt (Upstream)",NA,NA,NA,NA,"SC3",NA,NA,"UNDEFINED","pellets","pellets","undefined plastic",10,NA,NA
"577",32422,32422,"SH_22_01","2022-01-11","River Scheldt (Wintam)","MAC_W_123","Macroplastics (> 5 mm)","Water",41566.5,NA,91,NA,0.00218926298822369,NA,NA,1,"1899-12-31 20:17:00","1899-12-31 20:27:00",NA,"MAC_W_123_85",NA,"ND",NA,NA,NA,NA,NA,NA,"PELLET","River Scheldt","Spotsampling","Wintam","River Scheldt (Upstream)",NA,NA,NA,NA,"SC3",NA,NA,"UNDEFINED","pellets","pellets","undefined plastic",10,NA,NA
"578",32423,32423,"SH_22_01","2022-01-11","River Scheldt (Wintam)","MAC_W_123","Macroplastics (> 5 mm)","Water",41566.5,NA,91,NA,0.00218926298822369,NA,NA,1,"1899-12-31 20:17:00","1899-12-31 20:27:00",NA,"MAC_W_123_86",NA,"ND",NA,NA,NA,NA,NA,NA,"PELLET","River Scheldt","Spotsampling","Wintam","River Scheldt (Upstream)",NA,NA,NA,NA,"SC3",NA,NA,"UNDEFINED","pellets","pellets","undefined plastic",10,NA,NA
"579",32424,32424,"SH_22_01","2022-01-11","River Scheldt (Wintam)","MAC_W_123","Macroplastics (> 5 mm)","Water",41566.5,NA,91,NA,0.00218926298822369,NA,NA,1,"1899-12-31 20:17:00","1899-12-31 20:27:00",NA,"MAC_W_123_87",NA,"ND",NA,NA,NA,NA,NA,NA,"PELLET","River Scheldt","Spotsampling","Wintam","River Scheldt (Upstream)",NA,NA,NA,NA,"SC3",NA,NA,"UNDEFINED","pellets","pellets","undefined plastic",10,NA,NA
"580",32425,32425,"SH_22_01","2022-01-11","River Scheldt (Wintam)","MAC_W_123","Macroplastics (> 5 mm)","Water",41566.5,NA,91,NA,0.00218926298822369,NA,NA,1,"1899-12-31 20:17:00","1899-12-31 20:27:00",NA,"MAC_W_123_88",NA,"ND",NA,NA,NA,NA,NA,NA,"PELLET","River Scheldt","Spotsampling","Wintam","River Scheldt (Upstream)",NA,NA,NA,NA,"SC3",NA,NA,"UNDEFINED","pellets","pellets","undefined plastic",10,NA,NA
"581",32426,32426,"SH_22_01","2022-01-11","River Scheldt (Wintam)","MAC_W_123","Macroplastics (> 5 mm)","Water",41566.5,NA,91,NA,0.00218926298822369,NA,NA,1,"1899-12-31 20:17:00","1899-12-31 20:27:00",NA,"MAC_W_123_89",NA,"ND",NA,NA,NA,NA,NA,NA,"PELLET","River Scheldt","Spotsampling","Wintam","River Scheldt (Upstream)",NA,NA,NA,NA,"SC3",NA,NA,"UNDEFINED","pellets","pellets","undefined plastic",10,NA,NA
"582",32427,32427,"SH_22_01","2022-01-11","River Scheldt (Wintam)","MAC_W_123","Macroplastics (> 5 mm)","Water",41566.5,NA,91,NA,0.00218926298822369,NA,NA,1,"1899-12-31 20:17:00","1899-12-31 20:27:00",NA,"MAC_W_123_9",NA,"Polyethyleen",98.92,28.84,NA,28.84,558,"TRANSP","HARD PLASTIC","River Scheldt","Spotsampling","Wintam","River Scheldt (Upstream)",NA,NA,NA,NA,"SC5","transparent/translucent","COLOURLESS","COLOURLESS","fragments","fragments","polyethylene",10,NA,NA
"583",32428,32428,"SH_22_01","2022-01-11","River Scheldt (Wintam)","MAC_W_123","Macroplastics (> 5 mm)","Water",41566.5,NA,91,NA,0.00218926298822369,NA,NA,1,"1899-12-31 20:17:00","1899-12-31 20:27:00",NA,"MAC_W_123_90",NA,"ND",NA,NA,NA,NA,NA,NA,"PELLET","River Scheldt","Spotsampling","Wintam","River Scheldt (Upstream)",NA,NA,NA,NA,"SC3",NA,NA,"UNDEFINED","pellets","pellets","undefined plastic",10,NA,NA
"584",32429,32429,"SH_22_01","2022-01-11","River Scheldt (Wintam)","MAC_W_123","Macroplastics (> 5 mm)","Water",41566.5,NA,91,NA,0.00218926298822369,NA,NA,1,"1899-12-31 20:17:00","1899-12-31 20:27:00",NA,"MAC_W_123_91",NA,"ND",NA,NA,NA,NA,NA,NA,"PELLET","River Scheldt","Spotsampling","Wintam","River Scheldt (Upstream)",NA,NA,NA,NA,"SC3",NA,NA,"UNDEFINED","pellets","pellets","undefined plastic",10,NA,NA
"585",32430,32430,"SH_21_02","2021-02-03","River Scheldt (Temse)","MAC_W_129","Macroplastics (> 5 mm)","Water",6440,NA,0,0,0,NA,NA,1,"1899-12-31 10:23:00","1899-12-31 10:28:00",NA,NA,NA,NA,NA,NA,NA,NA,NA,NA,NA,"River Scheldt","Spotsampling","Temse","River Scheldt (Upstream)",NA,NA,NA,NA,NA,NA,NA,"UNDEFINED",NA,NA,NA,5,NA,NA
"586",32431,32431,"AW_22_03","2022-05-04","Port of Antwerp (Doeldok)","MAC_W_141","Macroplastics (> 5 mm)","Water",27567,NA,3,NA,0.000108825769942322,NA,NA,1,"1899-12-31 11:46:00","1899-12-31 11:59:00",NA,"MAC_W_141_1",NA,"ND",NA,NA,NA,NA,NA,NA,"PELLET","Port of Antwerp","Spotsampling","Doeldok","Port of Antwerp",NA,NA,NA,NA,"SC3",NA,NA,"UNDEFINED","pellets","pellets","undefined plastic",13,NA,NA
"587",32432,32432,"AW_22_03","2022-05-04","Port of Antwerp (Doeldok)","MAC_W_141","Macroplastics (> 5 mm)","Water",27567,NA,3,NA,0.000108825769942322,NA,NA,1,"1899-12-31 11:46:00","1899-12-31 11:59:00",NA,"MAC_W_141_2",NA,"ND",NA,NA,NA,NA,NA,NA,"PELLET","Port of Antwerp","Spotsampling","Doeldok","Port of Antwerp",NA,NA,NA,NA,"SC3",NA,NA,"UNDEFINED","pellets","pellets","undefined plastic",13,NA,NA
"588",32433,32433,"AW_22_03","2022-05-04","Port of Antwerp (Doeldok)","MAC_W_141","Macroplastics (> 5 mm)","Water",27567,NA,3,NA,0.000108825769942322,NA,NA,1,"1899-12-31 11:46:00","1899-12-31 11:59:00",NA,"MAC_W_141_3",NA,"ND",NA,NA,NA,NA,NA,NA,"PELLET","Port of Antwerp","Spotsampling","Doeldok","Port of Antwerp",NA,NA,NA,NA,"SC3",NA,NA,"UNDEFINED","pellets","pellets","undefined plastic",13,NA,NA
